survey,country,weight,id,econ_sit,children_betteroff,satisfied_democracy,fav_us,fav_china,fav_eu,fav_un,fav_nato,fav_russia,fav_brazil,fav_india,fav_bangladesh,fav_srilanka,fav_pakistan,fav_japan,fav_lula,fav_bolsonaro,fav_netanyahu,fav_lapid,fav_bengvir,fav_gantz,fav_gallant,fav_abbas,fav_smotrich,fav_erdogan,fav_kilicdaroglu,fav_pope,partyfav_argentina_cambiemos,partyfav_argentina_fdt,partyfav_argentina_avanza,partyfav_australia_labor,partyfav_australia_liberal,partyfav_australia_greens,partyfav_australia_onenation,partyfav_bangladesh_bal,partyfav_bangladesh_bnp,partyfav_bangladesh_jp,partyfav_brazil_pl,partyfav_brazil_pt,partyfav_brazil_mdb,partyfav_brazil_republicans,partyfav_brazil_pp,partyfav_canada_lib,partyfav_canada_cons,partyfav_canada_ndp,partyfav_chile_rn,partyfav_chile_udi,partyfav_chile_ps,partyfav_chile_cp,partyfav_chile_rp,partyfav_colombia_clp,partyfav_colombia_ga,partyfav_colombia_dc,partyfav_colombia_rc,partyfav_colombia_ccp,partyfav_france_lesrepublicains,partyfav_france_socialistparty,partyfav_france_frontnational,partyfav_france_enmarche,partyfav_france_insoumise,partyfav_germany_cdu,partyfav_germany_spd,partyfav_germany_afd,partyfav_germany_greens,partyfav_germany_fdp,partyfav_ghana_npp,partyfav_ghana_ndc,partyfav_ghana_ppp,partyfav_ghana_pnc,partyfav_ghana_cpp,partyfav_greece_syriza,partyfav_greece_newdemocracy,partyfav_greece_demcoal,partyfav_greece_solution,partyfav_greece_spartans,partyfav_greece_communist,partyfav_hungary_fidesz,partyfav_hungary_mszp,partyfav_hungary_jobbik,partyfav_hungary_dk,partyfav_india_bjp,partyfav_india_inc,partyfav_indonesia_pdip,partyfav_indonesia_gerindra,partyfav_indonesia_golkar,partyfav_indonesia_demokrat,partyfav_indonesia_pkb,partyfav_israel_likud,partyfav_israel_yeshatid,partyfav_israel_raam,partyfav_israel_unity,partyfav_israel_rz,partyfav_italy_forza,partyfav_italy_demparty,partyfav_italy_5star,partyfav_italy_leganord,partyfav_italy_fdi,partyfav_japan_ldp,partyfav_japan_cdp,partyfav_japan_komeito,partyfav_japan_ishin,partyfav_kenya_jubilee,partyfav_kenya_uda,partyfav_kenya_odm,partyfav_malaysia_ph,partyfav_malaysia_bn,partyfav_malaysia_pas,partyfav_malaysia_pn,partyfav_mexico_pan,partyfav_mexico_pri,partyfav_mexico_morena,partyfav_mexico_prd,partyfav_mexico_mc,partyfav_netherlands_vvd,partyfav_netherlands_labour,partyfav_netherlands_pvv,partyfav_netherlands_nsc,partyfav_netherlands_dem66,partyfav_nigeria_apc,partyfav_nigeria_pdp,partyfav_nigeria_apga,partyfav_nigeria_lp,partyfav_peru_pf,partyfav_peru_ap,partyfav_peru_fp,partyfav_peru_juntos,partyfav_philippines_liberal,partyfav_philippines_npc,partyfav_philippines_pdplaban,partyfav_philippines_nacionalista,partyfav_philippines_laka,partyfav_poland_pis,partyfav_poland_po,partyfav_poland_sld,partyfav_singapore_pap,partyfav_singapore_wp,partyfav_safrica_anc,partyfav_safrica_da,partyfav_safrica_eff,partyfav_spain_pp,partyfav_spain_psoe,partyfav_spain_podemos,partyfav_spain_vox,partyfav_srilanka_slfp,partyfav_srilanka_sjb,partyfav_srilanka_unp,partyfav_srilanka_puf,partyfav_srilanka_slpp,partyfav_srilanka_jvp,partyfav_sweden_sap,partyfav_sweden_moderateparty,partyfav_sweden_swedendems,partyfav_thailand_pp,partyfav_thailand_ptp,partyfav_thailand_dp,partyfav_thailand_mfp,partyfav_turkey_akp,partyfav_turkey_chp,partyfav_turkey_mhp,partyfav_turkey_iyi,partyfav_turkey_ysp,partyfav_uk_conservative,partyfav_uk_labour,partyfav_uk_libdems,partyfav_uk_brexit,fav_mazen,fav_barghouti,confid_biden,confid_biden_dk,confid_trump,confid_trump_dk,confid_xi,confid_xi_dk,confid_putin,confid_putin_dk,confid_macron,confid_macron_dk,confid_zelenskyy,confid_zelenskyy_dk,confid_lula,uspres_econ,uspres_climate,uspres_china,uspres_rusukr,uspres_isrhamas,prob_rich_poor,prob_gen_unequal,prob_racediscrim,prob_reldiscrim,prob_misinformation,press_freedom,free_speech,internet_freedom,free_press,free_say,free_internet,inequality_merit,inequality_opp,inequality_discrim,inequality_automation,inequality_edu,inequality_rich,econsys_reform,trust_people,trust_gss,religion_combined,religion_christian,religion_none,religion_israel_jewish,christdenom_pent,prot_church,religion_switch,religion_switch_jewish,religion_import,attend,pray_freq,pray_salah,god,aftdth,spirenergy_nature,spirenergy_objects,spirenergy_animals,believe_spells,believe_spirits,believe_reinc,practice_fast,practice_wear,practice_future,practice_candles,spirworld,relimpact_society,relimpact_tolerance,relimpact_superstition,nationality_relig1,nationality_relig2,nationality_born,nationality_custom,nationality_lang,nationality_tamil,leaderrel_shared,leaderrel_strong,leaderrel_stands,reltextinfl,relconf,reltextinfl2,relconf2,rellawinftoday,rellawinftoday2,f2flaw_muslim,f2flaw_jew,relten,pope_change,cchurch_priestsmarry,cchurch_priestswomen,cchurch_birthcontrol,cchurch_ssm,cchurch_communion,usdemocracy_example,brderjob,brderjob_mex,china_influ_econ,china_influ_econ2,china_influ_econ2_aus,cco_economy,cco_workers,cco_environment,china_worldstability,india_worldstability,japan_worldstability,aus_worldstability,us_worldstability,china_disputes,china_disputes_aus,growinflu_brazil,powerful_brazil,bestage_marry,bestage_marry_aus,bestage_child,bestage_child_aus,bestage_house,bestage_house_aus,bestage_retire,bestage_retire_aus,child_gay,child_marryrace,child_marryreligion,child_move,child_police,child_teacher,value_law,value_work,value_elders,value_refugees,value_tol,value_equality,value_gender,eval_law,eval_work,eval_elders,eval_refugees,eval_tol,eval_equality,eval_gender,diversity_country4,diversity_country3,conflict_parties,conflict_urbanity,conflict_ethnic,conflict_religion,polsys_directdemocracy,polsys_republic,polsys_autocracy,polsys_technocracy,polsys_junta,influ_mil,influ_news,influ_courts,influ_courts_isr,influ_relleaders,influ_police,influ_companies,influ_banks,influ_social,lula_democracy,trust_gov,future_polsys,future_security,future_relpeace,future_peace,respect_important,respect_current,isgz_respns,isrhamas_success,govern_gaza,roleconf_us,roleconf_qatar,roleconf_eu,roleconf_un,roleconf_sa,roleconf_egypt,roleconf_tunisia,biden_favorisrpal,jewish_settlements,isr_pal_coexist,isr_pal_coexist2,isgz_big,isgz_rslv,isgz_violence_jew,isgz_violence_arab,conflict_secular,conflict_ethnic_isr,conflict_ideo,antisemitism_common,antisemitism_change,islamophobia_common,islamophobia_change,fair_past_election,earthquake_prep,turkey_eu_member,nato_security,ukr_support,tol_practicing_muslim,tol_practicing_jew,tol_practicing_christian,tol_nonpracticing_muslim,tol_nonpracticing_jew,tol_nonpracticing_christian,tol_muslim,tol_jew,tol_christian,ssdo_priorities,ssdo_push,ssdo_ideal,ssdo_dominate,gender,gender_australia,age,d_age_argentina,d_age_australia,d_age_bangladesh,d_age_brazil,d_age_canada,d_age_chile,d_age_colombia,d_age_france,d_age_germany,d_age_ghana,d_age_greece,d_age_hungary,d_age_india,d_age_indonesia,d_age_israel,d_age_italy,d_age_japan,d_age_kenya,d_age_malaysia,d_age_mexico,d_age_netherlands,d_age_nigeria,d_age_peru,d_age_philippines,d_age_poland,d_age_safrica,d_age_singapore,d_age_skorea,d_age_spain,d_age_srilanka,d_age_sweden,d_age_thailand,d_age_tunisia,d_age_turkey,d_age_uk,d_educ_argentina,d_educ_australia,d_educ_bangladesh,d_educ_brazil,d_educ_canada,d_educ_chile,d_educ_colombia,d_educ_france,d_educ_germany,d_educ_germany_vocational,d_educ_ghana,d_educ_greece,d_educ_hungary,d_educ_india,d_educ_indonesia,d_educ_israel,d_educ_israel_years,d_educ_israel_vocational,d_educ_italy,d_educ_japan,d_educ_kenya,d_educ_malaysia,d_educ_mexico,d_educ_netherlands,d_educ_nigeria,d_educ_peru,d_educ_philippines,d_educ_poland,d_educ_singapore,d_educ_safrica,d_educ_skorea,d_educ_spain,d_educ_srilanka,d_educ_sweden,d_educ_thailand,d_educ_tunisia,d_educ_turkey,d_educ_uk,d_class,d_income_argentina,d_income2_argentina,d_income_bangladesh,d_income2_bangladesh,d_income_brazil,d_income2_brazil,d_income_canada,d_income2_canada,d_income_chile,d_income2_chile,d_income_colombia,d_income2_colombia,d_income_france,d_income2_france,d_income_germany,d_income2_germany,d_income_ghana,d_income2_ghana,d_income_greece,d_income2_greece,d_income_hungary,d_income2_hungary,d_income_india,d_income2_india,d_income_indonesia,d_income2_indonesia,d_income_israel,d_income2_israel,d_income_italy,d_income2_italy,d_income_japan,d_income2_japan,d_income_kenya,d_income2_kenya,d_income_malaysia,d_income2_malaysia,d_income_mexico,d_income2_mexico,d_income_netherlands,d_income2_netherlands,d_income_nigeria,d_income2_nigeria,d_income_peru,d_income2_peru,d_income_philippines,d_income2_philippines,d_income_poland,d_income2_poland,d_income_singapore,d_income2_singapore,d_income_safrica,d_income2_safrica,d_income_skorea,d_income2_skorea,d_income_spain,d_income2_spain,d_income_srilanka,d_income2_srilanka,d_income_sweden,d_income2_sweden,d_income_thailand,d_income2_thailand,d_income_tunisia,d_income2_tunisia,d_income_turkey,d_income2_turkey,d_income_uk_cat,d_income_uk_year,d_income_uk_month,d_income_uk_week,d_income2_uk,d_ethnicity_brazil,d_ethnicity_israel,d_ethnicity_safrica,d_identity_singapore,hhpeople,adults,d_ptyid_proximity_argentina,d_ptyid_proximity_australia,d_ptyid_proximity_bangladesh,d_ptyid_proximity_brazil,d_ptyid_proximity_canada,d_ptyid_proximity_chile,d_ptyid_proximity_colombia,d_ptyid_proximity_france,d_ptyid_proximity_germany,d_ptyid_proximity_ghana,d_ptyid_proximity_greece,d_ptyid_proximity_hungary,d_ptyid_proximity_india,d_ptyid_proximity_indonesia,d_ptyid_proximity_israel,d_ptyid_proximity_italy,d_ptyid_proximity_japan,d_ptyid_proximity_kenya,d_ptyid_proximity_malaysia,d_ptyid_proximity_mexico,d_ptyid_proximity_netherlands,d_ptyid_proximity_nigeria,d_ptyid_proximity_peru,d_ptyid_proximity_philippines,d_ptyid_proximity_poland,d_ptyid_proximity_singapore,d_ptyid_proximity_safrica,d_ptyid_proximity_spain,d_ptyid_proximity_srilanka,d_ptyid_proximity_sweden,d_ptyid_proximity_thailand,d_ptyid_proximity_turkey,d_ptyid_proximity_uk,d_ptyid_proximity_lean,d_ptylean_argentina,d_ptylean_australia,d_ptylean_bangladesh,d_ptylean_brazil,d_ptylean_canada,d_ptylean_chile,d_ptylean_colombia,d_ptylean_france,d_ptylean_germany,d_ptylean_ghana,d_ptylean_greece,d_ptylean_hungary,d_ptylean_india,d_ptylean_indonesia,d_ptylean_israel,d_ptylean_italy,d_ptylean_japan,d_ptylean_kenya,d_ptylean_malaysia,d_ptylean_mexico,d_ptylean_netherlands,d_ptylean_nigeria,d_ptylean_peru,d_ptylean_philippines,d_ptylean_poland,d_ptylean_singapore,d_ptylean_safrica,d_ptylean_spain,d_ptylean_srilanka,d_ptylean_sweden,d_ptylean_thailand,d_ptylean_turkey,d_ptylean_uk,political_scale2,political_scale3,political_scale_aus,home_phone,working_cell,social_net,post_issues,post_conflict,censor_graphic,censor_critic,censor_civilian,censor_violence,censor_hamas,region_canada,region_france,region_germany,region_greece,region_hungary,region_italy,region_netherlands,region_poland,region_spain,region_sweden,region_uk,region_australia,region_bangladesh,region_india,region_indonesia,region_japan,region_malaysia,region_philippines,region_singapore,region_skorea,region_srilanka,region_thailand,region_israel,reg_eth_israel,region_tunisia,region_turkey,region_ghana,region_kenya,region_nigeria,region_safrica,region_argentina,region_brazil,region_chile,region_colombia,region_mexico,region_peru,urbanicity,popsize_chile,qdate_s,qdate_e,phone_sample
1202401,2,1.55526702997833,8000022,4,2,2,1,3,2,3,1,4, , , , , , , , , , , , , , , , , , , , , , , , , , , , , , , , , ,4,2,4, , , , , , , , , , , , , , , , , , , , , , , , , , , , , , , , , , , , , , , , , , , , , , , , , , , , , , , , , , , , , , , , , , , , , , , , , , , , , , , , , , , , , , , , , , , , , , , , , , , , , , , , , , , , , , , , , , , , , , , , , , ,3, ,3, ,4, ,4, ,3, ,3, , ,3,2,2,2,2,1,3,3,3,2,1,1,2,2,3,2,2,1,3,2,2,2,3, , ,99,99,99, , , ,2, ,2,6,5, ,1,1,2,2,2,2,2,2,2,2,2,2,1,1,1,2,2, , , , , ,2,2,2,2,1, , ,3, , , , , , , , , , ,2, , ,2,2, , , , , , , , , , , , , , , , , , , , , , , , , , , , , , , , , , , , , , , , , , , , , , , , , , , , , , , , , , , , , , , , , , , , , , , , , , , , , , , , , , , , , , , , , , , , , , , , , , , , , , , , , , , , , , , , ,1, ,48, , , , , , , , , , , , , , , , , , , , , , , , , , , , , , , , , , , , , , , ,6, , , , , , , , , , , , , , , , , , , , , , , , , , , , , , , , , ,4, , , , , , ,99,1, , , , , , , , , , , , , , , , , , , , , , , , , , , , , , , , , , , , , , , , , , , , , , , , , , , , , , , , , , , , , , , , , , , ,3,2, , , , ,2, , , , , , , , , , , , , , , , , , , , , , , , , , , , , , , , , , , , , , , , , , , , , , , , , , , , , , , , , , , , , , ,4, , , ,2, , , , , , , , ,9, , , , , , , , , , , , , , , , , , , , , , , , , , , , , , , , , , , , , ,4/17/2024,4/17/2024,1
1202401,2,1.20206887319833,8000093,3,2,8,3,3,2,2,2,3, , , , , , , , , , , , , , , , , , , , , , , , , , , , , , , , , ,8,8,8, , , , , , , , , , , , , , , , , , , , , , , , , , , , , , , , , , , , , , , , , , , , , , , , , , , , , , , , , , , , , , , , , , , , , , , , , , , , , , , , , , , , , , , , , , , , , , , , , , , , , , , , , , , , , , , , , , , , , , , , , , ,4, ,4, ,4, ,4, ,3, ,2, , ,3,3,2,3,8,1,2,1,1,1,1,1,1,2,2,2,2,2,8,2,2,1,3, , ,7,99,3, , , ,1, ,4,6,7, ,2,3,2,2,2,2,2,2,2,1,2,2,2,9,8,1,4, , , , , ,4,4,4,4, , , ,2, , , , , , , , , , ,2, , ,1,1, , , , , , , , , , , , , , , , , , , , , , , , , , , , , , , , , , , , , , , , , , , , , , , , , , , , , , , , , , , , , , , , , , , , , , , , , , , , , , , , , , , , , , , , , , , , , , , , , , , , , , , , , , , , , , , , ,1, ,18, , , , , , , , , , , , , , , , , , , , , , , , , , , , , , , , , , , , , , , ,6, , , , , , , , , , , , , , , , , , , , , , , , , , , , , , , , , ,2, , , , , , ,99,2, , , , , , , , , , , , , , , , , , , , , , , , , , , , , , , , , , , , , , , , , , , , , , , , , , , , , , , , , , , , , , , , , , , ,4,4, , , , ,99, , , , , , , , , , , , , , , , , , , , , , , , , , , , ,2, , , , , , , , , , , , , , , , , , , , , , , , , , , , , , , , , ,9, , , ,1, , , , , , , , ,3, , , , , , , , , , , , , , , , , , , , , , , , , , , , , , , , , , , , , ,4/21/2024,4/21/2024,1
1202401,2,.845797364400903,8000219,3,1,2,3,3,8,2,2,3, , , , , , , , , , , , , , , , , , , , , , , , , , , , , , , , , ,2,3,2, , , , , , , , , , , , , , , , , , , , , , , , , , , , , , , , , , , , , , , , , , , , , , , , , , , , , , , , , , , , , , , , , , , , , , , , , , , , , , , , , , , , , , , , , , , , , , , , , , , , , , , , , , , , , , , , , , , , , , , , , , ,2, ,4, ,4, ,3, ,2, ,2, , ,8,2,2,2,2,1,3,3,1,3,1,1,1,2,1,1,1,1,1,1,1,1,2, , ,1,1,99, , , ,2, ,2,5,1, ,1,1,1,1,1,2,2,1,1,1,2,1,2,1,2,2,1, , , , , ,4,4,1,2,2, , ,3, , , , , , , , , , ,1, , ,2,2, , , , , , , , , , , , , , , , , , , , , , , , , , , , , , , , , , , , , , , , , , , , , , , , , , , , , , , , , , , , , , , , , , , , , , , , , , , , , , , , , , , , , , , , , , , , , , , , , , , , , , , , , , , , , , , , ,2, ,63, , , , , , , , , , , , , , , , , , , , , , , , , , , , , , , , , , , , , , , ,6, , , , , , , , , , , , , , , , , , , , , , , , , , , , , , , , , ,2, , , , , , ,4, , , , , , , , , , , , , , , , , , , , , , , , , , , , , , , , , , , , , , , , , , , , , , , , , , , , , , , , , , , , , , , , , , , , ,1, , , , , ,97, , , , , , , , , , , , , , , , , , , , , , , , , , , , ,2, , , , , , , , , , , , , , , , , , , , , , , , , , , , , , , , , ,6, , , ,1, , , , , , , , ,7, , , , , , , , , , , , , , , , , , , , , , , , , , , , , , , , , , , , , ,1/29/2024,1/29/2024,1
1202401,2,1.70691210123152,8000317,3,2,2,2,3,2,3,2,4, , , , , , , , , , , , , , , , , , , , , , , , , , , , , , , , , ,2,3,2, , , , , , , , , , , , , , , , , , , , , , , , , , , , , , , , , , , , , , , , , , , , , , , , , , , , , , , , , , , , , , , , , , , , , , , , , , , , , , , , , , , , , , , , , , , , , , , , , , , , , , , , , , , , , , , , , , , , , , , , , , ,2, ,4, ,3, ,4, ,3, ,3, , ,3,2,2,2,2,1,2,2,2,2,1,1,1,2,1,2,2,3,3,2,2,2,2, , ,1,2,99, , , ,2, ,2,4,5, ,1,2,2,1,1,1,2,1,2,1,1,1,1,1,1,2,3, , , , , ,3,2,3,3, , , ,3, , , , , , , , , , ,2, , ,3,1, , , , , , , , , , , , , , , , , , , , , , , , , , , , , , , , , , , , , , , , , , , , , , , , , , , , , , , , , , , , , , , , , , , , , , , , , , , , , , , , , , , , , , , , , , , , , , , , , , , , , , , , , , , , , , , , ,2, ,56, , , , , , , , , , , , , , , , , , , , , , , , , , , , , , , , , , , , , , , ,9, , , , , , , , , , , , , , , , , , , , , , , , , , , , , , , , , ,3, , , , , , ,9, , , , , , , , , , , , , , , , , , , , , , , , , , , , , , , , , , , , , , , , , , , , , , , , , , , , , , , , , , , , , , , , , , , , ,2,2, , , , ,1, , , , , , , , , , , , , , , , , , , , , , , , , , , , , , , , , , , , , , , , , , , , , , , , , , , , , , , , , , , , , , ,3, , , ,1, , , , , , , , ,9, , , , , , , , , , , , , , , , , , , , , , , , , , , , , , , , , , , , , ,1/31/2024,1/31/2024,1
1202401,2,1.25606729680592,8000358,2,2,2,4,2,8,2,2,4, , , , , , , , , , , , , , , , , , , , , , , , , , , , , , , , , ,3,3,2, , , , , , , , , , , , , , , , , , , , , , , , , , , , , , , , , , , , , , , , , , , , , , , , , , , , , , , , , , , , , , , , , , , , , , , , , , , , , , , , , , , , , , , , , , , , , , , , , , , , , , , , , , , , , , , , , , , , , , , , , , ,2, ,4, ,3, ,4, ,2, ,1, , ,3,3,3,2,3,2,1,2,1,2,2,2,3,1,2,2,1,2,2,2,1,1,3, , ,1,2,99, , , ,2, ,2,5,6, ,1,1,1,2,1,2,1,2,2,2,2,2,1,1,1,2,2, , , , , ,3,2,2,4, , , ,3, , , , , , , , , , ,2, , ,2,2, , , , , , , , , , , , , , , , , , , , , , , , , , , , , , , , , , , , , , , , , , , , , , , , , , , , , , , , , , , , , , , , , , , , , , , , , , , , , , , , , , , , , , , , , , , , , , , , , , , , , , , , , , , , , , , , ,2, ,72, , , , , , , , , , , , , , , , , , , , , , , , , , , , , , , , , , , , , , , ,6, , , , , , , , , , , , , , , , , , , , , , , , , , , , , , , , , ,3, , , , , , ,4, , , , , , , , , , , , , , , , , , , , , , , , , , , , , , , , , , , , , , , , , , , , , , , , , , , , , , , , , , , , , , , , , , , , ,2,2, , , , ,99, , , , , , , , , , , , , , , , , , , , , , , , , , , , ,2, , , , , , , , , , , , , , , , , , , , , , , , , , , , , , , , , ,3, , , ,1, , , , , , , , ,4, , , , , , , , , , , , , , , , , , , , , , , , , , , , , , , , , , , , , ,2/10/2024,2/10/2024,1
1202401,2,.442532838045043,8000362,8,1,2,2,4,1,1,1,4, , , , , , , , , , , , , , , , , , , , , , , , , , , , , , , , , ,3,4,2, , , , , , , , , , , , , , , , , , , , , , , , , , , , , , , , , , , , , , , , , , , , , , , , , , , , , , , , , , , , , , , , , , , , , , , , , , , , , , , , , , , , , , , , , , , , , , , , , , , , , , , , , , , , , , , , , , , , , , , , , , ,1, ,4, ,4, ,4, ,1, ,1, , ,1,2,1,1,4,1,1,1,2,2,1,2,1,1,2,1,2,1,4,2,1,2,2, , ,1,1,99, , , ,2, ,3,5,6, ,1,2,2,2,2,2,1,2,2,2,2,2,1,2,1,2,4, , , , , ,4,3,2,4, , , ,3, , , , , , , , , , ,2, , ,2,2, , , , , , , , , , , , , , , , , , , , , , , , , , , , , , , , , , , , , , , , , , , , , , , , , , , , , , , , , , , , , , , , , , , , , , , , , , , , , , , , , , , , , , , , , , , , , , , , , , , , , , , , , , , , , , , , ,1, ,73, , , , , , , , , , , , , , , , , , , , , , , , , , , , , , , , , , , , , , , ,9, , , , , , , , , , , , , , , , , , , , , , , , , , , , , , , , , ,3, , , , , , ,5, , , , , , , , , , , , , , , , , , , , , , , , , , , , , , , , , , , , , , , , , , , , , , , , , , , , , , , , , , , , , , , , , , , , ,1, , , , , ,4, , , , , , , , , , , , , , , , , , , , , , , , , , , , , , , , , , , , , , , , , , , , , , , , , , , , , , , , , , , , , , ,3, , ,1, , , , , , , , , ,3, , , , , , , , , , , , , , , , , , , , , , , , , , , , , , , , , , , , , ,4/18/2024,4/18/2024,1
1202401,2,.321626716265059,8000445,3,2,3,2,4,2,2,2,4, , , , , , , , , , , , , , , , , , , , , , , , , , , , , , , , , ,3,4,2, , , , , , , , , , , , , , , , , , , , , , , , , , , , , , , , , , , , , , , , , , , , , , , , , , , , , , , , , , , , , , , , , , , , , , , , , , , , , , , , , , , , , , , , , , , , , , , , , , , , , , , , , , , , , , , , , , , , , , , , , , ,2, ,4, ,4, ,4, ,2, ,1, , ,2,8,8,2,8,1,1,1,1,2,1,1,2,2,1,1,8,2,1,1,2,1,3, , ,1,99,99, , , ,1, ,1,2,1, ,1,1,2,1,8,2,2,1,1,1,2,2,1,1,1,2,1, , , , , ,3,4,3,2,8, , ,2, , , , , , , , , , ,2, , ,1,2, , , , , , , , , , , , , , , , , , , , , , , , , , , , , , , , , , , , , , , , , , , , , , , , , , , , , , , , , , , , , , , , , , , , , , , , , , , , , , , , , , , , , , , , , , , , , , , , , , , , , , , , , , , , , , , , ,2, ,86, , , , , , , , , , , , , , , , , , , , , , , , , , , , , , , , , , , , , , , ,11, , , , , , , , , , , , , , , , , , , , , , , , , , , , , , , , , ,3, , , , , , ,99,9, , , , , , , , , , , , , , , , , , , , , , , , , , , , , , , , , , , , , , , , , , , , , , , , , , , , , , , , , , , , , , , , , , , ,1, , , , , ,3, , , , , , , , , , , , , , , , , , , , , , , , , , , , , , , , , , , , , , , , , , , , , , , , , , , , , , , , , , , , , , ,9, , , ,2, , , , , , , , ,1, , , , , , , , , , , , , , , , , , , , , , , , , , , , , , , , , , , , , ,4/18/2024,4/18/2024,1
1202401,2,.345836412158108,8000471,4,2,3,4,4,2,2,2,4, , , , , , , , , , , , , , , , , , , , , , , , , , , , , , , , , ,4,4,2, , , , , , , , , , , , , , , , , , , , , , , , , , , , , , , , , , , , , , , , , , , , , , , , , , , , , , , , , , , , , , , , , , , , , , , , , , , , , , , , , , , , , , , , , , , , , , , , , , , , , , , , , , , , , , , , , , , , , , , , , , ,3, ,4, ,4, ,4, ,3, ,1, , ,3,8,3,2,2,1,1,1,1,1,1,3,2,1,1,1,4,1,1,1,1,1,3, , ,7,99,2, , , ,1, ,4,7,7, ,2,4,2,2,2,2,2,2,2,2,2,2,2,2,2,1,4, , , , , ,4,4,2,4, , , ,3, , , , , , , , , , ,2, , ,1,2, , , , , , , , , , , , , , , , , , , , , , , , , , , , , , , , , , , , , , , , , , , , , , , , , , , , , , , , , , , , , , , , , , , , , , , , , , , , , , , , , , , , , , , , , , , , , , , , , , , , , , , , , , , , , , , , ,2, ,71, , , , , , , , , , , , , , , , , , , , , , , , , , , , , , , , , , , , , , , ,10, , , , , , , , , , , , , , , , , , , , , , , , , , , , , , , , , ,3, , , , , , ,3, , , , , , , , , , , , , , , , , , , , , , , , , , , , , , , , , , , , , , , , , , , , , , , , , , , , , , , , , , , , , , , , , , , , ,1, , , , , ,3, , , , , , , , , , , , , , , , , , , , , , , , , , , , , , , , , , , , , , , , , , , , , , , , , , , , , , , , , , , , , , ,3, , , ,1, , , , , , , , ,6, , , , , , , , , , , , , , , , , , , , , , , , , , , , , , , , , , , , , ,2/5/2024,2/5/2024,1
1202401,2,.614671567809569,8000712,4,2,4,1,3,3,8,3,2, , , , , , , , , , , , , , , , , , , , , , , , , , , , , , , , , ,4,2,4, , , , , , , , , , , , , , , , , , , , , , , , , , , , , , , , , , , , , , , , , , , , , , , , , , , , , , , , , , , , , , , , , , , , , , , , , , , , , , , , , , , , , , , , , , , , , , , , , , , , , , , , , , , , , , , , , , , , , , , , , , ,4, ,1, ,4, ,3, ,3, ,4, , ,4,4,4,4,4,2,4,2,3,2,1,1,1,2,3,2,3,4,4,3,2,4,1, , ,99,99,99, , , ,1, ,2,6,5, ,1,8,1,2,1,2,1,1,2,2,2,1,1,1,1,1,2, , , , , ,4,4,4,3, , , ,8, , , , , , , , , , ,2, , ,1,2, , , , , , , , , , , , , , , , , , , , , , , , , , , , , , , , , , , , , , , , , , , , , , , , , , , , , , , , , , , , , , , , , , , , , , , , , , , , , , , , , , , , , , , , , , , , , , , , , , , , , , , , , , , , , , , , ,1, ,26, , , , , , , , , , , , , , , , , , , , , , , , , , , , , , , , , , , , , , , ,7, , , , , , , , , , , , , , , , , , , , , , , , , , , , , , , , , ,8, , , , , , ,6, , , , , , , , , , , , , , , , , , , , , , , , , , , , , , , , , , , , , , , , , , , , , , , , , , , , , , , , , , , , , , , , , , , , ,1, , , , , ,2, , , , , , , , , , , , , , , , , , , , , , , , , , , , , , , , , , , , , , , , , , , , , , , , , , , , , , , , , , , , , , ,3, , ,2, , , , , , , , , ,3, , , , , , , , , , , , , , , , , , , , , , , , , , , , , , , , , , , , , ,4/20/2024,4/20/2024,1
1202401,2,1.17887938954339,8000790,3,2,3,3,3,8,2,8,4, , , , , , , , , , , , , , , , , , , , , , , , , , , , , , , , , ,4,2,3, , , , , , , , , , , , , , , , , , , , , , , , , , , , , , , , , , , , , , , , , , , , , , , , , , , , , , , , , , , , , , , , , , , , , , , , , , , , , , , , , , , , , , , , , , , , , , , , , , , , , , , , , , , , , , , , , , , , , , , , , , ,2, ,4, ,4, ,4, ,2, ,2, , ,2,2,2,2,2,2,3,4,4,3,1,1,1,1,1,1,1,2,3,3,1,2,2, , ,1,1,99, , , ,2, ,1,5,2, ,1,1,2,1,1,1,1,1,2,1,2,2,1,1,1,1,4, , , , , ,3,3,2,2,2, , ,3, , , , , , , , , , ,2, , ,1,2, , , , , , , , , , , , , , , , , , , , , , , , , , , , , , , , , , , , , , , , , , , , , , , , , , , , , , , , , , , , , , , , , , , , , , , , , , , , , , , , , , , , , , , , , , , , , , , , , , , , , , , , , , , , , , , , ,2, ,62, , , , , , , , , , , , , , , , , , , , , , , , , , , , , , , , , , , , , , , ,9, , , , , , , , , , , , , , , , , , , , , , , , , , , , , , , , , ,3, , , , , , ,99,9, , , , , , , , , , , , , , , , , , , , , , , , , , , , , , , , , , , , , , , , , , , , , , , , , , , , , , , , , , , , , , , , , , , ,2,2, , , , ,2, , , , , , , , , , , , , , , , , , , , , , , , , , , , , , , , , , , , , , , , , , , , , , , , , , , , , , , , , , , , , , ,3, , , ,1, , , , , , , , ,1, , , , , , , , , , , , , , , , , , , , , , , , , , , , , , , , , , , , , ,2/5/2024,2/5/2024,1
1202401,2,.258625757265398,8000821,2,8,2,2,4,2,2,2,4, , , , , , , , , , , , , , , , , , , , , , , , , , , , , , , , , ,3,3,3, , , , , , , , , , , , , , , , , , , , , , , , , , , , , , , , , , , , , , , , , , , , , , , , , , , , , , , , , , , , , , , , , , , , , , , , , , , , , , , , , , , , , , , , , , , , , , , , , , , , , , , , , , , , , , , , , , , , , , , , , , ,3, ,4, ,3, ,4, ,2, ,2, , ,3,3,4,3,4,1,1,1,1,2,2,2,2,1,1,1,2,2,2,1,2,1,3, , ,1,1,99, , , ,2, ,4,7,7, ,2,3,2,2,2,1,2,2,2,2,2,2,8,2,2,1,4, , , , , ,4,4,4,4, , , ,4, , , , , , , , , , ,1, , ,3,2, , , , , , , , , , , , , , , , , , , , , , , , , , , , , , , , , , , , , , , , , , , , , , , , , , , , , , , , , , , , , , , , , , , , , , , , , , , , , , , , , , , , , , , , , , , , , , , , , , , , , , , , , , , , , , , , ,1, ,87, , , , , , , , , , , , , , , , , , , , , , , , , , , , , , , , , , , , , , , ,10, , , , , , , , , , , , , , , , , , , , , , , , , , , , , , , , , ,2, , , , , , ,3, , , , , , , , , , , , , , , , , , , , , , , , , , , , , , , , , , , , , , , , , , , , , , , , , , , , , , , , , , , , , , , , , , , , ,1, , , , , ,4, , , , , , , , , , , , , , , , , , , , , , , , , , , , , , , , , , , , , , , , , , , , , , , , , , , , , , , , , , , , , , ,4, , , ,1, , , , , , , , ,3, , , , , , , , , , , , , , , , , , , , , , , , , , , , , , , , , , , , , ,2/17/2024,2/17/2024,1
1202401,2,.85207807730544,8000839,3,2,2,4,3,1,2,2,4, , , , , , , , , , , , , , , , , , , , , , , , , , , , , , , , , ,2,3,3, , , , , , , , , , , , , , , , , , , , , , , , , , , , , , , , , , , , , , , , , , , , , , , , , , , , , , , , , , , , , , , , , , , , , , , , , , , , , , , , , , , , , , , , , , , , , , , , , , , , , , , , , , , , , , , , , , , , , , , , , , ,4, ,4, ,4, ,4, ,3, ,2, , ,3,3,3,2,2,2,2,3,3,1,2,2,2,2,2,1,2,1,1,1,2,1,2, , ,99,99,99, , , ,1, ,1,7,7, ,1,4,1,1,1,1,1,1,2,1,1,1,1,2,2,1,4, , , , , ,3,1,1,3, , , ,4, , , , , , , , , , ,2, , ,1,2, , , , , , , , , , , , , , , , , , , , , , , , , , , , , , , , , , , , , , , , , , , , , , , , , , , , , , , , , , , , , , , , , , , , , , , , , , , , , , , , , , , , , , , , , , , , , , , , , , , , , , , , , , , , , , , , ,2, ,70, , , , , , , , , , , , , , , , , , , , , , , , , , , , , , , , , , , , , , , ,8, , , , , , , , , , , , , , , , , , , , , , , , , , , , , , , , , ,4, , , , , , ,1, , , , , , , , , , , , , , , , , , , , , , , , , , , , , , , , , , , , , , , , , , , , , , , , , , , , , , , , , , , , , , , , , , , , ,1, , , , , ,1, , , , , , , , , , , , , , , , , , , , , , , , , , , , , , , , , , , , , , , , , , , , , , , , , , , , , , , , , , , , , , ,3, , ,2, , , , , , , , , ,3, , , , , , , , , , , , , , , , , , , , , , , , , , , , , , , , , , , , , ,1/27/2024,1/27/2024,1
1202401,2,1.40625644215247,8001290,4,2,4,3,4,1,2,2,4, , , , , , , , , , , , , , , , , , , , , , , , , , , , , , , , , ,4,1,4, , , , , , , , , , , , , , , , , , , , , , , , , , , , , , , , , , , , , , , , , , , , , , , , , , , , , , , , , , , , , , , , , , , , , , , , , , , , , , , , , , , , , , , , , , , , , , , , , , , , , , , , , , , , , , , , , , , , , , , , , , ,4, ,4, ,4, ,4, ,2, ,1, , ,3,3,2,3,3,2,4,4,3,1,1,1,1,2,2,1,1,3,3,1,2,1,2, , ,1,2,99, , , ,2, ,1,5,1, ,1,1,1,2,1,2,1,1,1,1,2,1,1,2,1,2,2, , , , , ,2,1,2,3, , , ,3, , , , , , , , , , ,2, , ,1,2, , , , , , , , , , , , , , , , , , , , , , , , , , , , , , , , , , , , , , , , , , , , , , , , , , , , , , , , , , , , , , , , , , , , , , , , , , , , , , , , , , , , , , , , , , , , , , , , , , , , , , , , , , , , , , , , ,2, ,62, , , , , , , , , , , , , , , , , , , , , , , , , , , , , , , , , , , , , , , ,9, , , , , , , , , , , , , , , , , , , , , , , , , , , , , , , , , ,2, , , , , , ,10, , , , , , , , , , , , , , , , , , , , , , , , , , , , , , , , , , , , , , , , , , , , , , , , , , , , , , , , , , , , , , , , , , , , ,3,3, , , , ,2, , , , , , , , , , , , , , , , , , , , , , , , , , , , , , , , , , , , , , , , , , , , , , , , , , , , , , , , , , , , , , ,5, , , ,1, , , , , , , , ,1, , , , , , , , , , , , , , , , , , , , , , , , , , , , , , , , , , , , , ,1/25/2024,1/25/2024,1
1202401,2,.468782638738366,8001564,2,1,1,3,3,2,1,1,4, , , , , , , , , , , , , , , , , , , , , , , , , , , , , , , , , ,1,3,2, , , , , , , , , , , , , , , , , , , , , , , , , , , , , , , , , , , , , , , , , , , , , , , , , , , , , , , , , , , , , , , , , , , , , , , , , , , , , , , , , , , , , , , , , , , , , , , , , , , , , , , , , , , , , , , , , , , , , , , , , , ,1, ,4, ,4, ,4, ,2, ,1, , ,1,2,2,1,1,1,3,2,3,2,4,2,4,1,1,1,1,4,2,1,4,1,4, , ,1,1,99, , , ,2, ,2,4,2, ,1,1,2,2,2,2,2,1,2,1,2,2,1,1,1,2,4, , , , , ,4,4,4,4, , , ,4, , , , , , , , , , ,2, , ,1,2, , , , , , , , , , , , , , , , , , , , , , , , , , , , , , , , , , , , , , , , , , , , , , , , , , , , , , , , , , , , , , , , , , , , , , , , , , , , , , , , , , , , , , , , , , , , , , , , , , , , , , , , , , , , , , , , ,2, ,75, , , , , , , , , , , , , , , , , , , , , , , , , , , , , , , , , , , , , , , ,10, , , , , , , , , , , , , , , , , , , , , , , , , , , , , , , , , ,3, , , , , , ,99,2, , , , , , , , , , , , , , , , , , , , , , , , , , , , , , , , , , , , , , , , , , , , , , , , , , , , , , , , , , , , , , , , , , , ,1, , , , , ,1, , , , , , , , , , , , , , , , , , , , , , , , , , , , , , , , , , , , , , , , , , , , , , , , , , , , , , , , , , , , , , ,5, , , ,1, , , , , , , , ,9, , , , , , , , , , , , , , , , , , , , , , , , , , , , , , , , , , , , , ,1/27/2024,1/27/2024,1
1202401,2,.337071814389614,8001587,3,2,2,4,4,2,3,2,4, , , , , , , , , , , , , , , , , , , , , , , , , , , , , , , , , ,3,4,2, , , , , , , , , , , , , , , , , , , , , , , , , , , , , , , , , , , , , , , , , , , , , , , , , , , , , , , , , , , , , , , , , , , , , , , , , , , , , , , , , , , , , , , , , , , , , , , , , , , , , , , , , , , , , , , , , , , , , , , , , , ,2, ,4, ,4, ,4, ,2, ,1, , ,2,2,2,1,3,1,3,2,2,1,3,2,3,1,1,1,3,2,2,2,2,1,3, , ,7,99,3, , , ,1, ,4,6,7, ,8,4,2,2,2,2,2,2,2,2,2,2,2,2,2,1,3, , , , , ,4,3,4,4, , , ,3, , , , , , , , , , ,3, , ,2,2, , , , , , , , , , , , , , , , , , , , , , , , , , , , , , , , , , , , , , , , , , , , , , , , , , , , , , , , , , , , , , , , , , , , , , , , , , , , , , , , , , , , , , , , , , , , , , , , , , , , , , , , , , , , , , , , ,1, ,77, , , , , , , , , , , , , , , , , , , , , , , , , , , , , , , , , , , , , , , ,10, , , , , , , , , , , , , , , , , , , , , , , , , , , , , , , , , ,3, , , , , , ,8, , , , , , , , , , , , , , , , , , , , , , , , , , , , , , , , , , , , , , , , , , , , , , , , , , , , , , , , , , , , , , , , , , , , ,2,2, , , , ,1, , , , , , , , , , , , , , , , , , , , , , , , , , , , , , , , , , , , , , , , , , , , , , , , , , , , , , , , , , , , , , ,2, , , ,1, , , , , , , , ,3, , , , , , , , , , , , , , , , , , , , , , , , , , , , , , , , , , , , , ,2/8/2024,2/8/2024,1
1202401,2,1.27248954743606,8001699,3,2,4,3,3,1,1,2,4, , , , , , , , , , , , , , , , , , , , , , , , , , , , , , , , , ,2,4,1, , , , , , , , , , , , , , , , , , , , , , , , , , , , , , , , , , , , , , , , , , , , , , , , , , , , , , , , , , , , , , , , , , , , , , , , , , , , , , , , , , , , , , , , , , , , , , , , , , , , , , , , , , , , , , , , , , , , , , , , , , ,3, ,4, ,3, ,4, ,2, ,1, , ,3,4,3,4,4,1,1,1,3,1,1,1,1,3,2,2,4,1,1,2,1,1,1, , ,7,99,3, , , ,2, ,4,6,7, ,9,9,1,2,1,2,2,2,2,2,2,2,9,2,2,1,4, , , , , ,3,1,3,4, , , ,2, , , , , , , , , , ,3, , ,3,2, , , , , , , , , , , , , , , , , , , , , , , , , , , , , , , , , , , , , , , , , , , , , , , , , , , , , , , , , , , , , , , , , , , , , , , , , , , , , , , , , , , , , , , , , , , , , , , , , , , , , , , , , , , , , , , , ,1, ,23, , , , , , , , , , , , , , , , , , , , , , , , , , , , , , , , , , , , , , , ,6, , , , , , , , , , , , , , , , , , , , , , , , , , , , , , , , , ,4, , , , , , ,4, , , , , , , , , , , , , , , , , , , , , , , , , , , , , , , , , , , , , , , , , , , , , , , , , , , , , , , , , , , , , , , , , , , , ,3,3, , , , ,3, , , , , , , , , , , , , , , , , , , , , , , , , , , , , , , , , , , , , , , , , , , , , , , , , , , , , , , , , , , , , , ,0, , , ,1, , , , , , , , ,1, , , , , , , , , , , , , , , , , , , , , , , , , , , , , , , , , , , , , ,4/19/2024,4/19/2024,1
1202401,2,.374594150354314,8001705,3,2,3,4,4,2,2,3,4, , , , , , , , , , , , , , , , , , , , , , , , , , , , , , , , , ,4,2,2, , , , , , , , , , , , , , , , , , , , , , , , , , , , , , , , , , , , , , , , , , , , , , , , , , , , , , , , , , , , , , , , , , , , , , , , , , , , , , , , , , , , , , , , , , , , , , , , , , , , , , , , , , , , , , , , , , , , , , , , , , ,2, ,4, ,4, ,4, ,2, ,2, , ,2,2,3,2,2,2,2,3,2,1,1,1,2,1,1,2,3,3,2,2,1,3,3, , ,7,99,3, , , ,1, ,4,7,6, ,1,2,1,2,1,2,1,1,2,2,2,2,1,2,2,1,4, , , , , ,4,4,2,4, , , ,2, , , , , , , , , , ,2, , ,2,2, , , , , , , , , , , , , , , , , , , , , , , , , , , , , , , , , , , , , , , , , , , , , , , , , , , , , , , , , , , , , , , , , , , , , , , , , , , , , , , , , , , , , , , , , , , , , , , , , , , , , , , , , , , , , , , , ,1, ,68, , , , , , , , , , , , , , , , , , , , , , , , , , , , , , , , , , , , , , , ,10, , , , , , , , , , , , , , , , , , , , , , , , , , , , , , , , , ,4, , , , , , ,3, , , , , , , , , , , , , , , , , , , , , , , , , , , , , , , , , , , , , , , , , , , , , , , , , , , , , , , , , , , , , , , , , , , , ,3,3, , , , ,97, , , , , , , , , , , , , , , , , , , , , , , , , , , , ,1, , , , ,3, , , , , , , , , , , , , , , , , , , , , , , , , , , , ,3, , ,1, , , , , , , , , ,1, , , , , , , , , , , , , , , , , , , , , , , , , , , , , , , , , , , , , ,1/28/2024,1/28/2024,1
1202401,2,.258625757265398,8001961,2,2,1,1,4,2,2,2,4, , , , , , , , , , , , , , , , , , , , , , , , , , , , , , , , , ,4,2,2, , , , , , , , , , , , , , , , , , , , , , , , , , , , , , , , , , , , , , , , , , , , , , , , , , , , , , , , , , , , , , , , , , , , , , , , , , , , , , , , , , , , , , , , , , , , , , , , , , , , , , , , , , , , , , , , , , , , , , , , , , ,2, ,3, ,4, ,4, ,2, ,2, , ,2,3,2,3,4,1,2,1,2,1,1,1,1,2,1,2,2,2,2,4,3,1,3, , ,1,99,99, , , ,2, ,3,5,6, ,1,2,2,2,2,2,1,2,2,2,2,2,1,1,1,2,4, , , , , ,4,4,4,4, , , ,3, , , , , , , , , , ,1, , ,2,1, , , , , , , , , , , , , , , , , , , , , , , , , , , , , , , , , , , , , , , , , , , , , , , , , , , , , , , , , , , , , , , , , , , , , , , , , , , , , , , , , , , , , , , , , , , , , , , , , , , , , , , , , , , , , , , , ,1, ,44, , , , , , , , , , , , , , , , , , , , , , , , , , , , , , , , , , , , , , , ,11, , , , , , , , , , , , , , , , , , , , , , , , , , , , , , , , , ,2, , , , , , ,9, , , , , , , , , , , , , , , , , , , , , , , , , , , , , , , , , , , , , , , , , , , , , , , , , , , , , , , , , , , , , , , , , , , , ,3,2, , , , ,2, , , , , , , , , , , , , , , , , , , , , , , , , , , , , , , , , , , , , , , , , , , , , , , , , , , , , , , , , , , , , , ,4, , , ,1, , , , , , , , ,3, , , , , , , , , , , , , , , , , , , , , , , , , , , , , , , , , , , , , ,2/8/2024,2/8/2024,1
1202401,2,1.26767067385414,8002068,3,1,1,4,4,2,2,2,4, , , , , , , , , , , , , , , , , , , , , , , , , , , , , , , , , ,4,4,4, , , , , , , , , , , , , , , , , , , , , , , , , , , , , , , , , , , , , , , , , , , , , , , , , , , , , , , , , , , , , , , , , , , , , , , , , , , , , , , , , , , , , , , , , , , , , , , , , , , , , , , , , , , , , , , , , , , , , , , , , , ,2, ,4, ,4, ,4, ,2, ,1, , ,2,2,3,2,4,1,1,2,2,2,1,1,1,3,2,2,3,2,3,2,2,1,3, , ,1,1,99, , , ,2, ,3,6,3, ,1,2,2,2,2,1,1,2,2,2,1,2,1,2,1,1,3, , , , , ,4,4,4,4, , , ,2, , , , , , , , , , ,1, , ,2,2, , , , , , , , , , , , , , , , , , , , , , , , , , , , , , , , , , , , , , , , , , , , , , , , , , , , , , , , , , , , , , , , , , , , , , , , , , , , , , , , , , , , , , , , , , , , , , , , , , , , , , , , , , , , , , , , ,2, ,61, , , , , , , , , , , , , , , , , , , , , , , , , , , , , , , , , , , , , , , ,10, , , , , , , , , , , , , , , , , , , , , , , , , , , , , , , , , ,2, , , , , , ,3, , , , , , , , , , , , , , , , , , , , , , , , , , , , , , , , , , , , , , , , , , , , , , , , , , , , , , , , , , , , , , , , , , , , ,3,3, , , , ,4, , , , , , , , , , , , , , , , , , , , , , , , , , , , , , , , , , , , , , , , , , , , , , , , , , , , , , , , , , , , , , ,3, , , ,2, , , , , , , , ,3, , , , , , , , , , , , , , , , , , , , , , , , , , , , , , , , , , , , , ,2/5/2024,2/5/2024,1
1202401,2,.696174481752758,8002276,2,1,2,2,2,2,2,1,4, , , , , , , , , , , , , , , , , , , , , , , , , , , , , , , , , ,1,4,2, , , , , , , , , , , , , , , , , , , , , , , , , , , , , , , , , , , , , , , , , , , , , , , , , , , , , , , , , , , , , , , , , , , , , , , , , , , , , , , , , , , , , , , , , , , , , , , , , , , , , , , , , , , , , , , , , , , , , , , , , , ,2, ,4, ,4, ,4, ,2, ,2, , ,2,2,2,2,2,1,1,1,2,1,1,2,2,2,2,1,1,2,2,3,2,2,3, , ,1,2,99, , , ,1, ,1,3,2, ,1,1,2,2,2,1,1,9,1,1,2,1,1,1,1,2,4, , , , , ,2,2,1,3, , , ,3, , , , , , , , , , ,2, , ,3,2, , , , , , , , , , , , , , , , , , , , , , , , , , , , , , , , , , , , , , , , , , , , , , , , , , , , , , , , , , , , , , , , , , , , , , , , , , , , , , , , , , , , , , , , , , , , , , , , , , , , , , , , , , , , , , , , ,2, ,64, , , , , , , , , , , , , , , , , , , , , , , , , , , , , , , , , , , , , , , ,10, , , , , , , , , , , , , , , , , , , , , , , , , , , , , , , , , ,3, , , , , , ,7, , , , , , , , , , , , , , , , , , , , , , , , , , , , , , , , , , , , , , , , , , , , , , , , , , , , , , , , , , , , , , , , , , , , ,2,2, , , , ,1, , , , , , , , , , , , , , , , , , , , , , , , , , , , , , , , , , , , , , , , , , , , , , , , , , , , , , , , , , , , , , ,3, , , ,1, , , , , , , , ,9, , , , , , , , , , , , , , , , , , , , , , , , , , , , , , , , , , , , , ,2/3/2024,2/3/2024,1
1202401,2,.987057035717972,8002882,4,2,4,2,4,3,2,4,3, , , , , , , , , , , , , , , , , , , , , , , , , , , , , , , , , ,4,1,3, , , , , , , , , , , , , , , , , , , , , , , , , , , , , , , , , , , , , , , , , , , , , , , , , , , , , , , , , , , , , , , , , , , , , , , , , , , , , , , , , , , , , , , , , , , , , , , , , , , , , , , , , , , , , , , , , , , , , , , , , , ,4, ,1, ,4, ,3, ,4, ,2, , ,4,4,4,4,3,1,3,2,1,1,1,1,1,3,3,3,1,2,3,1,2,1,2, , ,1,99,99, , , ,2, ,1,3,2, ,1,1,2,2,1,1,2,2,1,2,2,1,1,1,2,1,3, , , , , ,2,1,1,2,2, , ,3, , , , , , , , , , ,1, , ,1,2, , , , , , , , , , , , , , , , , , , , , , , , , , , , , , , , , , , , , , , , , , , , , , , , , , , , , , , , , , , , , , , , , , , , , , , , , , , , , , , , , , , , , , , , , , , , , , , , , , , , , , , , , , , , , , , , ,1, ,29, , , , , , , , , , , , , , , , , , , , , , , , , , , , , , , , , , , , , , , ,6, , , , , , , , , , , , , , , , , , , , , , , , , , , , , , , , , ,4, , , , , , ,5, , , , , , , , , , , , , , , , , , , , , , , , , , , , , , , , , , , , , , , , , , , , , , , , , , , , , , , , , , , , , , , , , , , , ,3,2, , , , ,2, , , , , , , , , , , , , , , , , , , , , , , , , , , , , , , , , , , , , , , , , , , , , , , , , , , , , , , , , , , , , , ,5, , ,2, , , , , , , , , ,9, , , , , , , , , , , , , , , , , , , , , , , , , , , , , , , , , , , , , ,2/3/2024,2/3/2024,1
1202401,2,2.24058169899315,8002913,4,2,4,2,4,3,4,8,4, , , , , , , , , , , , , , , , , , , , , , , , , , , , , , , , , ,4,2,4, , , , , , , , , , , , , , , , , , , , , , , , , , , , , , , , , , , , , , , , , , , , , , , , , , , , , , , , , , , , , , , , , , , , , , , , , , , , , , , , , , , , , , , , , , , , , , , , , , , , , , , , , , , , , , , , , , , , , , , , , , ,4, ,2, ,4, ,4, ,4, ,2, , ,4,4,4,4,3,2,3,2,2,1,1,1,1,2,3,1,1,1,2,1,2,2,1, , ,1,2,99, , , ,2, ,1,3,1, ,1,1,2,2,1,1,2,2,2,2,2,2,1,2,1,2,1, , , , , ,1,9,1,1,1, , ,2, , , , , , , , , , ,2, , ,1,2, , , , , , , , , , , , , , , , , , , , , , , , , , , , , , , , , , , , , , , , , , , , , , , , , , , , , , , , , , , , , , , , , , , , , , , , , , , , , , , , , , , , , , , , , , , , , , , , , , , , , , , , , , , , , , , , ,2, ,83, , , , , , , , , , , , , , , , , , , , , , , , , , , , , , , , , , , , , , , ,6, , , , , , , , , , , , , , , , , , , , , , , , , , , , , , , , , ,2, , , , , , ,99,1, , , , , , , , , , , , , , , , , , , , , , , , , , , , , , , , , , , , , , , , , , , , , , , , , , , , , , , , , , , , , , , , , , , ,2,2, , , , ,2, , , , , , , , , , , , , , , , , , , , , , , , , , , , , , , , , , , , , , , , , , , , , , , , , , , , , , , , , , , , , , ,5, , , ,2, , , , , , , , ,9, , , , , , , , , , , , , , , , , , , , , , , , , , , , , , , , , , , , , ,2/5/2024,2/5/2024,1
1202401,2,.297853464485569,8002966,3,2,2,3,4,2,3,2,4, , , , , , , , , , , , , , , , , , , , , , , , , , , , , , , , , ,3,4,3, , , , , , , , , , , , , , , , , , , , , , , , , , , , , , , , , , , , , , , , , , , , , , , , , , , , , , , , , , , , , , , , , , , , , , , , , , , , , , , , , , , , , , , , , , , , , , , , , , , , , , , , , , , , , , , , , , , , , , , , , , ,3, ,4, ,4, ,4, ,2, ,2, , ,3,2,2,2,3,1,2,2,2,1,2,1,1,1,1,1,2,1,3,3,3,2,3, , ,7,99,2, , , ,2, ,4,7,7, ,2,3,2,2,1,2,2,2,2,2,2,2,2,2,2,1,4, , , , , ,4,4,4,4, , , ,3, , , , , , , , , , ,2, , ,2,2, , , , , , , , , , , , , , , , , , , , , , , , , , , , , , , , , , , , , , , , , , , , , , , , , , , , , , , , , , , , , , , , , , , , , , , , , , , , , , , , , , , , , , , , , , , , , , , , , , , , , , , , , , , , , , , , ,1, ,37, , , , , , , , , , , , , , , , , , , , , , , , , , , , , , , , , , , , , , , ,10, , , , , , , , , , , , , , , , , , , , , , , , , , , , , , , , , ,2, , , , , , ,9, , , , , , , , , , , , , , , , , , , , , , , , , , , , , , , , , , , , , , , , , , , , , , , , , , , , , , , , , , , , , , , , , , , , ,2,2, , , , ,1, , , , , , , , , , , , , , , , , , , , , , , , , , , , , , , , , , , , , , , , , , , , , , , , , , , , , , , , , , , , , , ,2, , , ,1, , , , , , , , ,3, , , , , , , , , , , , , , , , , , , , , , , , , , , , , , , , , , , , , ,4/19/2024,4/19/2024,1
1202401,2,.481439576136203,8003372,3,1,3,1,2,1,2,1,4, , , , , , , , , , , , , , , , , , , , , , , , , , , , , , , , , ,3,2,2, , , , , , , , , , , , , , , , , , , , , , , , , , , , , , , , , , , , , , , , , , , , , , , , , , , , , , , , , , , , , , , , , , , , , , , , , , , , , , , , , , , , , , , , , , , , , , , , , , , , , , , , , , , , , , , , , , , , , , , , , , ,2, ,3, ,3, ,4, ,2, ,2, , ,3,2,2,2,3,2,4,3,4,3,1,1,1,2,2,1,2,1,2,2,2,1,3, , ,1,1,99, , , ,2, ,3,6,4, ,1,2,1,2,1,2,1,2,2,2,2,2,1,1,2,1,3, , , , , ,4,4,1,3, , , ,2, , , , , , , , , , ,2, , ,3,2, , , , , , , , , , , , , , , , , , , , , , , , , , , , , , , , , , , , , , , , , , , , , , , , , , , , , , , , , , , , , , , , , , , , , , , , , , , , , , , , , , , , , , , , , , , , , , , , , , , , , , , , , , , , , , , , ,1, ,24, , , , , , , , , , , , , , , , , , , , , , , , , , , , , , , , , , , , , , , ,10, , , , , , , , , , , , , , , , , , , , , , , , , , , , , , , , , ,2, , , , , , ,8, , , , , , , , , , , , , , , , , , , , , , , , , , , , , , , , , , , , , , , , , , , , , , , , , , , , , , , , , , , , , , , , , , , , ,3,3, , , , ,2, , , , , , , , , , , , , , , , , , , , , , , , , , , , , , , , , , , , , , , , , , , , , , , , , , , , , , , , , , , , , , ,3, , ,1, , , , , , , , , ,9, , , , , , , , , , , , , , , , , , , , , , , , , , , , , , , , , , , , , ,2/3/2024,2/3/2024,1
1202401,2,.290568824232012,8003379,4,2,4,4,4,2,3,2,4, , , , , , , , , , , , , , , , , , , , , , , , , , , , , , , , , ,4,1,3, , , , , , , , , , , , , , , , , , , , , , , , , , , , , , , , , , , , , , , , , , , , , , , , , , , , , , , , , , , , , , , , , , , , , , , , , , , , , , , , , , , , , , , , , , , , , , , , , , , , , , , , , , , , , , , , , , , , , , , , , , ,4, ,2, ,3, ,4, ,2, ,2, , ,4,4,4,1,4,1,2,1,1,2,1,1,2,8,2,1,3,2,1,2,1,1,3, , ,1,2,99, , , ,2, ,1,6,2, ,1,1,2,2,1,1,1,2,2,2,2,2,1,1,1,2,4, , , , , ,4,4,2,2,2, , ,3, , , , , , , , , , ,2, , ,2,2, , , , , , , , , , , , , , , , , , , , , , , , , , , , , , , , , , , , , , , , , , , , , , , , , , , , , , , , , , , , , , , , , , , , , , , , , , , , , , , , , , , , , , , , , , , , , , , , , , , , , , , , , , , , , , , , ,1, ,77, , , , , , , , , , , , , , , , , , , , , , , , , , , , , , , , , , , , , , , ,10, , , , , , , , , , , , , , , , , , , , , , , , , , , , , , , , , ,2, , , , , , ,8, , , , , , , , , , , , , , , , , , , , , , , , , , , , , , , , , , , , , , , , , , , , , , , , , , , , , , , , , , , , , , , , , , , , ,2,2, , , , ,2, , , , , , , , , , , , , , , , , , , , , , , , , , , , , , , , , , , , , , , , , , , , , , , , , , , , , , , , , , , , , , ,2, , ,2, , , , , , , , , ,9, , , , , , , , , , , , , , , , , , , , , , , , , , , , , , , , , , , , , ,1/31/2024,1/31/2024,1
1202401,2,.677572824874475,8003466,3,1,2,4,4,2,2,8,4, , , , , , , , , , , , , , , , , , , , , , , , , , , , , , , , , ,2,4,2, , , , , , , , , , , , , , , , , , , , , , , , , , , , , , , , , , , , , , , , , , , , , , , , , , , , , , , , , , , , , , , , , , , , , , , , , , , , , , , , , , , , , , , , , , , , , , , , , , , , , , , , , , , , , , , , , , , , , , , , , , ,2, ,4, ,4, ,4, ,2, ,2, , ,2,2,8,2,2,2,1,1,1,2,2,2,2,2,1,2,2,2,2,1,1,2,3, , ,1,1,99, , , ,2, ,2,5,5, ,1,4,1,2,1,2,1,1,2,2,2,2,1,8,8,8,4, , , , , ,4,4,3,4, , , ,4, , , , , , , , , , ,2, , ,3,2, , , , , , , , , , , , , , , , , , , , , , , , , , , , , , , , , , , , , , , , , , , , , , , , , , , , , , , , , , , , , , , , , , , , , , , , , , , , , , , , , , , , , , , , , , , , , , , , , , , , , , , , , , , , , , , , ,2, ,73, , , , , , , , , , , , , , , , , , , , , , , , , , , , , , , , , , , , , , , ,8, , , , , , , , , , , , , , , , , , , , , , , , , , , , , , , , , ,4, , , , , , ,2, , , , , , , , , , , , , , , , , , , , , , , , , , , , , , , , , , , , , , , , , , , , , , , , , , , , , , , , , , , , , , , , , , , , ,1, , , , , ,1, , , , , , , , , , , , , , , , , , , , , , , , , , , , , , , , , , , , , , , , , , , , , , , , , , , , , , , , , , , , , , ,4, , ,2, , , , , , , , , ,3, , , , , , , , , , , , , , , , , , , , , , , , , , , , , , , , , , , , , ,1/29/2024,1/29/2024,1
1202401,2,.30455913668959,8003493,2,1,3,2,3,2,1,1,4, , , , , , , , , , , , , , , , , , , , , , , , , , , , , , , , , ,2,4,1, , , , , , , , , , , , , , , , , , , , , , , , , , , , , , , , , , , , , , , , , , , , , , , , , , , , , , , , , , , , , , , , , , , , , , , , , , , , , , , , , , , , , , , , , , , , , , , , , , , , , , , , , , , , , , , , , , , , , , , , , , ,1, ,4, ,2, ,4, ,2, ,2, , ,2,2,2,2,2,1,3,1,1,3,1,1,1,2,1,1,3,3,1,2,2,3,3, , ,1,2,99, , , ,2, ,1,2,1, ,1,1,2,2,2,2,2,2,2,1,2,2,1,1,1,2,4, , , , , ,4,4,1,4, , , ,2, , , , , , , , , , ,1, , ,1,2, , , , , , , , , , , , , , , , , , , , , , , , , , , , , , , , , , , , , , , , , , , , , , , , , , , , , , , , , , , , , , , , , , , , , , , , , , , , , , , , , , , , , , , , , , , , , , , , , , , , , , , , , , , , , , , , ,2, ,78, , , , , , , , , , , , , , , , , , , , , , , , , , , , , , , , , , , , , , , ,11, , , , , , , , , , , , , , , , , , , , , , , , , , , , , , , , , ,2, , , , , , ,99,1, , , , , , , , , , , , , , , , , , , , , , , , , , , , , , , , , , , , , , , , , , , , , , , , , , , , , , , , , , , , , , , , , , , ,1, , , , , ,3, , , , , , , , , , , , , , , , , , , , , , , , , , , , , , , , , , , , , , , , , , , , , , , , , , , , , , , , , , , , , , ,5, , , ,1, , , , , , , , ,9, , , , , , , , , , , , , , , , , , , , , , , , , , , , , , , , , , , , , ,2/3/2024,2/3/2024,1
1202401,2,.283376333303939,8003696,1,2,4,2,3,4,3,2,3, , , , , , , , , , , , , , , , , , , , , , , , , , , , , , , , , ,4,2,4, , , , , , , , , , , , , , , , , , , , , , , , , , , , , , , , , , , , , , , , , , , , , , , , , , , , , , , , , , , , , , , , , , , , , , , , , , , , , , , , , , , , , , , , , , , , , , , , , , , , , , , , , , , , , , , , , , , , , , , , , , ,4, ,2, ,3, ,3, ,8, ,3, , ,4,4,3,4,3,3,4,2,3,3,1,1,1,3,4,2,1,4,3,3,2,1,3, , ,7,99,3, , , ,2, ,4,7,7, ,2,3,2,2,1,2,2,2,2,2,2,2,2,1,1,2,3, , , , , ,3,3,2,3, , , ,3, , , , , , , , , , ,2, , ,1,2, , , , , , , , , , , , , , , , , , , , , , , , , , , , , , , , , , , , , , , , , , , , , , , , , , , , , , , , , , , , , , , , , , , , , , , , , , , , , , , , , , , , , , , , , , , , , , , , , , , , , , , , , , , , , , , , ,1, ,27, , , , , , , , , , , , , , , , , , , , , , , , , , , , , , , , , , , , , , , ,11, , , , , , , , , , , , , , , , , , , , , , , , , , , , , , , , , ,2, , , , , , ,11, , , , , , , , , , , , , , , , , , , , , , , , , , , , , , , , , , , , , , , , , , , , , , , , , , , , , , , , , , , , , , , , , , , , ,2,2, , , , ,2, , , , , , , , , , , , , , , , , , , , , , , , , , , , , , , , , , , , , , , , , , , , , , , , , , , , , , , , , , , , , , ,4, , ,1, , , , , , , , , ,1, , , , , , , , , , , , , , , , , , , , , , , , , , , , , , , , , , , , , ,1/26/2024,1/26/2024,1
1202401,2,.44489701583524,8003732,3,2,2,2,4,1,3,1,4, , , , , , , , , , , , , , , , , , , , , , , , , , , , , , , , , ,4,3,1, , , , , , , , , , , , , , , , , , , , , , , , , , , , , , , , , , , , , , , , , , , , , , , , , , , , , , , , , , , , , , , , , , , , , , , , , , , , , , , , , , , , , , , , , , , , , , , , , , , , , , , , , , , , , , , , , , , , , , , , , , ,2, ,4, ,4, ,4, ,2, ,1, , ,2,2,2,1,3,1,2,2,3,2,1,1,1,2,1,1,1,2,2,3,2,1,2, , ,1,2,99, , , ,2, ,3,6,9, ,1,2,2,2,8,1,1,1,2,2,2,1,1,2,2,2,4, , , , , ,4,4,4,4, , , ,4, , , , , , , , , , ,2, , ,2,2, , , , , , , , , , , , , , , , , , , , , , , , , , , , , , , , , , , , , , , , , , , , , , , , , , , , , , , , , , , , , , , , , , , , , , , , , , , , , , , , , , , , , , , , , , , , , , , , , , , , , , , , , , , , , , , , ,2, ,99, , , , ,4, , , , , , , , , , , , , , , , , , , , , , , , , , , , , , , , , , ,10, , , , , , , , , , , , , , , , , , , , , , , , , , , , , , , , , ,2, , , , , , ,99,9, , , , , , , , , , , , , , , , , , , , , , , , , , , , , , , , , , , , , , , , , , , , , , , , , , , , , , , , , , , , , , , , , , , ,2,2, , , , ,3, , , , , , , , , , , , , , , , , , , , , , , , , , , , , , , , , , , , , , , , , , , , , , , , , , , , , , , , , , , , , , ,1, , ,2, , , , , , , , , ,9, , , , , , , , , , , , , , , , , , , , , , , , , , , , , , , , , , , , , ,4/21/2024,4/21/2024,1
1202401,2,.258625757265398,8004090,2,1,1,2,1,2,2,3,2, , , , , , , , , , , , , , , , , , , , , , , , , , , , , , , , , ,1,2,2, , , , , , , , , , , , , , , , , , , , , , , , , , , , , , , , , , , , , , , , , , , , , , , , , , , , , , , , , , , , , , , , , , , , , , , , , , , , , , , , , , , , , , , , , , , , , , , , , , , , , , , , , , , , , , , , , , , , , , , , , , ,2, ,3, ,2, ,3, ,2, ,3, , ,2,3,3,3,1,2,2,1,2,3,1,1,1,1,1,1,2,1,2,2,3,2,3, , ,1,1,99, , , ,2, ,3,5,6, ,1,3,2,2,2,2,2,2,2,2,2,2,1,2,1,2,4, , , , , ,3,4,3,4, , , ,4, , , , , , , , , , ,1, , ,3,1, , , , , , , , , , , , , , , , , , , , , , , , , , , , , , , , , , , , , , , , , , , , , , , , , , , , , , , , , , , , , , , , , , , , , , , , , , , , , , , , , , , , , , , , , , , , , , , , , , , , , , , , , , , , , , , , ,1, ,79, , , , , , , , , , , , , , , , , , , , , , , , , , , , , , , , , , , , , , , ,11, , , , , , , , , , , , , , , , , , , , , , , , , , , , , , , , , ,2, , , , , , ,6, , , , , , , , , , , , , , , , , , , , , , , , , , , , , , , , , , , , , , , , , , , , , , , , , , , , , , , , , , , , , , , , , , , , ,1, , , , , ,1, , , , , , , , , , , , , , , , , , , , , , , , , , , , , , , , , , , , , , , , , , , , , , , , , , , , , , , , , , , , , , ,4, , , ,1, , , , , , , , ,3, , , , , , , , , , , , , , , , , , , , , , , , , , , , , , , , , , , , , ,2/7/2024,2/7/2024,1
1202401,2,.44489701583524,8004313,2,2,2,3,3,2,2,2,3, , , , , , , , , , , , , , , , , , , , , , , , , , , , , , , , , ,2,3,2, , , , , , , , , , , , , , , , , , , , , , , , , , , , , , , , , , , , , , , , , , , , , , , , , , , , , , , , , , , , , , , , , , , , , , , , , , , , , , , , , , , , , , , , , , , , , , , , , , , , , , , , , , , , , , , , , , , , , , , , , , ,2, ,4, ,4, ,4, ,2, ,2, , ,2,2,2,2,2,2,2,3,3,2,1,1,2,1,1,1,2,2,2,2,2,2,3, , ,1,1,99, , , ,2, ,3,7,7, ,1,2,1,1,1,1,1,1,2,2,2,2,1,2,1,1,4, , , , , ,4,4,4,4, , , ,4, , , , , , , , , , ,2, , ,4, , , , , , , , , , , , , , , , , , , , , , , , , , , , , , , , , , , , , , , , , , , , , , , , , , , , , , , , , , , , , , , , , , , , , , , , , , , , , , , , , , , , , , , , , , , , , , , , , , , , , , , , , , , , , , , , , ,2, ,62, , , , , , , , , , , , , , , , , , , , , , , , , , , , , , , , , , , , , , , ,10, , , , , , , , , , , , , , , , , , , , , , , , , , , , , , , , , ,2, , , , , , ,99,9, , , , , , , , , , , , , , , , , , , , , , , , , , , , , , , , , , , , , , , , , , , , , , , , , , , , , , , , , , , , , , , , , , , ,2,2, , , , ,1, , , , , , , , , , , , , , , , , , , , , , , , , , , , , , , , , , , , , , , , , , , , , , , , , , , , , , , , , , , , , , ,4, , ,2, , , , , , , , , ,9, , , , , , , , , , , , , , , , , , , , , , , , , , , , , , , , , , , , , ,1/27/2024,1/27/2024,1
1202401,2,.258625757265398,8004316,2,2,2,3,3,1,2,4,4, , , , , , , , , , , , , , , , , , , , , , , , , , , , , , , , , ,2,3,2, , , , , , , , , , , , , , , , , , , , , , , , , , , , , , , , , , , , , , , , , , , , , , , , , , , , , , , , , , , , , , , , , , , , , , , , , , , , , , , , , , , , , , , , , , , , , , , , , , , , , , , , , , , , , , , , , , , , , , , , , , ,2, ,4, ,3, ,4, ,2, ,1, , ,1,1,2,1,2,1,1,1,1,2,2,1,1,2,3,1,1,2,1,1,1,2,1, , ,1,1,99, , , ,2, ,1,6,1, ,1,4,8,2,8,1,1,2,2,1,2,1,1,1,1,2,1, , , , , ,1,1,2,1,1, , ,2, , , , , , , , , , ,2, , ,2,2, , , , , , , , , , , , , , , , , , , , , , , , , , , , , , , , , , , , , , , , , , , , , , , , , , , , , , , , , , , , , , , , , , , , , , , , , , , , , , , , , , , , , , , , , , , , , , , , , , , , , , , , , , , , , , , , ,1, ,96, , , , , , , , , , , , , , , , , , , , , , , , , , , , , , , , , , , , , , , ,11, , , , , , , , , , , , , , , , , , , , , , , , , , , , , , , , , ,2, , , , , , ,3, , , , , , , , , , , , , , , , , , , , , , , , , , , , , , , , , , , , , , , , , , , , , , , , , , , , , , , , , , , , , , , , , , , , ,1, , , , , ,1, , , , , , , , , , , , , , , , , , , , , , , , , , , , , , , , , , , , , , , , , , , , , , , , , , , , , , , , , , , , , , ,3, , , ,2, , , , , , , , ,3, , , , , , , , , , , , , , , , , , , , , , , , , , , , , , , , , , , , , ,4/17/2024,4/17/2024,1
1202401,2,.424966371044148,8004409,3,2,2,3,3,2,3,2,4, , , , , , , , , , , , , , , , , , , , , , , , , , , , , , , , , ,2,3,1, , , , , , , , , , , , , , , , , , , , , , , , , , , , , , , , , , , , , , , , , , , , , , , , , , , , , , , , , , , , , , , , , , , , , , , , , , , , , , , , , , , , , , , , , , , , , , , , , , , , , , , , , , , , , , , , , , , , , , , , , , ,2, ,4, ,3, ,4, ,2, ,1, , ,2,2,2,2,3,1,3,2,3,2,1,1,9,1,1,9,3,1,2,3,2,1,2, , ,7,99,1, , , ,1, ,4,7,7, ,2,9,1,2,1,2,2,2,2,2,2,2,1,9,9,1,4, , , , , ,4,4,4,4, , , ,3, , , , , , , , , , ,2, , ,3,2, , , , , , , , , , , , , , , , , , , , , , , , , , , , , , , , , , , , , , , , , , , , , , , , , , , , , , , , , , , , , , , , , , , , , , , , , , , , , , , , , , , , , , , , , , , , , , , , , , , , , , , , , , , , , , , , ,2, ,71, , , , , , , , , , , , , , , , , , , , , , , , , , , , , , , , , , , , , , , ,10, , , , , , , , , , , , , , , , , , , , , , , , , , , , , , , , , ,3, , , , , , ,6, , , , , , , , , , , , , , , , , , , , , , , , , , , , , , , , , , , , , , , , , , , , , , , , , , , , , , , , , , , , , , , , , , , , ,1, , , , , ,3, , , , , , , , , , , , , , , , , , , , , , , , , , , , , , , , , , , , , , , , , , , , , , , , , , , , , , , , , , , , , , ,2, , ,2, , , , , , , , , ,8, , , , , , , , , , , , , , , , , , , , , , , , , , , , , , , , , , , , , ,2/5/2024,2/5/2024,1
1202401,2,.44489701583524,8004411,2,2,1,2,4,2,3,2,4, , , , , , , , , , , , , , , , , , , , , , , , , , , , , , , , , ,2,4,2, , , , , , , , , , , , , , , , , , , , , , , , , , , , , , , , , , , , , , , , , , , , , , , , , , , , , , , , , , , , , , , , , , , , , , , , , , , , , , , , , , , , , , , , , , , , , , , , , , , , , , , , , , , , , , , , , , , , , , , , , , ,1, ,4, ,4, ,4, ,2, ,2, , ,8,2,3,1,2,2,3,2,2,3,1,1,1,1,2,1,1,1,2,3,3,1,4, , ,1,1,99, , , ,2, ,2,4,2, ,1,1,2,2,2,2,2,2,2,2,2,2,1,1,1,2,4, , , , , ,4,4,4,4, , , ,3, , , , , , , , , , ,2, , ,1,2, , , , , , , , , , , , , , , , , , , , , , , , , , , , , , , , , , , , , , , , , , , , , , , , , , , , , , , , , , , , , , , , , , , , , , , , , , , , , , , , , , , , , , , , , , , , , , , , , , , , , , , , , , , , , , , , ,2, ,73, , , , , , , , , , , , , , , , , , , , , , , , , , , , , , , , , , , , , , , ,10, , , , , , , , , , , , , , , , , , , , , , , , , , , , , , , , , ,2, , , , , , ,99,2, , , , , , , , , , , , , , , , , , , , , , , , , , , , , , , , , , , , , , , , , , , , , , , , , , , , , , , , , , , , , , , , , , , ,2,2, , , , ,99, , , , , , , , , , , , , , , , , , , , , , , , , , , , ,9, , , , , , , , , , , , , , , , , , , , , , , , , , , , , , , , , ,9, , , ,1, , , , , , , , ,9, , , , , , , , , , , , , , , , , , , , , , , , , , , , , , , , , , , , , ,2/1/2024,2/1/2024,1
1202401,2,.674948012216626,8004577,2,2,2,3,3,2,2,2,4, , , , , , , , , , , , , , , , , , , , , , , , , , , , , , , , , ,2,4,2, , , , , , , , , , , , , , , , , , , , , , , , , , , , , , , , , , , , , , , , , , , , , , , , , , , , , , , , , , , , , , , , , , , , , , , , , , , , , , , , , , , , , , , , , , , , , , , , , , , , , , , , , , , , , , , , , , , , , , , , , , ,2, ,4, ,4, ,4, ,2, ,1, , ,2,2,2,2,2,1,2,1,1,1,2,2,1,2,2,2,1,1,1,1,1,1,3, , ,1,1,99, , , ,2, ,2,5,6, ,1,1,1,2,2,1,1,1,2,2,2,2,1,1,1,2,2, , , , , ,2,2,2,3, , , ,3, , , , , , , , , , ,3, , ,2,2, , , , , , , , , , , , , , , , , , , , , , , , , , , , , , , , , , , , , , , , , , , , , , , , , , , , , , , , , , , , , , , , , , , , , , , , , , , , , , , , , , , , , , , , , , , , , , , , , , , , , , , , , , , , , , , , ,1, ,67, , , , , , , , , , , , , , , , , , , , , , , , , , , , , , , , , , , , , , , ,6, , , , , , , , , , , , , , , , , , , , , , , , , , , , , , , , , ,2, , , , , , ,4, , , , , , , , , , , , , , , , , , , , , , , , , , , , , , , , , , , , , , , , , , , , , , , , , , , , , , , , , , , , , , , , , , , , ,1, , , , , ,1, , , , , , , , , , , , , , , , , , , , , , , , , , , , , , , , , , , , , , , , , , , , , , , , , , , , , , , , , , , , , , ,4, , , ,2, , , , , , , , ,3, , , , , , , , , , , , , , , , , , , , , , , , , , , , , , , , , , , , , ,4/19/2024,4/19/2024,1
1202401,2,.768000409549667,8004695,3,2,2,1,3,9,8,2,4, , , , , , , , , , , , , , , , , , , , , , , , , , , , , , , , , ,9,9,9, , , , , , , , , , , , , , , , , , , , , , , , , , , , , , , , , , , , , , , , , , , , , , , , , , , , , , , , , , , , , , , , , , , , , , , , , , , , , , , , , , , , , , , , , , , , , , , , , , , , , , , , , , , , , , , , , , , , , , , , , , ,9, ,8, ,8, ,4, ,9, ,9, , ,8,2,9,2,2,2,2,1,2,1,1,2,2,2,2,2,8,2,2,2,2,2,2, , ,7,99,3, , , ,1, ,3,7,7, ,8,2,1,2,1,2,2,2,2,2,2,2,2,8,2,2,2, , , , , ,4,4,4,4, , , ,2, , , , , , , , , , ,2, , ,1,2, , , , , , , , , , , , , , , , , , , , , , , , , , , , , , , , , , , , , , , , , , , , , , , , , , , , , , , , , , , , , , , , , , , , , , , , , , , , , , , , , , , , , , , , , , , , , , , , , , , , , , , , , , , , , , , , ,1, ,75, , , , , , , , , , , , , , , , , , , , , , , , , , , , , , , , , , , , , , , ,6, , , , , , , , , , , , , , , , , , , , , , , , , , , , , , , , , ,4, , , , , , ,99,9, , , , , , , , , , , , , , , , , , , , , , , , , , , , , , , , , , , , , , , , , , , , , , , , , , , , , , , , , , , , , , , , , , , ,2,2, , , , ,99, , , , , , , , , , , , , , , , , , , , , , , , , , , , ,9, , , , , , , , , , , , , , , , , , , , , , , , , , , , , , , , , ,5, , , ,1, , , , , , , , ,1, , , , , , , , , , , , , , , , , , , , , , , , , , , , , , , , , , , , , ,1/25/2024,1/25/2024,1
1202401,2,.275978158318787,8004712,2,1,1,1,3,1,1,1,4, , , , , , , , , , , , , , , , , , , , , , , , , , , , , , , , , ,3,3,3, , , , , , , , , , , , , , , , , , , , , , , , , , , , , , , , , , , , , , , , , , , , , , , , , , , , , , , , , , , , , , , , , , , , , , , , , , , , , , , , , , , , , , , , , , , , , , , , , , , , , , , , , , , , , , , , , , , , , , , , , , ,1, ,4, ,4, ,4, ,1, ,1, , ,2,2,2,1,1,1,1,1,1,3,2,1,1,1,1,1,1,1,2,2,1,3,3, , ,1,1,99, , , ,2, ,2,5,3, ,1,1,2,2,2,1,1,1,1,1,1,1,2,1,1,8,1, , , , , ,2,3,2,2,1, , ,1, , , , , , , , , , ,2, , ,3,2, , , , , , , , , , , , , , , , , , , , , , , , , , , , , , , , , , , , , , , , , , , , , , , , , , , , , , , , , , , , , , , , , , , , , , , , , , , , , , , , , , , , , , , , , , , , , , , , , , , , , , , , , , , , , , , , ,1, ,82, , , , , , , , , , , , , , , , , , , , , , , , , , , , , , , , , , , , , , , ,10, , , , , , , , , , , , , , , , , , , , , , , , , , , , , , , , , ,1, , , , , , ,4, , , , , , , , , , , , , , , , , , , , , , , , , , , , , , , , , , , , , , , , , , , , , , , , , , , , , , , , , , , , , , , , , , , , ,1, , , , , ,1, , , , , , , , , , , , , , , , , , , , , , , , , , , , , , , , , , , , , , , , , , , , , , , , , , , , , , , , , , , , , , ,4, , , ,2, , , , , , , , ,3, , , , , , , , , , , , , , , , , , , , , , , , , , , , , , , , , , , , , ,4/18/2024,4/18/2024,1
1202401,2,.69410971008801,8004832,4,2,4,4,4,4,4,4,2, , , , , , , , , , , , , , , , , , , , , , , , , , , , , , , , , ,4,1,4, , , , , , , , , , , , , , , , , , , , , , , , , , , , , , , , , , , , , , , , , , , , , , , , , , , , , , , , , , , , , , , , , , , , , , , , , , , , , , , , , , , , , , , , , , , , , , , , , , , , , , , , , , , , , , , , , , , , , , , , , , ,4, ,2, ,3, ,2, ,4, ,4, , ,4,4,4,4,4,1,1,1,1,1,1,1,1,3,3,3,1,1,2,1,1,1,2, , ,7,99,2, , , ,1, ,3,7,2, ,1,4,9,9,1,2,9,2,2,2,2,2,1,9,9,1,4, , , , , ,4,4,9,4, , , ,4, , , , , , , , , , ,3, , ,1,2, , , , , , , , , , , , , , , , , , , , , , , , , , , , , , , , , , , , , , , , , , , , , , , , , , , , , , , , , , , , , , , , , , , , , , , , , , , , , , , , , , , , , , , , , , , , , , , , , , , , , , , , , , , , , , , , ,1, ,60, , , , , , , , , , , , , , , , , , , , , , , , , , , , , , , , , , , , , , , ,10, , , , , , , , , , , , , , , , , , , , , , , , , , , , , , , , , ,3, , , , , , ,3, , , , , , , , , , , , , , , , , , , , , , , , , , , , , , , , , , , , , , , , , , , , , , , , , , , , , , , , , , , , , , , , , , , , ,3,2, , , , ,2, , , , , , , , , , , , , , , , , , , , , , , , , , , , , , , , , , , , , , , , , , , , , , , , , , , , , , , , , , , , , , ,3, , , ,2, , , , , , , , ,3, , , , , , , , , , , , , , , , , , , , , , , , , , , , , , , , , , , , , ,2/28/2024,2/28/2024,1
1202401,2,1.54737010590647,8005149,4,2,4,4,2,4,2,4,4, , , , , , , , , , , , , , , , , , , , , , , , , , , , , , , , , ,4,3,2, , , , , , , , , , , , , , , , , , , , , , , , , , , , , , , , , , , , , , , , , , , , , , , , , , , , , , , , , , , , , , , , , , , , , , , , , , , , , , , , , , , , , , , , , , , , , , , , , , , , , , , , , , , , , , , , , , , , , , , , , , ,4, ,4, ,2, ,4, ,2, ,2, , ,4,4,4,4,4,3,3,2,3,1,1,1,3,1,1,1,2,3,2,1,1,3,1, , ,1,2,99, , , ,2, ,3,7,2, ,1,2,2,2,2,2,2,1,2,1,2,2,1,1,1,1,1, , , , , ,3,1,2,3, , , ,3, , , , , , , , , , ,2, , ,2,2, , , , , , , , , , , , , , , , , , , , , , , , , , , , , , , , , , , , , , , , , , , , , , , , , , , , , , , , , , , , , , , , , , , , , , , , , , , , , , , , , , , , , , , , , , , , , , , , , , , , , , , , , , , , , , , , ,2, ,77, , , , , , , , , , , , , , , , , , , , , , , , , , , , , , , , , , , , , , , ,9, , , , , , , , , , , , , , , , , , , , , , , , , , , , , , , , , ,2, , , , , , ,9, , , , , , , , , , , , , , , , , , , , , , , , , , , , , , , , , , , , , , , , , , , , , , , , , , , , , , , , , , , , , , , , , , , , ,2,2, , , , ,3, , , , , , , , , , , , , , , , , , , , , , , , , , , , , , , , , , , , , , , , , , , , , , , , , , , , , , , , , , , , , , ,3, , , ,1, , , , , , , , ,8, , , , , , , , , , , , , , , , , , , , , , , , , , , , , , , , , , , , , ,2/11/2024,2/11/2024,1
1202401,2,1.30640185251809,8005389,4,2,3,3,4,3,4,3,4, , , , , , , , , , , , , , , , , , , , , , , , , , , , , , , , , ,4,2,4, , , , , , , , , , , , , , , , , , , , , , , , , , , , , , , , , , , , , , , , , , , , , , , , , , , , , , , , , , , , , , , , , , , , , , , , , , , , , , , , , , , , , , , , , , , , , , , , , , , , , , , , , , , , , , , , , , , , , , , , , , ,3, ,2, ,4, ,4, ,2, ,3, , ,8,4,1,3,1,2,4,3,3,2,1,1,1,2,2,1,3,3,4,1,1,2,1, , ,7,99,3, , , ,2, ,3,5,6, ,9,8,2,2,1,2,1,2,2,2,2,1,1,2,2,1,3, , , , , ,4,3,1,3, , , ,3, , , , , , , , , , ,3, , ,2,2, , , , , , , , , , , , , , , , , , , , , , , , , , , , , , , , , , , , , , , , , , , , , , , , , , , , , , , , , , , , , , , , , , , , , , , , , , , , , , , , , , , , , , , , , , , , , , , , , , , , , , , , , , , , , , , , ,1, ,21, , , , , , , , , , , , , , , , , , , , , , , , , , , , , , , , , , , , , , , ,9, , , , , , , , , , , , , , , , , , , , , , , , , , , , , , , , , ,4, , , , , , ,98,2, , , , , , , , , , , , , , , , , , , , , , , , , , , , , , , , , , , , , , , , , , , , , , , , , , , , , , , , , , , , , , , , , , , ,4,4, , , , ,2, , , , , , , , , , , , , , , , , , , , , , , , , , , , , , , , , , , , , , , , , , , , , , , , , , , , , , , , , , , , , , ,4, , , ,1, , , , , , , , ,9, , , , , , , , , , , , , , , , , , , , , , , , , , , , , , , , , , , , , ,4/17/2024,4/17/2024,1
1202401,2,.30616887798823,8005633,3,2,2,3,4,3,4,2,4, , , , , , , , , , , , , , , , , , , , , , , , , , , , , , , , , ,4,2,3, , , , , , , , , , , , , , , , , , , , , , , , , , , , , , , , , , , , , , , , , , , , , , , , , , , , , , , , , , , , , , , , , , , , , , , , , , , , , , , , , , , , , , , , , , , , , , , , , , , , , , , , , , , , , , , , , , , , , , , , , , ,2, ,2, ,4, ,4, ,2, ,3, , ,4,3,3,3,2,4,4,4,4,3,1,2,2,1,2,2,1,4,4,4,4,4,2, , ,7,99,3, , , ,1, ,2,7,9, ,2,4,1,2,1,2,2,2,2,2,2,2,2,2,2,1,4, , , , , ,4,4,4,4, , , ,3, , , , , , , , , , ,1, , ,3,2, , , , , , , , , , , , , , , , , , , , , , , , , , , , , , , , , , , , , , , , , , , , , , , , , , , , , , , , , , , , , , , , , , , , , , , , , , , , , , , , , , , , , , , , , , , , , , , , , , , , , , , , , , , , , , , , ,1, ,71, , , , , , , , , , , , , , , , , , , , , , , , , , , , , , , , , , , , , , , ,10, , , , , , , , , , , , , , , , , , , , , , , , , , , , , , , , , ,2, , , , , , ,3, , , , , , , , , , , , , , , , , , , , , , , , , , , , , , , , , , , , , , , , , , , , , , , , , , , , , , , , , , , , , , , , , , , , ,1, , , , , ,2, , , , , , , , , , , , , , , , , , , , , , , , , , , , , , , , , , , , , , , , , , , , , , , , , , , , , , , , , , , , , , ,4, , , ,1, , , , , , , , ,9, , , , , , , , , , , , , , , , , , , , , , , , , , , , , , , , , , , , , ,4/21/2024,4/21/2024,1
1202401,2,.479728469368284,8005737,2,1,2,3,3,2,2,2,4, , , , , , , , , , , , , , , , , , , , , , , , , , , , , , , , , ,2,3,2, , , , , , , , , , , , , , , , , , , , , , , , , , , , , , , , , , , , , , , , , , , , , , , , , , , , , , , , , , , , , , , , , , , , , , , , , , , , , , , , , , , , , , , , , , , , , , , , , , , , , , , , , , , , , , , , , , , , , , , , , , ,2, ,4, ,3, ,4, ,2, ,2, , ,2,2,2,2,2,1,4,3,3,2,2,2,2,2,2,2,2,1,2,2,2,1,3, , ,7,99,3, , , ,1, ,4,6,7, ,2,4,2,2,2,2,2,2,2,2,2,2,2,2,1,2,3, , , , , ,4,4,4,4, , , ,3, , , , , , , , , , ,2, , ,2,2, , , , , , , , , , , , , , , , , , , , , , , , , , , , , , , , , , , , , , , , , , , , , , , , , , , , , , , , , , , , , , , , , , , , , , , , , , , , , , , , , , , , , , , , , , , , , , , , , , , , , , , , , , , , , , , , ,1, ,73, , , , , , , , , , , , , , , , , , , , , , , , , , , , , , , , , , , , , , , ,9, , , , , , , , , , , , , , , , , , , , , , , , , , , , , , , , , ,3, , , , , , ,8, , , , , , , , , , , , , , , , , , , , , , , , , , , , , , , , , , , , , , , , , , , , , , , , , , , , , , , , , , , , , , , , , , , , ,1, , , , , ,1, , , , , , , , , , , , , , , , , , , , , , , , , , , , , , , , , , , , , , , , , , , , , , , , , , , , , , , , , , , , , , ,6, , , ,1, , , , , , , , ,9, , , , , , , , , , , , , , , , , , , , , , , , , , , , , , , , , , , , , ,2/1/2024,2/1/2024,1
1202401,2,1.00235990564164,8005750,2,9,2,4,3,3,2,2,4, , , , , , , , , , , , , , , , , , , , , , , , , , , , , , , , , ,9,4,9, , , , , , , , , , , , , , , , , , , , , , , , , , , , , , , , , , , , , , , , , , , , , , , , , , , , , , , , , , , , , , , , , , , , , , , , , , , , , , , , , , , , , , , , , , , , , , , , , , , , , , , , , , , , , , , , , , , , , , , , , , ,9, ,4, ,3, ,4, ,9, ,1, , ,2,2,9,2,4,1,2,2,3,2,1,1,1,2,1,1,2,1,2,2,1,1,2, , ,1,1,99, , , ,2, ,2,3,4, ,1,2,2,2,1,2,1,2,2,1,2,2,1,1,1,2,4, , , , , ,4,1,1,4, , , ,4, , , , , , , , , , ,3, , ,8, , , , , , , , , , , , , , , , , , , , , , , , , , , , , , , , , , , , , , , , , , , , , , , , , , , , , , , , , , , , , , , , , , , , , , , , , , , , , , , , , , , , , , , , , , , , , , , , , , , , , , , , , , , , , , , , , ,1, ,62, , , , , , , , , , , , , , , , , , , , , , , , , , , , , , , , , , , , , , , ,6, , , , , , , , , , , , , , , , , , , , , , , , , , , , , , , , , ,4, , , , , , ,99,9, , , , , , , , , , , , , , , , , , , , , , , , , , , , , , , , , , , , , , , , , , , , , , , , , , , , , , , , , , , , , , , , , , , ,5,5, , , , ,1, , , , , , , , , , , , , , , , , , , , , , , , , , , , , , , , , , , , , , , , , , , , , , , , , , , , , , , , , , , , , , ,3, , , ,1, , , , , , , , ,9, , , , , , , , , , , , , , , , , , , , , , , , , , , , , , , , , , , , , ,2/2/2024,2/2/2024,1
1202401,2,.516098878606357,8005841,3,2,3,3,8,8,3,8,3, , , , , , , , , , , , , , , , , , , , , , , , , , , , , , , , , ,3,3,3, , , , , , , , , , , , , , , , , , , , , , , , , , , , , , , , , , , , , , , , , , , , , , , , , , , , , , , , , , , , , , , , , , , , , , , , , , , , , , , , , , , , , , , , , , , , , , , , , , , , , , , , , , , , , , , , , , , , , , , , , , ,2, ,4, ,8, ,4, ,2, ,8, , ,2,2,8,2,8,3,2,1,2,1,2,2,2,3,8,1,2,4,1,2,3,3,2, , ,1,1,99, , , ,2, ,3,6,6, ,1,3,2,2,2,2,8,1,1,2,2,2,1,8,1,2,4, , , , , ,4,8,4,4, , , ,2, , , , , , , , , , ,8, , ,4, , , , , , , , , , , , , , , , , , , , , , , , , , , , , , , , , , , , , , , , , , , , , , , , , , , , , , , , , , , , , , , , , , , , , , , , , , , , , , , , , , , , , , , , , , , , , , , , , , , , , , , , , , , , , , , , , ,2, ,67, , , , , , , , , , , , , , , , , , , , , , , , , , , , , , , , , , , , , , , ,10, , , , , , , , , , , , , , , , , , , , , , , , , , , , , , , , , ,3, , , , , , ,7, , , , , , , , , , , , , , , , , , , , , , , , , , , , , , , , , , , , , , , , , , , , , , , , , , , , , , , , , , , , , , , , , , , , ,2,2, , , , ,4, , , , , , , , , , , , , , , , , , , , , , , , , , , , , , , , , , , , , , , , , , , , , , , , , , , , , , , , , , , , , , ,8, , , ,1, , , , , , , , ,3, , , , , , , , , , , , , , , , , , , , , , , , , , , , , , , , , , , , , ,4/20/2024,4/20/2024,1
1202401,2,.555100308092024,8006084,4,1,4,1,2,2,2,8,4, , , , , , , , , , , , , , , , , , , , , , , , , , , , , , , , , ,2,2,2, , , , , , , , , , , , , , , , , , , , , , , , , , , , , , , , , , , , , , , , , , , , , , , , , , , , , , , , , , , , , , , , , , , , , , , , , , , , , , , , , , , , , , , , , , , , , , , , , , , , , , , , , , , , , , , , , , , , , , , , , , ,2, ,1, ,8, ,2, ,2, ,2, , ,4,4,1,1,1,1,1,2,2,2,2,1,2,2,2,4,1,8,2,2,2,2,2, , ,1,1,99, , , ,2, ,2,5,7, ,1,3,1,1,1,2,1,2,2,2,2,2,1,1,1,1,2, , , , , ,1,2,1,2,2, , ,2, , , , , , , , , , ,1, , ,2,1, , , , , , , , , , , , , , , , , , , , , , , , , , , , , , , , , , , , , , , , , , , , , , , , , , , , , , , , , , , , , , , , , , , , , , , , , , , , , , , , , , , , , , , , , , , , , , , , , , , , , , , , , , , , , , , , ,1, ,70, , , , , , , , , , , , , , , , , , , , , , , , , , , , , , , , , , , , , , , ,4, , , , , , , , , , , , , , , , , , , , , , , , , , , , , , , , , ,3, , , , , , ,2, , , , , , , , , , , , , , , , , , , , , , , , , , , , , , , , , , , , , , , , , , , , , , , , , , , , , , , , , , , , , , , , , , , , ,1, , , , , ,1, , , , , , , , , , , , , , , , , , , , , , , , , , , , , , , , , , , , , , , , , , , , , , , , , , , , , , , , , , , , , , ,3, , ,2, , , , , , , , , ,3, , , , , , , , , , , , , , , , , , , , , , , , , , , , , , , , , , , , , ,2/9/2024,2/9/2024,1
1202401,2,.267787796682233,8006159,8,8,3,1,8,1,2,1,4, , , , , , , , , , , , , , , , , , , , , , , , , , , , , , , , , ,3,4,2, , , , , , , , , , , , , , , , , , , , , , , , , , , , , , , , , , , , , , , , , , , , , , , , , , , , , , , , , , , , , , , , , , , , , , , , , , , , , , , , , , , , , , , , , , , , , , , , , , , , , , , , , , , , , , , , , , , , , , , , , , ,2, ,4, ,4, ,4, ,3, ,2, , ,3,2,8,1,2,1,4,3,3,2,1,4,1,2,1,1,4,1,3,3,2,1,3, , ,99,99,99, , , ,1, ,3,6,7, ,2,3,2,2,1,1,2,2,2,2,2,2,2,1,2,1,4, , , , , ,4,4,4,3, , , ,2, , , , , , , , , , ,2, , ,3,1, , , , , , , , , , , , , , , , , , , , , , , , , , , , , , , , , , , , , , , , , , , , , , , , , , , , , , , , , , , , , , , , , , , , , , , , , , , , , , , , , , , , , , , , , , , , , , , , , , , , , , , , , , , , , , , , ,1, ,73, , , , , , , , , , , , , , , , , , , , , , , , , , , , , , , , , , , , , , , ,11, , , , , , , , , , , , , , , , , , , , , , , , , , , , , , , , , ,3, , , , , , ,4, , , , , , , , , , , , , , , , , , , , , , , , , , , , , , , , , , , , , , , , , , , , , , , , , , , , , , , , , , , , , , , , , , , , ,2,2, , , , ,96, , , , , , , , , , , , , , , , , , , , , , , , , , , , , , , , , , , , , , , , , , , , , , , , , , , , , , , , , , , , , , ,2, , , ,1, , , , , , , , ,8, , , , , , , , , , , , , , , , , , , , , , , , , , , , , , , , , , , , , ,1/26/2024,1/26/2024,1
1202401,2,.258625757265398,8006234,2,2,2,4,3,2,2,2,4, , , , , , , , , , , , , , , , , , , , , , , , , , , , , , , , , ,2,4,2, , , , , , , , , , , , , , , , , , , , , , , , , , , , , , , , , , , , , , , , , , , , , , , , , , , , , , , , , , , , , , , , , , , , , , , , , , , , , , , , , , , , , , , , , , , , , , , , , , , , , , , , , , , , , , , , , , , , , , , , , , ,2, ,4, ,3, ,4, ,2, ,2, , ,2,2,2,2,2,1,2,2,3,3,1,2,2,1,1,2,2,2,3,1,3,2,2, , ,7,99,3, , , ,2, ,4,7,7, ,2,3,2,2,2,9,2,2,2,2,2,2,2,2,2,1,4, , , , , ,4,4,4,4, , , ,3, , , , , , , , , , ,2, , ,2,2, , , , , , , , , , , , , , , , , , , , , , , , , , , , , , , , , , , , , , , , , , , , , , , , , , , , , , , , , , , , , , , , , , , , , , , , , , , , , , , , , , , , , , , , , , , , , , , , , , , , , , , , , , , , , , , , ,1, ,80, , , , , , , , , , , , , , , , , , , , , , , , , , , , , , , , , , , , , , , ,11, , , , , , , , , , , , , , , , , , , , , , , , , , , , , , , , , ,2, , , , , , ,99,9, , , , , , , , , , , , , , , , , , , , , , , , , , , , , , , , , , , , , , , , , , , , , , , , , , , , , , , , , , , , , , , , , , , ,2,2, , , , ,3, , , , , , , , , , , , , , , , , , , , , , , , , , , , , , , , , , , , , , , , , , , , , , , , , , , , , , , , , , , , , , ,2, , , ,1, , , , , , , , ,9, , , , , , , , , , , , , , , , , , , , , , , , , , , , , , , , , , , , , ,1/30/2024,1/30/2024,1
1202401,2,.319437524783654,8006512,4,2,3,4,4,3,4,3,4, , , , , , , , , , , , , , , , , , , , , , , , , , , , , , , , , ,3,4,4, , , , , , , , , , , , , , , , , , , , , , , , , , , , , , , , , , , , , , , , , , , , , , , , , , , , , , , , , , , , , , , , , , , , , , , , , , , , , , , , , , , , , , , , , , , , , , , , , , , , , , , , , , , , , , , , , , , , , , , , , , ,3, ,4, ,4, ,3, ,2, ,4, , ,4,3,4,3,4,1,3,1,1,4,1,1,1,3,2,2,2,2,1,4,1,3,2, , ,99,99,99, , , ,2, ,3,5,3, ,1,1,1,2,1,2,2,1,2,2,2,2,1,1,1,2,4, , , , , ,4,3,2,4, , , ,2, , , , , , , , , , ,2, , ,2,2, , , , , , , , , , , , , , , , , , , , , , , , , , , , , , , , , , , , , , , , , , , , , , , , , , , , , , , , , , , , , , , , , , , , , , , , , , , , , , , , , , , , , , , , , , , , , , , , , , , , , , , , , , , , , , , , ,1, ,66, , , , , , , , , , , , , , , , , , , , , , , , , , , , , , , , , , , , , , , ,11, , , , , , , , , , , , , , , , , , , , , , , , , , , , , , , , , ,2, , , , , , ,10, , , , , , , , , , , , , , , , , , , , , , , , , , , , , , , , , , , , , , , , , , , , , , , , , , , , , , , , , , , , , , , , , , , , ,3,3, , , , ,1, , , , , , , , , , , , , , , , , , , , , , , , , , , , , , , , , , , , , , , , , , , , , , , , , , , , , , , , , , , , , , ,4, , ,1, , , , , , , , , ,8, , , , , , , , , , , , , , , , , , , , , , , , , , , , , , , , , , , , , ,2/3/2024,2/3/2024,1
1202401,2,.299580065797553,8006663,3,2,2,4,4,2,4,2,4, , , , , , , , , , , , , , , , , , , , , , , , , , , , , , , , , ,3,3,3, , , , , , , , , , , , , , , , , , , , , , , , , , , , , , , , , , , , , , , , , , , , , , , , , , , , , , , , , , , , , , , , , , , , , , , , , , , , , , , , , , , , , , , , , , , , , , , , , , , , , , , , , , , , , , , , , , , , , , , , , , ,2, ,4, ,4, ,4, ,2, ,2, , ,2,2,2,2,2,1,2,2,2,1,1,1,2,1,2,1,2,1,2,1,1,3,3, , ,1,2,99, , , ,2, ,3,6,6, ,1,3,1,2,1,2,2,1,2,2,2,2,1,1,2,1,4, , , , , ,4,2,2,3, , , ,3, , , , , , , , , , ,2, , ,2,2, , , , , , , , , , , , , , , , , , , , , , , , , , , , , , , , , , , , , , , , , , , , , , , , , , , , , , , , , , , , , , , , , , , , , , , , , , , , , , , , , , , , , , , , , , , , , , , , , , , , , , , , , , , , , , , , ,2, ,71, , , , , , , , , , , , , , , , , , , , , , , , , , , , , , , , , , , , , , , ,10, , , , , , , , , , , , , , , , , , , , , , , , , , , , , , , , , ,3, , , , , , ,99,1, , , , , , , , , , , , , , , , , , , , , , , , , , , , , , , , , , , , , , , , , , , , , , , , , , , , , , , , , , , , , , , , , , , ,1, , , , , ,99, , , , , , , , , , , , , , , , , , , , , , , , , , , , ,1, , , , ,3, , , , , , , , , , , , , , , , , , , , , , , , , , , , ,3, , , ,1, , , , , , , , ,9, , , , , , , , , , , , , , , , , , , , , , , , , , , , , , , , , , , , , ,2/3/2024,2/3/2024,1
1202401,2,.945224057807852,8006766,8,2,2,2,4,3,8,8,4, , , , , , , , , , , , , , , , , , , , , , , , , , , , , , , , , ,2,2,2, , , , , , , , , , , , , , , , , , , , , , , , , , , , , , , , , , , , , , , , , , , , , , , , , , , , , , , , , , , , , , , , , , , , , , , , , , , , , , , , , , , , , , , , , , , , , , , , , , , , , , , , , , , , , , , , , , , , , , , , , , ,2, ,2, ,4, ,4, ,3, ,1, , ,2,2,2,1,2,1,3,4,4,1,1,1,1,2,2,1,4,2,4,4,1,1,3, , ,1,99,99, , , ,2, ,8,5,5, ,1,8,1,8,1,1,1,2,2,1,1,2,1,1,1,1,3, , , , , ,3,4,3,2,2, , ,2, , , , , , , , , , ,1, , ,1,2, , , , , , , , , , , , , , , , , , , , , , , , , , , , , , , , , , , , , , , , , , , , , , , , , , , , , , , , , , , , , , , , , , , , , , , , , , , , , , , , , , , , , , , , , , , , , , , , , , , , , , , , , , , , , , , , ,1, ,27, , , , , , , , , , , , , , , , , , , , , , , , , , , , , , , , , , , , , , , ,7, , , , , , , , , , , , , , , , , , , , , , , , , , , , , , , , , ,4, , , , , , ,2, , , , , , , , , , , , , , , , , , , , , , , , , , , , , , , , , , , , , , , , , , , , , , , , , , , , , , , , , , , , , , , , , , , , ,1, , , , , ,2, , , , , , , , , , , , , , , , , , , , , , , , , , , , , , , , , , , , , , , , , , , , , , , , , , , , , , , , , , , , , , ,3, , ,2, , , , , , , , , ,8, , , , , , , , , , , , , , , , , , , , , , , , , , , , , , , , , , , , , ,4/18/2024,4/18/2024,1
1202401,2,.975517880704439,8006775,3,1,2,2,4,1,2,1,4, , , , , , , , , , , , , , , , , , , , , , , , , , , , , , , , , ,2,4,2, , , , , , , , , , , , , , , , , , , , , , , , , , , , , , , , , , , , , , , , , , , , , , , , , , , , , , , , , , , , , , , , , , , , , , , , , , , , , , , , , , , , , , , , , , , , , , , , , , , , , , , , , , , , , , , , , , , , , , , , , , ,2, ,4, ,4, ,4, ,2, ,1, , ,2,3,2,2,2,2,2,2,2,2,1,3,1,1,2,1,2,2,4,2,2,2,3, , ,1,2,99, , , ,2, ,2,5,2, ,1,2,2,2,2,1,2,2,2,2,2,2,1,2,8,2,4, , , , , ,3,4,3,2,8, , ,3, , , , , , , , , , ,1, , ,2,2, , , , , , , , , , , , , , , , , , , , , , , , , , , , , , , , , , , , , , , , , , , , , , , , , , , , , , , , , , , , , , , , , , , , , , , , , , , , , , , , , , , , , , , , , , , , , , , , , , , , , , , , , , , , , , , , ,2, ,83, , , , , , , , , , , , , , , , , , , , , , , , , , , , , , , , , , , , , , , ,9, , , , , , , , , , , , , , , , , , , , , , , , , , , , , , , , , ,3, , , , , , ,5, , , , , , , , , , , , , , , , , , , , , , , , , , , , , , , , , , , , , , , , , , , , , , , , , , , , , , , , , , , , , , , , , , , , ,2,2, , , , ,1, , , , , , , , , , , , , , , , , , , , , , , , , , , , , , , , , , , , , , , , , , , , , , , , , , , , , , , , , , , , , , ,4, , , ,1, , , , , , , , ,10, , , , , , , , , , , , , , , , , , , , , , , , , , , , , , , , , , , , , ,1/25/2024,1/25/2024,1
1202401,2,1.04054151261662,8007516,2,2,2,4,4,9,2,1,4, , , , , , , , , , , , , , , , , , , , , , , , , , , , , , , , , ,3,4,2, , , , , , , , , , , , , , , , , , , , , , , , , , , , , , , , , , , , , , , , , , , , , , , , , , , , , , , , , , , , , , , , , , , , , , , , , , , , , , , , , , , , , , , , , , , , , , , , , , , , , , , , , , , , , , , , , , , , , , , , , , ,1, ,4, ,4, ,4, ,3, ,1, , ,2,1,1,1,2,1,3,2,2,9,1,1,1,1,1,1,1,1,2,2,2,1,1, , ,99,99,99, , , ,1, ,4,7,7, ,1,1,1,2,1,2,9,1,2,2,2,1,1,9,2,1,4, , , , , ,2,4,4,4, , , ,3, , , , , , , , , , ,2, , ,1,2, , , , , , , , , , , , , , , , , , , , , , , , , , , , , , , , , , , , , , , , , , , , , , , , , , , , , , , , , , , , , , , , , , , , , , , , , , , , , , , , , , , , , , , , , , , , , , , , , , , , , , , , , , , , , , , , ,1, ,71, , , , , , , , , , , , , , , , , , , , , , , , , , , , , , , , , , , , , , , ,9, , , , , , , , , , , , , , , , , , , , , , , , , , , , , , , , , ,8, , , , , , ,99,1, , , , , , , , , , , , , , , , , , , , , , , , , , , , , , , , , , , , , , , , , , , , , , , , , , , , , , , , , , , , , , , , , , , ,1, , , , , ,3, , , , , , , , , , , , , , , , , , , , , , , , , , , , , , , , , , , , , , , , , , , , , , , , , , , , , , , , , , , , , , ,2, , , ,2, , , , , , , , ,8, , , , , , , , , , , , , , , , , , , , , , , , , , , , , , , , , , , , , ,1/26/2024,1/26/2024,1
1202401,2,.732670190791762,8007664,2,9,2,2,2,2,2,2,3, , , , , , , , , , , , , , , , , , , , , , , , , , , , , , , , , ,3,3,3, , , , , , , , , , , , , , , , , , , , , , , , , , , , , , , , , , , , , , , , , , , , , , , , , , , , , , , , , , , , , , , , , , , , , , , , , , , , , , , , , , , , , , , , , , , , , , , , , , , , , , , , , , , , , , , , , , , , , , , , , , ,2, ,4, ,3, ,3, ,2, ,3, , ,2,8,8,2,8,2,4,4,4,3,1,1,1,2,1,1,3,4,3,2,2,1,2, , ,7,99,3, , , ,2, ,3,7,6, ,1,8,1,2,1,2,1,1,2,2,2,2,2,8,2,8,4, , , , , ,8,2,2,3, , , ,3, , , , , , , , , , ,2, , ,3,2, , , , , , , , , , , , , , , , , , , , , , , , , , , , , , , , , , , , , , , , , , , , , , , , , , , , , , , , , , , , , , , , , , , , , , , , , , , , , , , , , , , , , , , , , , , , , , , , , , , , , , , , , , , , , , , , ,2, ,59, , , , , , , , , , , , , , , , , , , , , , , , , , , , , , , , , , , , , , , ,4, , , , , , , , , , , , , , , , , , , , , , , , , , , , , , , , , ,4, , , , , , ,99,1, , , , , , , , , , , , , , , , , , , , , , , , , , , , , , , , , , , , , , , , , , , , , , , , , , , , , , , , , , , , , , , , , , , ,1, , , , , ,97, , , , , , , , , , , , , , , , , , , , , , , , , , , , ,2, , , , , , , , , , , , , , , , , , , , , , , , , , , , , , , , , ,9, , , ,1, , , , , , , , ,9, , , , , , , , , , , , , , , , , , , , , , , , , , , , , , , , , , , , , ,1/25/2024,1/25/2024,1
1202401,2,.344790075233333,8007915,4,2,4,2,3,1,4,2,4, , , , , , , , , , , , , , , , , , , , , , , , , , , , , , , , , ,4,2,4, , , , , , , , , , , , , , , , , , , , , , , , , , , , , , , , , , , , , , , , , , , , , , , , , , , , , , , , , , , , , , , , , , , , , , , , , , , , , , , , , , , , , , , , , , , , , , , , , , , , , , , , , , , , , , , , , , , , , , , , , , ,1, ,4, ,4, ,4, ,2, ,1, , ,1,1,1,2,1,4,2,4,4,3,1,1,1,3,3,1,9,3,4,3,2,3,4, , ,1,99,99, , , ,1, ,2,6,6, ,1,3,2,2,2,2,2,2,2,2,2,2,2,9,2,1,4, , , , , ,3,3,3,4, , , ,8, , , , , , , , , , ,2, , ,1,2, , , , , , , , , , , , , , , , , , , , , , , , , , , , , , , , , , , , , , , , , , , , , , , , , , , , , , , , , , , , , , , , , , , , , , , , , , , , , , , , , , , , , , , , , , , , , , , , , , , , , , , , , , , , , , , , ,2, ,55, , , , , , , , , , , , , , , , , , , , , , , , , , , , , , , , , , , , , , , ,11, , , , , , , , , , , , , , , , , , , , , , , , , , , , , , , , , ,2, , , , , , ,11, , , , , , , , , , , , , , , , , , , , , , , , , , , , , , , , , , , , , , , , , , , , , , , , , , , , , , , , , , , , , , , , , , , , ,3,3, , , , ,2, , , , , , , , , , , , , , , , , , , , , , , , , , , , , , , , , , , , , , , , , , , , , , , , , , , , , , , , , , , , , , ,3, , , ,1, , , , , , , , ,9, , , , , , , , , , , , , , , , , , , , , , , , , , , , , , , , , , , , , ,2/5/2024,2/5/2024,1
1202401,2,.57355024264028,8008440,2,2,2,2,4,2,2,2,4, , , , , , , , , , , , , , , , , , , , , , , , , , , , , , , , , ,3,2,2, , , , , , , , , , , , , , , , , , , , , , , , , , , , , , , , , , , , , , , , , , , , , , , , , , , , , , , , , , , , , , , , , , , , , , , , , , , , , , , , , , , , , , , , , , , , , , , , , , , , , , , , , , , , , , , , , , , , , , , , , , ,2, ,4, ,3, ,3, ,2, ,8, , ,8,2,2,2,2,2,2,2,2,2,1,2,2,2,1,1,2,3,3,2,3,3,3, , ,1,1,99, , , ,2, ,1,2,1, ,1,1,1,2,2,2,1,2,1,1,2,1,1,1,1,2,4, , , , , ,4,4,4,2,2, , ,2, , , , , , , , , , ,2, , ,2,2, , , , , , , , , , , , , , , , , , , , , , , , , , , , , , , , , , , , , , , , , , , , , , , , , , , , , , , , , , , , , , , , , , , , , , , , , , , , , , , , , , , , , , , , , , , , , , , , , , , , , , , , , , , , , , , , ,2, ,69, , , , , , , , , , , , , , , , , , , , , , , , , , , , , , , , , , , , , , , ,10, , , , , , , , , , , , , , , , , , , , , , , , , , , , , , , , , ,3, , , , , , ,6, , , , , , , , , , , , , , , , , , , , , , , , , , , , , , , , , , , , , , , , , , , , , , , , , , , , , , , , , , , , , , , , , , , , ,3,3, , , , ,97, , , , , , , , , , , , , , , , , , , , , , , , , , , , ,2, , , , , , , , , , , , , , , , , , , , , , , , , , , , , , , , , ,8, , , ,1, , , , , , , , ,1, , , , , , , , , , , , , , , , , , , , , , , , , , , , , , , , , , , , , ,4/18/2024,4/18/2024,1
1202401,2,.495053349501578,8008448,4,2,4,4,4,8,4,8,4, , , , , , , , , , , , , , , , , , , , , , , , , , , , , , , , , ,4,1,4, , , , , , , , , , , , , , , , , , , , , , , , , , , , , , , , , , , , , , , , , , , , , , , , , , , , , , , , , , , , , , , , , , , , , , , , , , , , , , , , , , , , , , , , , , , , , , , , , , , , , , , , , , , , , , , , , , , , , , , , , , ,4, ,1, ,4, ,4, ,3, ,4, , ,4,4,4,4,4,4,1,2,1,1,1,1,1,4,4,2,1,4,1,1,1,1,1, , ,1,2,99, , , ,2, ,1,5,1, ,1,1,1,2,1,1,2,2,2,2,2,2,1,2,2,1,1, , , , , ,1,2,1,1,1, , ,4, , , , , , , , , , ,2, , ,1,2, , , , , , , , , , , , , , , , , , , , , , , , , , , , , , , , , , , , , , , , , , , , , , , , , , , , , , , , , , , , , , , , , , , , , , , , , , , , , , , , , , , , , , , , , , , , , , , , , , , , , , , , , , , , , , , , ,2, ,70, , , , , , , , , , , , , , , , , , , , , , , , , , , , , , , , , , , , , , , ,10, , , , , , , , , , , , , , , , , , , , , , , , , , , , , , , , , ,2, , , , , , ,1, , , , , , , , , , , , , , , , , , , , , , , , , , , , , , , , , , , , , , , , , , , , , , , , , , , , , , , , , , , , , , , , , , , , ,1, , , , , ,2, , , , , , , , , , , , , , , , , , , , , , , , , , , , , , , , , , , , , , , , , , , , , , , , , , , , , , , , , , , , , , ,6, , , ,2, , , , , , , , ,1, , , , , , , , , , , , , , , , , , , , , , , , , , , , , , , , , , , , , ,2/6/2024,2/6/2024,1
1202401,2,.379985560716817,8008563,2,2,3,2,3,3,3,3,4, , , , , , , , , , , , , , , , , , , , , , , , , , , , , , , , , ,2,3,8, , , , , , , , , , , , , , , , , , , , , , , , , , , , , , , , , , , , , , , , , , , , , , , , , , , , , , , , , , , , , , , , , , , , , , , , , , , , , , , , , , , , , , , , , , , , , , , , , , , , , , , , , , , , , , , , , , , , , , , , , , ,2, ,4, ,3, ,3, ,2, ,2, , ,2,2,8,2,8,1,1,2,3,3,3,3,3,2,2,1,3,2,2,3,3,1,3, , ,1,1,99, , , ,2, ,4,5,7, ,1,2,2,2,1,2,2,2,2,2,2,2,2,1,2,2,4, , , , , ,3,3,4,4, , , ,3, , , , , , , , , , ,2, , ,3,2, , , , , , , , , , , , , , , , , , , , , , , , , , , , , , , , , , , , , , , , , , , , , , , , , , , , , , , , , , , , , , , , , , , , , , , , , , , , , , , , , , , , , , , , , , , , , , , , , , , , , , , , , , , , , , , , ,1, ,72, , , , , , , , , , , , , , , , , , , , , , , , , , , , , , , , , , , , , , , ,98, , , , , , , , , , , , , , , , , , , , , , , , , , , , , , , , , ,9, , , , , , ,1, , , , , , , , , , , , , , , , , , , , , , , , , , , , , , , , , , , , , , , , , , , , , , , , , , , , , , , , , , , , , , , , , , , , ,1, , , , , ,1, , , , , , , , , , , , , , , , , , , , , , , , , , , , , , , , , , , , , , , , , , , , , , , , , , , , , , , , , , , , , , ,9, , , ,2, , , , , , , , ,3, , , , , , , , , , , , , , , , , , , , , , , , , , , , , , , , , , , , , ,2/28/2024,2/28/2024,1
1202401,2,.973055893790804,8008759,4,2,4,4,4,4,4,4,3, , , , , , , , , , , , , , , , , , , , , , , , , , , , , , , , , ,4,1,4, , , , , , , , , , , , , , , , , , , , , , , , , , , , , , , , , , , , , , , , , , , , , , , , , , , , , , , , , , , , , , , , , , , , , , , , , , , , , , , , , , , , , , , , , , , , , , , , , , , , , , , , , , , , , , , , , , , , , , , , , , ,4, ,1, ,4, ,3, ,4, ,4, , ,4,4,4,4,3,1,1,2,1,1,1,1,1,4,4,3,1,2,2,1,2,1,2, , ,1,2,99, , , ,2, ,1,2,1, ,1,1,2,2,2,2,2,2,2,2,2,2,1,1,1,2,3, , , , , ,2,2,1,1,1, , ,4, , , , , , , , , , ,2, , ,1,2, , , , , , , , , , , , , , , , , , , , , , , , , , , , , , , , , , , , , , , , , , , , , , , , , , , , , , , , , , , , , , , , , , , , , , , , , , , , , , , , , , , , , , , , , , , , , , , , , , , , , , , , , , , , , , , , ,2, ,76, , , , , , , , , , , , , , , , , , , , , , , , , , , , , , , , , , , , , , , ,6, , , , , , , , , , , , , , , , , , , , , , , , , , , , , , , , , ,4, , , , , , ,3, , , , , , , , , , , , , , , , , , , , , , , , , , , , , , , , , , , , , , , , , , , , , , , , , , , , , , , , , , , , , , , , , , , , ,2,2, , , , ,2, , , , , , , , , , , , , , , , , , , , , , , , , , , , , , , , , , , , , , , , , , , , , , , , , , , , , , , , , , , , , , ,9, , , ,1, , , , , , , , ,2, , , , , , , , , , , , , , , , , , , , , , , , , , , , , , , , , , , , , ,1/27/2024,1/27/2024,1
1202401,2,2.43256932414706,8008992,2,2,2,4,4,2,2,2,4, , , , , , , , , , , , , , , , , , , , , , , , , , , , , , , , , ,2,4,1, , , , , , , , , , , , , , , , , , , , , , , , , , , , , , , , , , , , , , , , , , , , , , , , , , , , , , , , , , , , , , , , , , , , , , , , , , , , , , , , , , , , , , , , , , , , , , , , , , , , , , , , , , , , , , , , , , , , , , , , , , ,1, ,3, ,4, ,4, ,3, ,1, , ,1,2,2,4,3,1,2,2,3,2,1,1,1,2,1,1,2,1,2,3,2,1,3, , ,7,99,2, , , ,2, ,4,7,7, ,2,3,2,2,2,2,2,2,2,2,2,2,2,2,2,1,4, , , , , ,4,4,4,4, , , ,3, , , , , , , , , , ,3, , ,2,2, , , , , , , , , , , , , , , , , , , , , , , , , , , , , , , , , , , , , , , , , , , , , , , , , , , , , , , , , , , , , , , , , , , , , , , , , , , , , , , , , , , , , , , , , , , , , , , , , , , , , , , , , , , , , , , , ,2, ,84, , , , , , , , , , , , , , , , , , , , , , , , , , , , , , , , , , , , , , , ,9, , , , , , , , , , , , , , , , , , , , , , , , , , , , , , , , , ,3, , , , , , ,1, , , , , , , , , , , , , , , , , , , , , , , , , , , , , , , , , , , , , , , , , , , , , , , , , , , , , , , , , , , , , , , , , , , , ,3,3, , , , ,3, , , , , , , , , , , , , , , , , , , , , , , , , , , , , , , , , , , , , , , , , , , , , , , , , , , , , , , , , , , , , , ,0, , , ,2, , , , , , , , ,9, , , , , , , , , , , , , , , , , , , , , , , , , , , , , , , , , , , , , ,2/20/2024,2/20/2024,1
1202401,2,2.00881949915505,8009028,3,2,3,2,4,2,2,2,4, , , , , , , , , , , , , , , , , , , , , , , , , , , , , , , , , ,4,1,3, , , , , , , , , , , , , , , , , , , , , , , , , , , , , , , , , , , , , , , , , , , , , , , , , , , , , , , , , , , , , , , , , , , , , , , , , , , , , , , , , , , , , , , , , , , , , , , , , , , , , , , , , , , , , , , , , , , , , , , , , , ,2, ,4, ,3, ,4, ,3, ,1, , ,8,3,2,2,2,1,3,3,3,2,1,1,1,3,2,2,2,1,3,8,1,3,2, , ,1,2,99, , , ,2, ,1,3,3, ,1,1,2,2,2,2,2,2,2,2,2,2,1,1,1,2,2, , , , , ,2,1,1,1,9, , ,2, , , , , , , , , , ,2, , ,2,8, , , , , , , , , , , , , , , , , , , , , , , , , , , , , , , , , , , , , , , , , , , , , , , , , , , , , , , , , , , , , , , , , , , , , , , , , , , , , , , , , , , , , , , , , , , , , , , , , , , , , , , , , , , , , , , , ,2, ,77, , , , , , , , , , , , , , , , , , , , , , , , , , , , , , , , , , , , , , , ,7, , , , , , , , , , , , , , , , , , , , , , , , , , , , , , , , , ,4, , , , , , ,2, , , , , , , , , , , , , , , , , , , , , , , , , , , , , , , , , , , , , , , , , , , , , , , , , , , , , , , , , , , , , , , , , , , , ,2,2, , , , ,2, , , , , , , , , , , , , , , , , , , , , , , , , , , , , , , , , , , , , , , , , , , , , , , , , , , , , , , , , , , , , , ,5, , , ,2, , , , , , , , ,10, , , , , , , , , , , , , , , , , , , , , , , , , , , , , , , , , , , , , ,2/10/2024,2/10/2024,1
1202401,2,.518456492503458,8009448,1,1,1,4,3,2,2,2,4, , , , , , , , , , , , , , , , , , , , , , , , , , , , , , , , , ,2,4,2, , , , , , , , , , , , , , , , , , , , , , , , , , , , , , , , , , , , , , , , , , , , , , , , , , , , , , , , , , , , , , , , , , , , , , , , , , , , , , , , , , , , , , , , , , , , , , , , , , , , , , , , , , , , , , , , , , , , , , , , , , ,2, ,4, ,3, ,4, ,2, ,3, , ,2,2,2,2,4,2,2,3,3,2,2,3,2,1,2,1,4,2,3,1,2,1,3, , ,7,99,1, , , ,1, ,4,7,7, ,2,4,1,2,1,2,2,2,2,2,2,2,2,2,2,1,4, , , , , ,4,4,4,4, , , ,2, , , , , , , , , , ,2, , ,2,2, , , , , , , , , , , , , , , , , , , , , , , , , , , , , , , , , , , , , , , , , , , , , , , , , , , , , , , , , , , , , , , , , , , , , , , , , , , , , , , , , , , , , , , , , , , , , , , , , , , , , , , , , , , , , , , , ,1, ,80, , , , , , , , , , , , , , , , , , , , , , , , , , , , , , , , , , , , , , , ,9, , , , , , , , , , , , , , , , , , , , , , , , , , , , , , , , , ,2, , , , , , ,10, , , , , , , , , , , , , , , , , , , , , , , , , , , , , , , , , , , , , , , , , , , , , , , , , , , , , , , , , , , , , , , , , , , , ,1, , , , , ,1, , , , , , , , , , , , , , , , , , , , , , , , , , , , , , , , , , , , , , , , , , , , , , , , , , , , , , , , , , , , , , ,4, , ,1, , , , , , , , , ,1, , , , , , , , , , , , , , , , , , , , , , , , , , , , , , , , , , , , , ,1/25/2024,1/25/2024,1
1202401,2,.732670190791762,8009663,4,2,4,2,4,2,2,1,3, , , , , , , , , , , , , , , , , , , , , , , , , , , , , , , , , ,4,2,3, , , , , , , , , , , , , , , , , , , , , , , , , , , , , , , , , , , , , , , , , , , , , , , , , , , , , , , , , , , , , , , , , , , , , , , , , , , , , , , , , , , , , , , , , , , , , , , , , , , , , , , , , , , , , , , , , , , , , , , , , , ,1, ,4, ,4, ,4, ,2, ,2, , ,1,2,2,1,1,1,1,2,2,2,2,1,2,1,1,1,1,1,1,1,1,1,2, , ,7,99,3, , , ,1, ,3,6,5, ,2,4,2,2,2,2,2,2,2,2,1,2,2,2,1,1,4, , , , , ,4,2,2,3, , , ,3, , , , , , , , , , ,2, , ,2,2, , , , , , , , , , , , , , , , , , , , , , , , , , , , , , , , , , , , , , , , , , , , , , , , , , , , , , , , , , , , , , , , , , , , , , , , , , , , , , , , , , , , , , , , , , , , , , , , , , , , , , , , , , , , , , , , ,2, ,83, , , , , , , , , , , , , , , , , , , , , , , , , , , , , , , , , , , , , , , ,6, , , , , , , , , , , , , , , , , , , , , , , , , , , , , , , , , ,3, , , , , , ,99,1, , , , , , , , , , , , , , , , , , , , , , , , , , , , , , , , , , , , , , , , , , , , , , , , , , , , , , , , , , , , , , , , , , , ,1, , , , , ,2, , , , , , , , , , , , , , , , , , , , , , , , , , , , , , , , , , , , , , , , , , , , , , , , , , , , , , , , , , , , , , ,4, , , ,1, , , , , , , , ,9, , , , , , , , , , , , , , , , , , , , , , , , , , , , , , , , , , , , , ,4/21/2024,4/21/2024,1
1202401,2,.268039640432699,8009814,2,2,3,2,3,2,3,3,3, , , , , , , , , , , , , , , , , , , , , , , , , , , , , , , , , ,4,3,4, , , , , , , , , , , , , , , , , , , , , , , , , , , , , , , , , , , , , , , , , , , , , , , , , , , , , , , , , , , , , , , , , , , , , , , , , , , , , , , , , , , , , , , , , , , , , , , , , , , , , , , , , , , , , , , , , , , , , , , , , , ,2, ,4, ,3, ,4, ,2, ,3, , ,2,2,2,2,2,1,4,2,4,2,1,2,3,2,2,1,1,2,3,2,3,1,2, , ,7,99,3, , , ,1, ,4,7,7, ,2,3,2,2,2,2,2,2,2,2,2,2,8,1,2,1,4, , , , , ,4,4,4,3, , , ,3, , , , , , , , , , ,2, , ,1,2, , , , , , , , , , , , , , , , , , , , , , , , , , , , , , , , , , , , , , , , , , , , , , , , , , , , , , , , , , , , , , , , , , , , , , , , , , , , , , , , , , , , , , , , , , , , , , , , , , , , , , , , , , , , , , , , ,1, ,77, , , , , , , , , , , , , , , , , , , , , , , , , , , , , , , , , , , , , , , ,10, , , , , , , , , , , , , , , , , , , , , , , , , , , , , , , , , ,2, , , , , , ,99,9, , , , , , , , , , , , , , , , , , , , , , , , , , , , , , , , , , , , , , , , , , , , , , , , , , , , , , , , , , , , , , , , , , , ,2,2, , , , ,2, , , , , , , , , , , , , , , , , , , , , , , , , , , , , , , , , , , , , , , , , , , , , , , , , , , , , , , , , , , , , , ,3, , ,2, , , , , , , , , ,3, , , , , , , , , , , , , , , , , , , , , , , , , , , , , , , , , , , , , ,2/8/2024,2/8/2024,1
1202401,2,.299580065797553,8009909,3,2,2,3,4,2,2,2,4, , , , , , , , , , , , , , , , , , , , , , , , , , , , , , , , , ,3,2,2, , , , , , , , , , , , , , , , , , , , , , , , , , , , , , , , , , , , , , , , , , , , , , , , , , , , , , , , , , , , , , , , , , , , , , , , , , , , , , , , , , , , , , , , , , , , , , , , , , , , , , , , , , , , , , , , , , , , , , , , , , ,2, ,4, ,4, ,4, ,2, ,1, , ,2,3,2,2,2,2,3,2,3,2,1,3,2,1,1,1,1,1,2,2,3,3,3, , ,1,2,99, , , ,2, ,2,4,6, ,1,2,2,2,2,2,2,2,2,2,2,2,1,1,1,2,2, , , , , ,4,2,3,4, , , ,3, , , , , , , , , , ,2, , ,2,2, , , , , , , , , , , , , , , , , , , , , , , , , , , , , , , , , , , , , , , , , , , , , , , , , , , , , , , , , , , , , , , , , , , , , , , , , , , , , , , , , , , , , , , , , , , , , , , , , , , , , , , , , , , , , , , , ,2, ,82, , , , , , , , , , , , , , , , , , , , , , , , , , , , , , , , , , , , , , , ,10, , , , , , , , , , , , , , , , , , , , , , , , , , , , , , , , , ,2, , , , , , ,6, , , , , , , , , , , , , , , , , , , , , , , , , , , , , , , , , , , , , , , , , , , , , , , , , , , , , , , , , , , , , , , , , , , , ,1, , , , , ,2, , , , , , , , , , , , , , , , , , , , , , , , , , , , , , , , , , , , , , , , , , , , , , , , , , , , , , , , , , , , , , ,9, , ,2, , , , , , , , , ,9, , , , , , , , , , , , , , , , , , , , , , , , , , , , , , , , , , , , , ,2/3/2024,2/3/2024,1
1202401,2,.392631689347981,8010139,2,1,4,2,4,2,4,2,4, , , , , , , , , , , , , , , , , , , , , , , , , , , , , , , , , ,4,2,4, , , , , , , , , , , , , , , , , , , , , , , , , , , , , , , , , , , , , , , , , , , , , , , , , , , , , , , , , , , , , , , , , , , , , , , , , , , , , , , , , , , , , , , , , , , , , , , , , , , , , , , , , , , , , , , , , , , , , , , , , , ,2, ,3, ,4, ,4, ,2, ,2, , ,2,3,3,2,2,4,3,2,2,1,1,1,1,4,2,1,1,2,2,2,1,2,2, , ,7,99,1, , , ,2, ,4,6,7, ,2,3,2,2,2,2,2,2,2,2,2,2,2,2,2,1,4, , , , , ,4,4,4,4, , , ,1, , , , , , , , , , ,1, , ,1,2, , , , , , , , , , , , , , , , , , , , , , , , , , , , , , , , , , , , , , , , , , , , , , , , , , , , , , , , , , , , , , , , , , , , , , , , , , , , , , , , , , , , , , , , , , , , , , , , , , , , , , , , , , , , , , , , ,1, ,65, , , , , , , , , , , , , , , , , , , , , , , , , , , , , , , , , , , , , , , ,10, , , , , , , , , , , , , , , , , , , , , , , , , , , , , , , , , ,2, , , , , , ,10, , , , , , , , , , , , , , , , , , , , , , , , , , , , , , , , , , , , , , , , , , , , , , , , , , , , , , , , , , , , , , , , , , , , ,2,2, , , , ,2, , , , , , , , , , , , , , , , , , , , , , , , , , , , , , , , , , , , , , , , , , , , , , , , , , , , , , , , , , , , , , ,6, , , ,1, , , , , , , , ,8, , , , , , , , , , , , , , , , , , , , , , , , , , , , , , , , , , , , , ,2/5/2024,2/5/2024,1
1202401,2,1.03342936831839,8010208,2,2,2,3,3,3,3,3,4, , , , , , , , , , , , , , , , , , , , , , , , , , , , , , , , , ,2,4,2, , , , , , , , , , , , , , , , , , , , , , , , , , , , , , , , , , , , , , , , , , , , , , , , , , , , , , , , , , , , , , , , , , , , , , , , , , , , , , , , , , , , , , , , , , , , , , , , , , , , , , , , , , , , , , , , , , , , , , , , , , ,2, ,4, ,3, ,4, ,3, ,1, , ,2,3,8,2,4,1,1,1,1,1,1,1,2,2,1,1,2,2,3,8,2,1,2, , ,1,1,99, , , ,2, ,2,5,7, ,1,3,8,2,2,2,2,2,2,2,2,2,8,8,1,1,4, , , , , ,2,3,2,2,2, , ,2, , , , , , , , , , ,2, , ,2,2, , , , , , , , , , , , , , , , , , , , , , , , , , , , , , , , , , , , , , , , , , , , , , , , , , , , , , , , , , , , , , , , , , , , , , , , , , , , , , , , , , , , , , , , , , , , , , , , , , , , , , , , , , , , , , , , ,2, ,88, , , , , , , , , , , , , , , , , , , , , , , , , , , , , , , , , , , , , , , ,6, , , , , , , , , , , , , , , , , , , , , , , , , , , , , , , , , ,2, , , , , , ,99,9, , , , , , , , , , , , , , , , , , , , , , , , , , , , , , , , , , , , , , , , , , , , , , , , , , , , , , , , , , , , , , , , , , , ,1, , , , , ,4, , , , , , , , , , , , , , , , , , , , , , , , , , , , , , , , , , , , , , , , , , , , , , , , , , , , , , , , , , , , , , ,8, , , ,2, , , , , , , , ,3, , , , , , , , , , , , , , , , , , , , , , , , , , , , , , , , , , , , , ,2/9/2024,2/9/2024,1
1202401,2,.612650014224278,8010599,2,2,2,3,2,2,1,2,2, , , , , , , , , , , , , , , , , , , , , , , , , , , , , , , , , ,2,3,1, , , , , , , , , , , , , , , , , , , , , , , , , , , , , , , , , , , , , , , , , , , , , , , , , , , , , , , , , , , , , , , , , , , , , , , , , , , , , , , , , , , , , , , , , , , , , , , , , , , , , , , , , , , , , , , , , , , , , , , , , , ,2, ,4, ,4, ,4, ,3, ,2, , ,2,2,3,2,2,1,2,2,2,2,2,2,1,2,1,2,1,1,1,3,2,1,2, , ,1,2,99, , , ,2, ,2,6,5, ,1,1,1,2,1,2,1,2,2,2,2,2,1,2,2,1,4, , , , , ,3,3,3,4, , , ,1, , , , , , , , , , ,2, , ,2,2, , , , , , , , , , , , , , , , , , , , , , , , , , , , , , , , , , , , , , , , , , , , , , , , , , , , , , , , , , , , , , , , , , , , , , , , , , , , , , , , , , , , , , , , , , , , , , , , , , , , , , , , , , , , , , , , ,2, ,50, , , , , , , , , , , , , , , , , , , , , , , , , , , , , , , , , , , , , , , ,10, , , , , , , , , , , , , , , , , , , , , , , , , , , , , , , , , ,3, , , , , , ,6, , , , , , , , , , , , , , , , , , , , , , , , , , , , , , , , , , , , , , , , , , , , , , , , , , , , , , , , , , , , , , , , , , , , ,3,3, , , , ,5, , , , , , , , , , , , , , , , , , , , , , , , , , , , , , , , , , , , , , , , , , , , , , , , , , , , , , , , , , , , , , ,3, , ,2, , , , , , , , , ,4, , , , , , , , , , , , , , , , , , , , , , , , , , , , , , , , , , , , , ,2/1/2024,2/1/2024,1
1202401,2,.734523963461195,8010673,2,1,1,3,3,2,2,1,4, , , , , , , , , , , , , , , , , , , , , , , , , , , , , , , , , ,1,4,2, , , , , , , , , , , , , , , , , , , , , , , , , , , , , , , , , , , , , , , , , , , , , , , , , , , , , , , , , , , , , , , , , , , , , , , , , , , , , , , , , , , , , , , , , , , , , , , , , , , , , , , , , , , , , , , , , , , , , , , , , , ,1, ,4, ,3, ,4, ,2, ,1, , ,1,2,2,1,2,2,3,2,4,2,1,1,1,1,1,1,3,3,3,3,3,2,3, , ,7,99,3, , , ,1, ,4,6,7, ,2,4,2,2,2,1,2,2,2,2,2,2,2,1,1,1,4, , , , , ,2,2,4,4, , , ,2, , , , , , , , , , ,2, , ,3,2, , , , , , , , , , , , , , , , , , , , , , , , , , , , , , , , , , , , , , , , , , , , , , , , , , , , , , , , , , , , , , , , , , , , , , , , , , , , , , , , , , , , , , , , , , , , , , , , , , , , , , , , , , , , , , , , ,2, ,65, , , , , , , , , , , , , , , , , , , , , , , , , , , , , , , , , , , , , , , ,9, , , , , , , , , , , , , , , , , , , , , , , , , , , , , , , , , ,4, , , , , , ,1, , , , , , , , , , , , , , , , , , , , , , , , , , , , , , , , , , , , , , , , , , , , , , , , , , , , , , , , , , , , , , , , , , , , ,1, , , , , ,1, , , , , , , , , , , , , , , , , , , , , , , , , , , , , , , , , , , , , , , , , , , , , , , , , , , , , , , , , , , , , , ,2, , , ,1, , , , , , , , ,9, , , , , , , , , , , , , , , , , , , , , , , , , , , , , , , , , , , , , ,2/4/2024,2/4/2024,1
1202401,2,.444999508362408,8011091,2,1,2,2,3,2,2,2,4, , , , , , , , , , , , , , , , , , , , , , , , , , , , , , , , , ,3,3,2, , , , , , , , , , , , , , , , , , , , , , , , , , , , , , , , , , , , , , , , , , , , , , , , , , , , , , , , , , , , , , , , , , , , , , , , , , , , , , , , , , , , , , , , , , , , , , , , , , , , , , , , , , , , , , , , , , , , , , , , , , ,2, ,4, ,4, ,4, ,2, ,3, , ,2,2,2,2,3,1,1,1,2,2,1,1,2,2,1,1,4,4,3,2,1,1,3, , ,7,99,2, , , ,1, ,4,6,7, ,2,3,2,2,1,2,2,2,2,2,2,1,1,1,1,2,3, , , , , ,4,3,1,3, , , ,2, , , , , , , , , , ,2, , ,2,2, , , , , , , , , , , , , , , , , , , , , , , , , , , , , , , , , , , , , , , , , , , , , , , , , , , , , , , , , , , , , , , , , , , , , , , , , , , , , , , , , , , , , , , , , , , , , , , , , , , , , , , , , , , , , , , , ,1, ,50, , , , , , , , , , , , , , , , , , , , , , , , , , , , , , , , , , , , , , , ,10, , , , , , , , , , , , , , , , , , , , , , , , , , , , , , , , , ,3, , , , , , ,8, , , , , , , , , , , , , , , , , , , , , , , , , , , , , , , , , , , , , , , , , , , , , , , , , , , , , , , , , , , , , , , , , , , , ,8,4, , , , ,3, , , , , , , , , , , , , , , , , , , , , , , , , , , , , , , , , , , , , , , , , , , , , , , , , , , , , , , , , , , , , , ,3, , , ,1, , , , , , , , ,3, , , , , , , , , , , , , , , , , , , , , , , , , , , , , , , , , , , , , ,4/20/2024,4/20/2024,1
1202401,2,.677572824874475,8011565,4,2,2,2,4,2,2,2,4, , , , , , , , , , , , , , , , , , , , , , , , , , , , , , , , , ,3,3,3, , , , , , , , , , , , , , , , , , , , , , , , , , , , , , , , , , , , , , , , , , , , , , , , , , , , , , , , , , , , , , , , , , , , , , , , , , , , , , , , , , , , , , , , , , , , , , , , , , , , , , , , , , , , , , , , , , , , , , , , , , ,2, ,4, ,4, ,4, ,2, ,1, , ,2,8,8,2,3,2,1,2,2,1,1,2,2,1,1,2,4,2,4,4,2,1,3, , ,1,1,99, , , ,2, ,2,5,3, ,1,2,1,1,1,2,1,2,2,1,2,2,1,2,2,2,1, , , , , ,1,8,1,4, , , ,3, , , , , , , , , , ,2, , ,1,2, , , , , , , , , , , , , , , , , , , , , , , , , , , , , , , , , , , , , , , , , , , , , , , , , , , , , , , , , , , , , , , , , , , , , , , , , , , , , , , , , , , , , , , , , , , , , , , , , , , , , , , , , , , , , , , , ,2, ,63, , , , , , , , , , , , , , , , , , , , , , , , , , , , , , , , , , , , , , , ,8, , , , , , , , , , , , , , , , , , , , , , , , , , , , , , , , , ,3, , , , , , ,3, , , , , , , , , , , , , , , , , , , , , , , , , , , , , , , , , , , , , , , , , , , , , , , , , , , , , , , , , , , , , , , , , , , , ,1, , , , , ,4, , , , , , , , , , , , , , , , , , , , , , , , , , , , , , , , , , , , , , , , , , , , , , , , , , , , , , , , , , , , , , ,8, , ,2, , , , , , , , , ,3, , , , , , , , , , , , , , , , , , , , , , , , , , , , , , , , , , , , , ,4/18/2024,4/18/2024,1
1202401,2,.276352197553937,8011611,2,2,2,4,3,2,2,2,4, , , , , , , , , , , , , , , , , , , , , , , , , , , , , , , , , ,3,4,2, , , , , , , , , , , , , , , , , , , , , , , , , , , , , , , , , , , , , , , , , , , , , , , , , , , , , , , , , , , , , , , , , , , , , , , , , , , , , , , , , , , , , , , , , , , , , , , , , , , , , , , , , , , , , , , , , , , , , , , , , , ,2, ,4, ,4, ,4, ,2, ,2, , ,3,4,3,3,3,1,2,2,2,1,1,1,2,2,2,1,2,2,2,3,3,1,3, , ,7,99,2, , , ,1, ,3,6,7, ,2,3,2,2,2,2,2,2,2,2,2,2,2,2,2,1,4, , , , , ,4,4,3,4, , , ,2, , , , , , , , , , ,2, , ,2,2, , , , , , , , , , , , , , , , , , , , , , , , , , , , , , , , , , , , , , , , , , , , , , , , , , , , , , , , , , , , , , , , , , , , , , , , , , , , , , , , , , , , , , , , , , , , , , , , , , , , , , , , , , , , , , , , ,2, ,67, , , , , , , , , , , , , , , , , , , , , , , , , , , , , , , , , , , , , , , ,10, , , , , , , , , , , , , , , , , , , , , , , , , , , , , , , , , ,3, , , , , , ,1, , , , , , , , , , , , , , , , , , , , , , , , , , , , , , , , , , , , , , , , , , , , , , , , , , , , , , , , , , , , , , , , , , , , ,1, , , , , ,3, , , , , , , , , , , , , , , , , , , , , , , , , , , , , , , , , , , , , , , , , , , , , , , , , , , , , , , , , , , , , , ,4, , ,2, , , , , , , , , ,3, , , , , , , , , , , , , , , , , , , , , , , , , , , , , , , , , , , , , ,4/17/2024,4/17/2024,1
1202401,2,.670742465639898,8011767,4,2,2,3,2,2,2,2,4, , , , , , , , , , , , , , , , , , , , , , , , , , , , , , , , , ,2,4,2, , , , , , , , , , , , , , , , , , , , , , , , , , , , , , , , , , , , , , , , , , , , , , , , , , , , , , , , , , , , , , , , , , , , , , , , , , , , , , , , , , , , , , , , , , , , , , , , , , , , , , , , , , , , , , , , , , , , , , , , , , ,3, ,4, ,3, ,4, ,3, ,2, , ,3,3,2,3,3,1,1,1,2,3,1,2,2,2,1,1,4,1,1,4,1,1,2, , ,99,99,99, , , ,1, ,2,4,6, ,9,1,1,2,1,1,2,2,2,2,2,2,1,2,2,1,4, , , , , ,4,4,4,4, , , ,2, , , , , , , , , , ,2, , ,1,2, , , , , , , , , , , , , , , , , , , , , , , , , , , , , , , , , , , , , , , , , , , , , , , , , , , , , , , , , , , , , , , , , , , , , , , , , , , , , , , , , , , , , , , , , , , , , , , , , , , , , , , , , , , , , , , , ,2, ,41, , , , , , , , , , , , , , , , , , , , , , , , , , , , , , , , , , , , , , , ,10, , , , , , , , , , , , , , , , , , , , , , , , , , , , , , , , , ,2, , , , , , ,11, , , , , , , , , , , , , , , , , , , , , , , , , , , , , , , , , , , , , , , , , , , , , , , , , , , , , , , , , , , , , , , , , , , , ,4,2, , , , ,3, , , , , , , , , , , , , , , , , , , , , , , , , , , , , , , , , , , , , , , , , , , , , , , , , , , , , , , , , , , , , , ,2, , , ,1, , , , , , , , ,8, , , , , , , , , , , , , , , , , , , , , , , , , , , , , , , , , , , , , ,2/3/2024,2/3/2024,1
1202401,2,.258625757265398,8011861,2,1,2,2,3,1,2,1,3, , , , , , , , , , , , , , , , , , , , , , , , , , , , , , , , , ,2,2,2, , , , , , , , , , , , , , , , , , , , , , , , , , , , , , , , , , , , , , , , , , , , , , , , , , , , , , , , , , , , , , , , , , , , , , , , , , , , , , , , , , , , , , , , , , , , , , , , , , , , , , , , , , , , , , , , , , , , , , , , , , ,1, ,1, ,4, ,4, ,1, ,2, , ,1,1,3,4,4,2,4,4,2,2,1,2,2,1,1,1,2,4,4,4,2,2,4, , ,1,1,99, , , ,2, ,4,6,7, ,2,4,8,2,2,8,2,2,2,2,2,2,8,1,1,2,2, , , , , ,2,2,2,4, , , ,4, , , , , , , , , , ,1, , ,4, , , , , , , , , , , , , , , , , , , , , , , , , , , , , , , , , , , , , , , , , , , , , , , , , , , , , , , , , , , , , , , , , , , , , , , , , , , , , , , , , , , , , , , , , , , , , , , , , , , , , , , , , , , , , , , , , ,1, ,78, , , , , , , , , , , , , , , , , , , , , , , , , , , , , , , , , , , , , , , ,11, , , , , , , , , , , , , , , , , , , , , , , , , , , , , , , , , ,4, , , , , , ,10, , , , , , , , , , , , , , , , , , , , , , , , , , , , , , , , , , , , , , , , , , , , , , , , , , , , , , , , , , , , , , , , , , , , ,1, , , , , ,4, , , , , , , , , , , , , , , , , , , , , , , , , , , , , , , , , , , , , , , , , , , , , , , , , , , , , , , , , , , , , , ,3, , , ,2, , , , , , , , ,3, , , , , , , , , , , , , , , , , , , , , , , , , , , , , , , , , , , , , ,2/2/2024,2/2/2024,1
1202401,2,.712429793567728,8011870,1,1,1,2,3,2,2,2,3, , , , , , , , , , , , , , , , , , , , , , , , , , , , , , , , , ,1,4,2, , , , , , , , , , , , , , , , , , , , , , , , , , , , , , , , , , , , , , , , , , , , , , , , , , , , , , , , , , , , , , , , , , , , , , , , , , , , , , , , , , , , , , , , , , , , , , , , , , , , , , , , , , , , , , , , , , , , , , , , , , ,2, ,4, ,2, ,4, ,2, ,2, , ,3,2,1,1,3,3,3,2,3,2,1,2,1,1,1,1,3,4,2,4,3,3,3, , ,1,1,99, , , ,2, ,3,6,5, ,1,3,2,2,1,2,2,2,2,1,2,2,2,2,2,1,4, , , , , ,4,4,2,4, , , ,3, , , , , , , , , , ,2, , ,3,2, , , , , , , , , , , , , , , , , , , , , , , , , , , , , , , , , , , , , , , , , , , , , , , , , , , , , , , , , , , , , , , , , , , , , , , , , , , , , , , , , , , , , , , , , , , , , , , , , , , , , , , , , , , , , , , , ,1, ,60, , , , , , , , , , , , , , , , , , , , , , , , , , , , , , , , , , , , , , , ,9, , , , , , , , , , , , , , , , , , , , , , , , , , , , , , , , , ,2, , , , , , ,11, , , , , , , , , , , , , , , , , , , , , , , , , , , , , , , , , , , , , , , , , , , , , , , , , , , , , , , , , , , , , , , , , , , , ,2,2, , , , ,1, , , , , , , , , , , , , , , , , , , , , , , , , , , , , , , , , , , , , , , , , , , , , , , , , , , , , , , , , , , , , , ,2, , ,2, , , , , , , , , ,9, , , , , , , , , , , , , , , , , , , , , , , , , , , , , , , , , , , , , ,1/30/2024,1/30/2024,1
1202401,2,.45468185540301,8012050,2,1,2,3,3,2,2,1,4, , , , , , , , , , , , , , , , , , , , , , , , , , , , , , , , , ,2,4,1, , , , , , , , , , , , , , , , , , , , , , , , , , , , , , , , , , , , , , , , , , , , , , , , , , , , , , , , , , , , , , , , , , , , , , , , , , , , , , , , , , , , , , , , , , , , , , , , , , , , , , , , , , , , , , , , , , , , , , , , , , ,2, ,4, ,2, ,4, ,1, ,1, , ,1,2,2,2,9,1,2,2,3,1,1,1,1,1,1,1,4,1,2,3,4,1,3, , ,7,99,3, , , ,1, ,4,7,7, ,2,3,1,2,1,2,2,2,2,2,2,2,1,2,2,1,4, , , , , ,4,4,4,4, , , ,3, , , , , , , , , , ,2, , ,2,2, , , , , , , , , , , , , , , , , , , , , , , , , , , , , , , , , , , , , , , , , , , , , , , , , , , , , , , , , , , , , , , , , , , , , , , , , , , , , , , , , , , , , , , , , , , , , , , , , , , , , , , , , , , , , , , , ,1, ,52, , , , , , , , , , , , , , , , , , , , , , , , , , , , , , , , , , , , , , , ,10, , , , , , , , , , , , , , , , , , , , , , , , , , , , , , , , , ,2, , , , , , ,11, , , , , , , , , , , , , , , , , , , , , , , , , , , , , , , , , , , , , , , , , , , , , , , , , , , , , , , , , , , , , , , , , , , , ,2,2, , , , ,3, , , , , , , , , , , , , , , , , , , , , , , , , , , , , , , , , , , , , , , , , , , , , , , , , , , , , , , , , , , , , , ,0, , , ,1, , , , , , , , ,9, , , , , , , , , , , , , , , , , , , , , , , , , , , , , , , , , , , , , ,2/6/2024,2/6/2024,1
1202401,2,2.43256932414706,8012218,2,2,2,9,9,9,9,9,9, , , , , , , , , , , , , , , , , , , , , , , , , , , , , , , , , ,9,9,9, , , , , , , , , , , , , , , , , , , , , , , , , , , , , , , , , , , , , , , , , , , , , , , , , , , , , , , , , , , , , , , , , , , , , , , , , , , , , , , , , , , , , , , , , , , , , , , , , , , , , , , , , , , , , , , , , , , , , , , , , , ,1, ,9, ,9, ,9, ,9, ,9, , ,2,2,2,1,2,9,9,9,9,1,9,9,9,1,2,1,9,9,9,9,9,9,2, , ,1,1,99, , , ,2, ,2,5,6, ,1,3,1,1,1,2,1,2,1,2,2,2,2,1,9,2,4, , , , , ,3,1,3,1,9, , ,9, , , , , , , , , , ,9, , ,9, , , , , , , , , , , , , , , , , , , , , , , , , , , , , , , , , , , , , , , , , , , , , , , , , , , , , , , , , , , , , , , , , , , , , , , , , , , , , , , , , , , , , , , , , , , , , , , , , , , , , , , , , , , , , , , , , ,2, ,62, , , , , , , , , , , , , , , , , , , , , , , , , , , , , , , , , , , , , , , ,6, , , , , , , , , , , , , , , , , , , , , , , , , , , , , , , , , ,3, , , , , , ,98,9, , , , , , , , , , , , , , , , , , , , , , , , , , , , , , , , , , , , , , , , , , , , , , , , , , , , , , , , , , , , , , , , , , , ,2,2, , , , ,97, , , , , , , , , , , , , , , , , , , , , , , , , , , , ,2, , , , , , , , , , , , , , , , , , , , , , , , , , , , , , , , , ,9, , , ,2, , , , , , , , ,6, , , , , , , , , , , , , , , , , , , , , , , , , , , , , , , , , , , , , ,4/17/2024,4/17/2024,1
1202401,2,.258625757265398,8012526,3,2,2,3,3,2,1,2,3, , , , , , , , , , , , , , , , , , , , , , , , , , , , , , , , , ,3,3,2, , , , , , , , , , , , , , , , , , , , , , , , , , , , , , , , , , , , , , , , , , , , , , , , , , , , , , , , , , , , , , , , , , , , , , , , , , , , , , , , , , , , , , , , , , , , , , , , , , , , , , , , , , , , , , , , , , , , , , , , , , ,2, ,4, ,2, ,4, ,2, ,2, , ,2,2,3,2,3,2,2,2,2,2,1,1,2,1,1,1,1,2,2,3,2,2,3, , ,1,2,99, , , ,2, ,3,4,5, ,1,2,2,2,2,2,2,2,2,2,2,2,1,1,1,2,4, , , , , ,4,4,2,3, , , ,2, , , , , , , , , , ,2, , ,3,2, , , , , , , , , , , , , , , , , , , , , , , , , , , , , , , , , , , , , , , , , , , , , , , , , , , , , , , , , , , , , , , , , , , , , , , , , , , , , , , , , , , , , , , , , , , , , , , , , , , , , , , , , , , , , , , , ,2, ,76, , , , , , , , , , , , , , , , , , , , , , , , , , , , , , , , , , , , , , , ,11, , , , , , , , , , , , , , , , , , , , , , , , , , , , , , , , , ,3, , , , , , ,11, , , , , , , , , , , , , , , , , , , , , , , , , , , , , , , , , , , , , , , , , , , , , , , , , , , , , , , , , , , , , , , , , , , , ,2,2, , , , ,3, , , , , , , , , , , , , , , , , , , , , , , , , , , , , , , , , , , , , , , , , , , , , , , , , , , , , , , , , , , , , , ,2, , , ,1, , , , , , , , ,10, , , , , , , , , , , , , , , , , , , , , , , , , , , , , , , , , , , , , ,1/27/2024,1/27/2024,1
1202401,2,1.08806565819692,8013022,2,2,1,3,4,2,1,2,4, , , , , , , , , , , , , , , , , , , , , , , , , , , , , , , , , ,1,4,2, , , , , , , , , , , , , , , , , , , , , , , , , , , , , , , , , , , , , , , , , , , , , , , , , , , , , , , , , , , , , , , , , , , , , , , , , , , , , , , , , , , , , , , , , , , , , , , , , , , , , , , , , , , , , , , , , , , , , , , , , , ,1, ,4, ,4, ,4, ,2, ,2, , ,2,1,2,1,1,2,4,2,4,3,2,1,1,1,1,1,1,1,2,2,2,3,3, , ,1,2,99, , , ,2, ,1,2,2, ,1,2,2,2,1,2,2,2,2,2,2,2,1,1,1,2,2, , , , , ,3,1,3,3, , , ,3, , , , , , , , , , ,2, , ,2,2, , , , , , , , , , , , , , , , , , , , , , , , , , , , , , , , , , , , , , , , , , , , , , , , , , , , , , , , , , , , , , , , , , , , , , , , , , , , , , , , , , , , , , , , , , , , , , , , , , , , , , , , , , , , , , , , ,2, ,76, , , , , , , , , , , , , , , , , , , , , , , , , , , , , , , , , , , , , , , ,6, , , , , , , , , , , , , , , , , , , , , , , , , , , , , , , , , ,4, , , , , , ,3, , , , , , , , , , , , , , , , , , , , , , , , , , , , , , , , , , , , , , , , , , , , , , , , , , , , , , , , , , , , , , , , , , , , ,2,2, , , , ,1, , , , , , , , , , , , , , , , , , , , , , , , , , , , , , , , , , , , , , , , , , , , , , , , , , , , , , , , , , , , , , ,3, , , ,1, , , , , , , , ,9, , , , , , , , , , , , , , , , , , , , , , , , , , , , , , , , , , , , , ,2/1/2024,2/1/2024,1
1202401,2,.258625757265398,8013128,4,2,4,3,4,2,3,2,4, , , , , , , , , , , , , , , , , , , , , , , , , , , , , , , , , ,4,4,4, , , , , , , , , , , , , , , , , , , , , , , , , , , , , , , , , , , , , , , , , , , , , , , , , , , , , , , , , , , , , , , , , , , , , , , , , , , , , , , , , , , , , , , , , , , , , , , , , , , , , , , , , , , , , , , , , , , , , , , , , , ,1, ,4, ,4, ,4, ,2, ,1, , ,2,3,2,1,3,2,4,3,3,1,1,1,1,3,3,2,4,3,4,3,1,1,4, , ,7,99,3, , , ,1, ,4,6,7, ,2,3,2,2,2,2,2,2,2,2,2,2,2,2,2,1,4, , , , , ,4,4,4,4, , , ,2, , , , , , , , , , ,2, , ,2,2, , , , , , , , , , , , , , , , , , , , , , , , , , , , , , , , , , , , , , , , , , , , , , , , , , , , , , , , , , , , , , , , , , , , , , , , , , , , , , , , , , , , , , , , , , , , , , , , , , , , , , , , , , , , , , , , ,1, ,76, , , , , , , , , , , , , , , , , , , , , , , , , , , , , , , , , , , , , , , ,11, , , , , , , , , , , , , , , , , , , , , , , , , , , , , , , , , ,4, , , , , , ,9, , , , , , , , , , , , , , , , , , , , , , , , , , , , , , , , , , , , , , , , , , , , , , , , , , , , , , , , , , , , , , , , , , , , ,2,2, , , , ,97, , , , , , , , , , , , , , , , , , , , , , , , , , , , ,2, , , , , , , , , , , , , , , , , , , , , , , , , , , , , , , , , ,3, , , ,1, , , , , , , , ,9, , , , , , , , , , , , , , , , , , , , , , , , , , , , , , , , , , , , , ,2/2/2024,2/2/2024,1
1202401,2,1.14648170748586,8013299,3,2,2,2,3,3,3,3,4, , , , , , , , , , , , , , , , , , , , , , , , , , , , , , , , , ,1,4,2, , , , , , , , , , , , , , , , , , , , , , , , , , , , , , , , , , , , , , , , , , , , , , , , , , , , , , , , , , , , , , , , , , , , , , , , , , , , , , , , , , , , , , , , , , , , , , , , , , , , , , , , , , , , , , , , , , , , , , , , , , ,1, ,4, ,4, ,4, ,4, ,2, , ,2,2,2,4,2,1,2,1,1,2,2,2,2,2,2,1,1,1,1,4,1,1,2, , ,1,2,99, , , ,2, ,2,5,6, ,1,1,1,2,1,1,2,2,2,2,2,2,1,1,1,2,2, , , , , ,3,2,2,2,2, , ,2, , , , , , , , , , ,2, , ,1,1, , , , , , , , , , , , , , , , , , , , , , , , , , , , , , , , , , , , , , , , , , , , , , , , , , , , , , , , , , , , , , , , , , , , , , , , , , , , , , , , , , , , , , , , , , , , , , , , , , , , , , , , , , , , , , , , ,2, ,82, , , , , , , , , , , , , , , , , , , , , , , , , , , , , , , , , , , , , , , ,6, , , , , , , , , , , , , , , , , , , , , , , , , , , , , , , , , ,4, , , , , , ,1, , , , , , , , , , , , , , , , , , , , , , , , , , , , , , , , , , , , , , , , , , , , , , , , , , , , , , , , , , , , , , , , , , , , ,1, , , , , ,1, , , , , , , , , , , , , , , , , , , , , , , , , , , , , , , , , , , , , , , , , , , , , , , , , , , , , , , , , , , , , , ,3, , ,2, , , , , , , , , ,9, , , , , , , , , , , , , , , , , , , , , , , , , , , , , , , , , , , , , ,1/26/2024,1/26/2024,1
1202401,2,.962672145333042,8013388,2,2,2,3,4,2,2,1,4, , , , , , , , , , , , , , , , , , , , , , , , , , , , , , , , , ,2,3,2, , , , , , , , , , , , , , , , , , , , , , , , , , , , , , , , , , , , , , , , , , , , , , , , , , , , , , , , , , , , , , , , , , , , , , , , , , , , , , , , , , , , , , , , , , , , , , , , , , , , , , , , , , , , , , , , , , , , , , , , , , ,2, ,4, ,4, ,4, ,1, ,1, , ,2,3,3,1,2,3,1,3,2,1,1,1,1,2,2,1,3,3,3,3,3,2,3, , ,7,99,2, , , ,1, ,4,7,7, ,2,4,2,2,1,2,2,2,2,2,2,2,2,2,2,1,4, , , , , ,4,3,1,4, , , ,2, , , , , , , , , , ,2, , ,3,1, , , , , , , , , , , , , , , , , , , , , , , , , , , , , , , , , , , , , , , , , , , , , , , , , , , , , , , , , , , , , , , , , , , , , , , , , , , , , , , , , , , , , , , , , , , , , , , , , , , , , , , , , , , , , , , , ,1, ,80, , , , , , , , , , , , , , , , , , , , , , , , , , , , , , , , , , , , , , , ,9, , , , , , , , , , , , , , , , , , , , , , , , , , , , , , , , , ,3, , , , , , ,3, , , , , , , , , , , , , , , , , , , , , , , , , , , , , , , , , , , , , , , , , , , , , , , , , , , , , , , , , , , , , , , , , , , , ,2,2, , , , ,1, , , , , , , , , , , , , , , , , , , , , , , , , , , , , , , , , , , , , , , , , , , , , , , , , , , , , , , , , , , , , , ,4, , , ,1, , , , , , , , ,8, , , , , , , , , , , , , , , , , , , , , , , , , , , , , , , , , , , , , ,2/14/2024,2/26/2024,1
1202401,2,.267787796682233,8013514,2,8,3,3,4,9,3,4,4, , , , , , , , , , , , , , , , , , , , , , , , , , , , , , , , , ,4,3,2, , , , , , , , , , , , , , , , , , , , , , , , , , , , , , , , , , , , , , , , , , , , , , , , , , , , , , , , , , , , , , , , , , , , , , , , , , , , , , , , , , , , , , , , , , , , , , , , , , , , , , , , , , , , , , , , , , , , , , , , , , ,3, ,4, ,2, ,3, ,2, ,1, , ,3,4,2,2,4,1,2,2,2,3,1,1,1,2,2,2,1,1,2,1,1,2,4, , ,7,99,3, , , ,1, ,3,7,7, ,1,3,1,2,1,1,1,1,2,2,2,1,1,1,2,1,4, , , , , ,4,4,4,4, , , ,2, , , , , , , , , , ,3, , ,1,1, , , , , , , , , , , , , , , , , , , , , , , , , , , , , , , , , , , , , , , , , , , , , , , , , , , , , , , , , , , , , , , , , , , , , , , , , , , , , , , , , , , , , , , , , , , , , , , , , , , , , , , , , , , , , , , , ,1, ,62, , , , , , , , , , , , , , , , , , , , , , , , , , , , , , , , , , , , , , , ,11, , , , , , , , , , , , , , , , , , , , , , , , , , , , , , , , , ,4, , , , , , ,9, , , , , , , , , , , , , , , , , , , , , , , , , , , , , , , , , , , , , , , , , , , , , , , , , , , , , , , , , , , , , , , , , , , , ,3,2, , , , ,1, , , , , , , , , , , , , , , , , , , , , , , , , , , , , , , , , , , , , , , , , , , , , , , , , , , , , , , , , , , , , , ,2, , , ,1, , , , , , , , ,8, , , , , , , , , , , , , , , , , , , , , , , , , , , , , , , , , , , , , ,2/10/2024,2/10/2024,1
1202401,2,.791817958562978,8013536,4,2,4,2,4,4,4,3,3, , , , , , , , , , , , , , , , , , , , , , , , , , , , , , , , , ,4,1,4, , , , , , , , , , , , , , , , , , , , , , , , , , , , , , , , , , , , , , , , , , , , , , , , , , , , , , , , , , , , , , , , , , , , , , , , , , , , , , , , , , , , , , , , , , , , , , , , , , , , , , , , , , , , , , , , , , , , , , , , , , ,4, ,1, ,4, ,4, ,4, ,4, , ,4,4,4,4,4,1,1,1,1,1,1,1,1,4,4,4,2,2,2,9,1,1,1, , ,1,1,99, , , ,2, ,1,5,2, ,1,1,2,2,2,1,1,2,2,1,2,1,1,1,1,2,1, , , , , ,2,2,1,1,1, , ,3, , , , , , , , , , ,3, , ,1,2, , , , , , , , , , , , , , , , , , , , , , , , , , , , , , , , , , , , , , , , , , , , , , , , , , , , , , , , , , , , , , , , , , , , , , , , , , , , , , , , , , , , , , , , , , , , , , , , , , , , , , , , , , , , , , , , ,2, ,70, , , , , , , , , , , , , , , , , , , , , , , , , , , , , , , , , , , , , , , ,6, , , , , , , , , , , , , , , , , , , , , , , , , , , , , , , , , ,4, , , , , , ,2, , , , , , , , , , , , , , , , , , , , , , , , , , , , , , , , , , , , , , , , , , , , , , , , , , , , , , , , , , , , , , , , , , , , ,1, , , , , ,2, , , , , , , , , , , , , , , , , , , , , , , , , , , , , , , , , , , , , , , , , , , , , , , , , , , , , , , , , , , , , , ,6, , , ,1, , , , , , , , ,1, , , , , , , , , , , , , , , , , , , , , , , , , , , , , , , , , , , , , ,2/13/2024,2/13/2024,1
1202401,2,1.29326818502428,8014467,2,1,2,3,4,4,2,3,4, , , , , , , , , , , , , , , , , , , , , , , , , , , , , , , , , ,2,2,2, , , , , , , , , , , , , , , , , , , , , , , , , , , , , , , , , , , , , , , , , , , , , , , , , , , , , , , , , , , , , , , , , , , , , , , , , , , , , , , , , , , , , , , , , , , , , , , , , , , , , , , , , , , , , , , , , , , , , , , , , , ,4, ,2, ,4, ,4, ,4, ,4, , ,2,2,2,2,2,2,2,2,2,2,2,3,2,2,2,2,2,2,2,2,2,2,4, , ,1,2,99, , , ,1, ,1,3,2, ,1,2,1,1,1,1,1,1,2,2,2,2,8,1,1,2,2, , , , , ,2,1,1,2,1, , ,2, , , , , , , , , , ,2, , ,2,3, , , , , , , , , , , , , , , , , , , , , , , , , , , , , , , , , , , , , , , , , , , , , , , , , , , , , , , , , , , , , , , , , , , , , , , , , , , , , , , , , , , , , , , , , , , , , , , , , , , , , , , , , , , , , , , , ,2, ,85, , , , , , , , , , , , , , , , , , , , , , , , , , , , , , , , , , , , , , , ,5, , , , , , , , , , , , , , , , , , , , , , , , , , , , , , , , , ,2, , , , , , ,1, , , , , , , , , , , , , , , , , , , , , , , , , , , , , , , , , , , , , , , , , , , , , , , , , , , , , , , , , , , , , , , , , , , , ,1, , , , , ,99, , , , , , , , , , , , , , , , , , , , , , , , , , , , ,2, , , , , , , , , , , , , , , , , , , , , , , , , , , , , , , , , ,3, , , ,2, , , , , , , , ,6, , , , , , , , , , , , , , , , , , , , , , , , , , , , , , , , , , , , , ,2/11/2024,2/11/2024,1
1202401,2,.601167958658179,8014656,2,3,1,4,3,1,1,1,4, , , , , , , , , , , , , , , , , , , , , , , , , , , , , , , , , ,2,4,2, , , , , , , , , , , , , , , , , , , , , , , , , , , , , , , , , , , , , , , , , , , , , , , , , , , , , , , , , , , , , , , , , , , , , , , , , , , , , , , , , , , , , , , , , , , , , , , , , , , , , , , , , , , , , , , , , , , , , , , , , , ,1, ,4, ,3, ,4, ,1, ,1, , ,1,1,1,1,2,3,2,2,2,1,1,2,3,2,1,1,1,3,3,3,3,2,3, , ,1,2,99, , , ,2, ,2,6,5, ,1,2,1,2,1,2,2,2,2,2,2,2,1,1,1,2,4, , , , , ,3,2,2,2,1, , ,3, , , , , , , , , , ,2, , ,2,1, , , , , , , , , , , , , , , , , , , , , , , , , , , , , , , , , , , , , , , , , , , , , , , , , , , , , , , , , , , , , , , , , , , , , , , , , , , , , , , , , , , , , , , , , , , , , , , , , , , , , , , , , , , , , , , , ,2, ,99, , , , ,4, , , , , , , , , , , , , , , , , , , , , , , , , , , , , , , , , , ,10, , , , , , , , , , , , , , , , , , , , , , , , , , , , , , , , , ,2, , , , , , ,99,2, , , , , , , , , , , , , , , , , , , , , , , , , , , , , , , , , , , , , , , , , , , , , , , , , , , , , , , , , , , , , , , , , , , ,2,2, , , , ,97, , , , , , , , , , , , , , , , , , , , , , , , , , , , ,2, , , , , , , , , , , , , , , , , , , , , , , , , , , , , , , , , ,4, , ,9, , , , , , , , , ,8, , , , , , , , , , , , , , , , , , , , , , , , , , , , , , , , , , , , , ,4/20/2024,4/20/2024,1
1202401,2,.706205247267998,8014778,4,2,4,2,4,4,4,4,2, , , , , , , , , , , , , , , , , , , , , , , , , , , , , , , , , ,4,2,4, , , , , , , , , , , , , , , , , , , , , , , , , , , , , , , , , , , , , , , , , , , , , , , , , , , , , , , , , , , , , , , , , , , , , , , , , , , , , , , , , , , , , , , , , , , , , , , , , , , , , , , , , , , , , , , , , , , , , , , , , , ,4, ,1, ,4, ,2, ,4, ,4, , ,4,4,4,4,3,2,3,3,1,1,1,1,1,2,2,2,1,3,8,3,1,2,3, , ,1,2,99, , , ,1, ,1,3,1, ,1,1,2,2,1,1,1,2,2,2,2,2,1,1,8,2,3, , , , , ,1,3,1,1,1, , ,3, , , , , , , , , , ,2, , ,1,2, , , , , , , , , , , , , , , , , , , , , , , , , , , , , , , , , , , , , , , , , , , , , , , , , , , , , , , , , , , , , , , , , , , , , , , , , , , , , , , , , , , , , , , , , , , , , , , , , , , , , , , , , , , , , , , , ,1, ,38, , , , , , , , , , , , , , , , , , , , , , , , , , , , , , , , , , , , , , , ,6, , , , , , , , , , , , , , , , , , , , , , , , , , , , , , , , , ,3, , , , , , ,8, , , , , , , , , , , , , , , , , , , , , , , , , , , , , , , , , , , , , , , , , , , , , , , , , , , , , , , , , , , , , , , , , , , , ,6,2, , , , ,6, , , , , , , , , , , , , , , , , , , , , , , , , , , , , , , , , , , , , , , , , , , , , , , , , , , , , , , , , , , , , , ,4, , , ,1, , , , , , , , ,10, , , , , , , , , , , , , , , , , , , , , , , , , , , , , , , , , , , , , ,2/5/2024,2/5/2024,1
1202401,2,.550902824162349,8014904,3,2,1,2,4,2,2,1,4, , , , , , , , , , , , , , , , , , , , , , , , , , , , , , , , , ,2,3,2, , , , , , , , , , , , , , , , , , , , , , , , , , , , , , , , , , , , , , , , , , , , , , , , , , , , , , , , , , , , , , , , , , , , , , , , , , , , , , , , , , , , , , , , , , , , , , , , , , , , , , , , , , , , , , , , , , , , , , , , , , ,2, ,4, ,4, ,4, ,2, ,1, , ,1,1,2,1,2,1,2,2,3,2,1,1,1,1,1,1,2,3,3,2,2,1,3, , ,7,99,3, , , ,1, ,4,7,7, ,8,9,2,2,2,2,2,2,2,2,2,2,2,1,1,1,4, , , , , ,4,4,9,4, , , ,3, , , , , , , , , , ,2, , ,2,2, , , , , , , , , , , , , , , , , , , , , , , , , , , , , , , , , , , , , , , , , , , , , , , , , , , , , , , , , , , , , , , , , , , , , , , , , , , , , , , , , , , , , , , , , , , , , , , , , , , , , , , , , , , , , , , , ,2, ,66, , , , , , , , , , , , , , , , , , , , , , , , , , , , , , , , , , , , , , , ,11, , , , , , , , , , , , , , , , , , , , , , , , , , , , , , , , , ,2, , , , , , ,99,2, , , , , , , , , , , , , , , , , , , , , , , , , , , , , , , , , , , , , , , , , , , , , , , , , , , , , , , , , , , , , , , , , , , ,5,5, , , , ,1, , , , , , , , , , , , , , , , , , , , , , , , , , , , , , , , , , , , , , , , , , , , , , , , , , , , , , , , , , , , , , ,4, , ,1, , , , , , , , , ,8, , , , , , , , , , , , , , , , , , , , , , , , , , , , , , , , , , , , , ,2/14/2024,2/14/2024,1
1202401,2,.44489701583524,8014930,4,2,4,3,4,2,3,8,3, , , , , , , , , , , , , , , , , , , , , , , , , , , , , , , , , ,4,4,2, , , , , , , , , , , , , , , , , , , , , , , , , , , , , , , , , , , , , , , , , , , , , , , , , , , , , , , , , , , , , , , , , , , , , , , , , , , , , , , , , , , , , , , , , , , , , , , , , , , , , , , , , , , , , , , , , , , , , , , , , , ,4, ,2, ,4, ,2, ,4, ,4, , ,3,4,8,4,4,1,1,3,2,1,1,1,2,2,2,2,1,2,2,8,1,1,2, , ,1,2,99, , , ,2, ,1,2,1, ,1,1,2,2,2,2,2,2,2,2,2,2,1,1,1,2,1, , , , , ,2,1,2,2,1, , ,4, , , , , , , , , , ,2, , ,1,2, , , , , , , , , , , , , , , , , , , , , , , , , , , , , , , , , , , , , , , , , , , , , , , , , , , , , , , , , , , , , , , , , , , , , , , , , , , , , , , , , , , , , , , , , , , , , , , , , , , , , , , , , , , , , , , , ,2, ,74, , , , , , , , , , , , , , , , , , , , , , , , , , , , , , , , , , , , , , , ,10, , , , , , , , , , , , , , , , , , , , , , , , , , , , , , , , , ,4, , , , , , ,8, , , , , , , , , , , , , , , , , , , , , , , , , , , , , , , , , , , , , , , , , , , , , , , , , , , , , , , , , , , , , , , , , , , , ,2,2, , , , ,2, , , , , , , , , , , , , , , , , , , , , , , , , , , , , , , , , , , , , , , , , , , , , , , , , , , , , , , , , , , , , , ,4, , , ,1, , , , , , , , ,9, , , , , , , , , , , , , , , , , , , , , , , , , , , , , , , , , , , , , ,1/28/2024,1/28/2024,1
1202401,2,.410402032872047,8015081,3,1,3,2,4,2,2,1,4, , , , , , , , , , , , , , , , , , , , , , , , , , , , , , , , , ,2,4,1, , , , , , , , , , , , , , , , , , , , , , , , , , , , , , , , , , , , , , , , , , , , , , , , , , , , , , , , , , , , , , , , , , , , , , , , , , , , , , , , , , , , , , , , , , , , , , , , , , , , , , , , , , , , , , , , , , , , , , , , , , ,2, ,4, ,4, ,4, ,3, ,2, , ,2,3,2,2,3,1,1,1,1,1,1,4,2,2,2,2,3,1,1,3,1,3,2, , ,1,1,99, , , ,2, ,2,5,3, ,1,4,2,2,2,2,2,2,2,2,2,2,2,2,1,1,4, , , , , ,4,3,3,4, , , ,2, , , , , , , , , , ,2, , ,1,2, , , , , , , , , , , , , , , , , , , , , , , , , , , , , , , , , , , , , , , , , , , , , , , , , , , , , , , , , , , , , , , , , , , , , , , , , , , , , , , , , , , , , , , , , , , , , , , , , , , , , , , , , , , , , , , , ,2, ,64, , , , , , , , , , , , , , , , , , , , , , , , , , , , , , , , , , , , , , , ,10, , , , , , , , , , , , , , , , , , , , , , , , , , , , , , , , , ,3, , , , , , ,4, , , , , , , , , , , , , , , , , , , , , , , , , , , , , , , , , , , , , , , , , , , , , , , , , , , , , , , , , , , , , , , , , , , , ,2,2, , , , ,4, , , , , , , , , , , , , , , , , , , , , , , , , , , , , , , , , , , , , , , , , , , , , , , , , , , , , , , , , , , , , , ,5, , ,2, , , , , , , , , ,3, , , , , , , , , , , , , , , , , , , , , , , , , , , , , , , , , , , , , ,2/28/2024,2/28/2024,1
1202401,2,.849927624589795,8015117,4,2,4,8,3,3,3,3,3, , , , , , , , , , , , , , , , , , , , , , , , , , , , , , , , , ,4,4,4, , , , , , , , , , , , , , , , , , , , , , , , , , , , , , , , , , , , , , , , , , , , , , , , , , , , , , , , , , , , , , , , , , , , , , , , , , , , , , , , , , , , , , , , , , , , , , , , , , , , , , , , , , , , , , , , , , , , , , , , , , ,4, ,4, ,4, ,4, ,4, ,4, , ,1,4,4,4,4,1,1,1,1,1,1,1,1,1,1,1,8,1,1,4,1,1,1, , ,1,1,99, , , ,2, ,4,7,2, ,2,2,1,1,1,1,1,1,2,1,2,2,1,2,2,1,4, , , , , ,4,4,4,4, , , ,8, , , , , , , , , , ,2, , ,2,2, , , , , , , , , , , , , , , , , , , , , , , , , , , , , , , , , , , , , , , , , , , , , , , , , , , , , , , , , , , , , , , , , , , , , , , , , , , , , , , , , , , , , , , , , , , , , , , , , , , , , , , , , , , , , , , , ,2, ,68, , , , , , , , , , , , , , , , , , , , , , , , , , , , , , , , , , , , , , , ,6, , , , , , , , , , , , , , , , , , , , , , , , , , , , , , , , , ,5, , , , , , ,99,9, , , , , , , , , , , , , , , , , , , , , , , , , , , , , , , , , , , , , , , , , , , , , , , , , , , , , , , , , , , , , , , , , , , ,1, , , , , ,97, , , , , , , , , , , , , , , , , , , , , , , , , , , , ,2, , , , , , , , , , , , , , , , , , , , , , , , , , , , , , , , , ,3, , ,2, , , , , , , , , ,3, , , , , , , , , , , , , , , , , , , , , , , , , , , , , , , , , , , , , ,2/14/2024,2/14/2024,1
1202401,2,.276352197553937,8015206,4,2,4,3,3,3,3,4,3, , , , , , , , , , , , , , , , , , , , , , , , , , , , , , , , , ,4,4,2, , , , , , , , , , , , , , , , , , , , , , , , , , , , , , , , , , , , , , , , , , , , , , , , , , , , , , , , , , , , , , , , , , , , , , , , , , , , , , , , , , , , , , , , , , , , , , , , , , , , , , , , , , , , , , , , , , , , , , , , , , ,4, ,4, ,3, ,3, ,4, ,4, , ,4,4,4,4,4,1,1,2,2,1,1,1,1,4,4,2,2,1,1,1,1,1,2, , ,7,99,1, , , ,1, ,3,6,1, ,1,1,1,2,2,2,1,1,2,2,2,2,1,2,2,1,4, , , , , ,4,1,4,4, , , ,2, , , , , , , , , , ,2, , ,1,2, , , , , , , , , , , , , , , , , , , , , , , , , , , , , , , , , , , , , , , , , , , , , , , , , , , , , , , , , , , , , , , , , , , , , , , , , , , , , , , , , , , , , , , , , , , , , , , , , , , , , , , , , , , , , , , , ,2, ,75, , , , , , , , , , , , , , , , , , , , , , , , , , , , , , , , , , , , , , , ,10, , , , , , , , , , , , , , , , , , , , , , , , , , , , , , , , , ,9, , , , , , ,1, , , , , , , , , , , , , , , , , , , , , , , , , , , , , , , , , , , , , , , , , , , , , , , , , , , , , , , , , , , , , , , , , , , , ,1, , , , , ,4, , , , , , , , , , , , , , , , , , , , , , , , , , , , , , , , , , , , , , , , , , , , , , , , , , , , , , , , , , , , , , ,3, , , ,1, , , , , , , , ,3, , , , , , , , , , , , , , , , , , , , , , , , , , , , , , , , , , , , , ,2/7/2024,2/7/2024,1
1202401,2,.657191721122012,8015566,2,3,2,3,4,2,3,2,4, , , , , , , , , , , , , , , , , , , , , , , , , , , , , , , , , ,2,3,2, , , , , , , , , , , , , , , , , , , , , , , , , , , , , , , , , , , , , , , , , , , , , , , , , , , , , , , , , , , , , , , , , , , , , , , , , , , , , , , , , , , , , , , , , , , , , , , , , , , , , , , , , , , , , , , , , , , , , , , , , , ,2, ,4, ,3, ,4, ,2, ,1, , ,2,2,3,2,3,1,1,1,1,1,1,1,2,1,1,1,2,2,1,2,2,1,3, , ,1,1,99, , , ,2, ,4,6,6, ,1,4,2,2,2,2,2,2,2,2,2,2,2,1,1,1,3, , , , , ,3,3,2,3, , , ,3, , , , , , , , , , ,2, , ,3,2, , , , , , , , , , , , , , , , , , , , , , , , , , , , , , , , , , , , , , , , , , , , , , , , , , , , , , , , , , , , , , , , , , , , , , , , , , , , , , , , , , , , , , , , , , , , , , , , , , , , , , , , , , , , , , , , ,1, ,74, , , , , , , , , , , , , , , , , , , , , , , , , , , , , , , , , , , , , , , ,8, , , , , , , , , , , , , , , , , , , , , , , , , , , , , , , , , ,2, , , , , , ,3, , , , , , , , , , , , , , , , , , , , , , , , , , , , , , , , , , , , , , , , , , , , , , , , , , , , , , , , , , , , , , , , , , , , ,2,2, , , , ,1, , , , , , , , , , , , , , , , , , , , , , , , , , , , , , , , , , , , , , , , , , , , , , , , , , , , , , , , , , , , , , ,2, , , ,1, , , , , , , , ,3, , , , , , , , , , , , , , , , , , , , , , , , , , , , , , , , , , , , , ,2/1/2024,2/1/2024,1
1202401,2,.333670192067986,8015718,3,2,4,4,4,3,3,8,4, , , , , , , , , , , , , , , , , , , , , , , , , , , , , , , , , ,4,1,4, , , , , , , , , , , , , , , , , , , , , , , , , , , , , , , , , , , , , , , , , , , , , , , , , , , , , , , , , , , , , , , , , , , , , , , , , , , , , , , , , , , , , , , , , , , , , , , , , , , , , , , , , , , , , , , , , , , , , , , , , , ,4, ,1, ,4, ,4, ,8, ,1, , ,4,4,4,4,4,2,4,3,2,2,1,1,1,2,3,1,1,1,3,1,1,3,3, , ,1,2,99, , , ,2, ,1,2,1, ,1,1,2,2,2,2,2,2,2,2,2,2,1,1,1,2,1, , , , , ,1,2,1,1,1, , ,3, , , , , , , , , , ,2, , ,2,2, , , , , , , , , , , , , , , , , , , , , , , , , , , , , , , , , , , , , , , , , , , , , , , , , , , , , , , , , , , , , , , , , , , , , , , , , , , , , , , , , , , , , , , , , , , , , , , , , , , , , , , , , , , , , , , , ,2, ,82, , , , , , , , , , , , , , , , , , , , , , , , , , , , , , , , , , , , , , , ,11, , , , , , , , , , , , , , , , , , , , , , , , , , , , , , , , , ,2, , , , , , ,99,2, , , , , , , , , , , , , , , , , , , , , , , , , , , , , , , , , , , , , , , , , , , , , , , , , , , , , , , , , , , , , , , , , , , ,2,2, , , , ,99, , , , , , , , , , , , , , , , , , , , , , , , , , , , ,1, , , , ,2, , , , , , , , , , , , , , , , , , , , , , , , , , , , ,6, , , ,1, , , , , , , , ,6, , , , , , , , , , , , , , , , , , , , , , , , , , , , , , , , , , , , , ,2/7/2024,2/7/2024,1
1202401,2,.696174481752758,8015743,2,2,3,4,3,3,3,1,4, , , , , , , , , , , , , , , , , , , , , , , , , , , , , , , , , ,3,3,3, , , , , , , , , , , , , , , , , , , , , , , , , , , , , , , , , , , , , , , , , , , , , , , , , , , , , , , , , , , , , , , , , , , , , , , , , , , , , , , , , , , , , , , , , , , , , , , , , , , , , , , , , , , , , , , , , , , , , , , , , , ,1, ,4, ,4, ,4, ,1, ,1, , ,2,2,2,2,2,2,2,1,2,1,1,1,3,2,2,2,2,1,2,3,2,2,2, , ,7,99,3, , , ,2, ,4,7,6, ,2,4,2,2,1,1,1,2,2,2,2,2,2,1,1,2,2, , , , , ,2,2,2,3, , , ,3, , , , , , , , , , ,2, , ,1,2, , , , , , , , , , , , , , , , , , , , , , , , , , , , , , , , , , , , , , , , , , , , , , , , , , , , , , , , , , , , , , , , , , , , , , , , , , , , , , , , , , , , , , , , , , , , , , , , , , , , , , , , , , , , , , , , ,2, ,74, , , , , , , , , , , , , , , , , , , , , , , , , , , , , , , , , , , , , , , ,10, , , , , , , , , , , , , , , , , , , , , , , , , , , , , , , , , ,2, , , , , , ,11, , , , , , , , , , , , , , , , , , , , , , , , , , , , , , , , , , , , , , , , , , , , , , , , , , , , , , , , , , , , , , , , , , , , ,2,2, , , , ,97, , , , , , , , , , , , , , , , , , , , , , , , , , , , ,1, , , , ,1, , , , , , , , , , , , , , , , , , , , , , , , , , , , ,0, , , ,1, , , , , , , , ,9, , , , , , , , , , , , , , , , , , , , , , , , , , , , , , , , , , , , , ,1/27/2024,4/19/2024,1
1202401,2,.258625757265398,8015825,3,2,1,2,3,1,1,1,3, , , , , , , , , , , , , , , , , , , , , , , , , , , , , , , , , ,2,2,4, , , , , , , , , , , , , , , , , , , , , , , , , , , , , , , , , , , , , , , , , , , , , , , , , , , , , , , , , , , , , , , , , , , , , , , , , , , , , , , , , , , , , , , , , , , , , , , , , , , , , , , , , , , , , , , , , , , , , , , , , , ,3, ,4, ,2, ,4, ,1, ,2, , ,2,1,1,1,2,2,4,3,2,2,1,1,1,1,1,1,4,2,2,1,2,4,3, , ,1,1,99, , , ,2, ,2,6,6, ,1,8,2,2,2,2,2,2,1,2,2,2,1,1,1,2,4, , , , , ,4,4,4,2,2, , ,2, , , , , , , , , , ,2, , ,1,2, , , , , , , , , , , , , , , , , , , , , , , , , , , , , , , , , , , , , , , , , , , , , , , , , , , , , , , , , , , , , , , , , , , , , , , , , , , , , , , , , , , , , , , , , , , , , , , , , , , , , , , , , , , , , , , , ,1, ,68, , , , , , , , , , , , , , , , , , , , , , , , , , , , , , , , , , , , , , , ,11, , , , , , , , , , , , , , , , , , , , , , , , , , , , , , , , , ,2, , , , , , ,11, , , , , , , , , , , , , , , , , , , , , , , , , , , , , , , , , , , , , , , , , , , , , , , , , , , , , , , , , , , , , , , , , , , , ,2,2, , , , ,1, , , , , , , , , , , , , , , , , , , , , , , , , , , , , , , , , , , , , , , , , , , , , , , , , , , , , , , , , , , , , , ,3, , , ,1, , , , , , , , ,3, , , , , , , , , , , , , , , , , , , , , , , , , , , , , , , , , , , , , ,2/8/2024,2/8/2024,1
1202401,2,.962672145333042,8015906,4,2,3,2,1,2,4,3,2, , , , , , , , , , , , , , , , , , , , , , , , , , , , , , , , , ,4,1,4, , , , , , , , , , , , , , , , , , , , , , , , , , , , , , , , , , , , , , , , , , , , , , , , , , , , , , , , , , , , , , , , , , , , , , , , , , , , , , , , , , , , , , , , , , , , , , , , , , , , , , , , , , , , , , , , , , , , , , , , , , ,4, ,1, ,4, ,2, ,4, ,4, , ,4,4,3,4,3,2,4,3,3,2,1,1,1,3,3,2,1,2,3,1,1,1,3, , ,7,99,2, , , ,2, ,3,6,7, ,2,3,2,2,1,2,2,2,2,2,2,2,1,1,2,1,2, , , , , ,2,4,4,3, , , ,3, , , , , , , , , , ,2, , ,2,2, , , , , , , , , , , , , , , , , , , , , , , , , , , , , , , , , , , , , , , , , , , , , , , , , , , , , , , , , , , , , , , , , , , , , , , , , , , , , , , , , , , , , , , , , , , , , , , , , , , , , , , , , , , , , , , , ,1, ,52, , , , , , , , , , , , , , , , , , , , , , , , , , , , , , , , , , , , , , , ,9, , , , , , , , , , , , , , , , , , , , , , , , , , , , , , , , , ,3, , , , , , ,6, , , , , , , , , , , , , , , , , , , , , , , , , , , , , , , , , , , , , , , , , , , , , , , , , , , , , , , , , , , , , , , , , , , , ,2,2, , , , ,2, , , , , , , , , , , , , , , , , , , , , , , , , , , , , , , , , , , , , , , , , , , , , , , , , , , , , , , , , , , , , , ,5, , , ,1, , , , , , , , ,8, , , , , , , , , , , , , , , , , , , , , , , , , , , , , , , , , , , , , ,2/2/2024,2/2/2024,1
1202401,2,.30455913668959,8016052,2,2,2,3,3,2,2,2,4, , , , , , , , , , , , , , , , , , , , , , , , , , , , , , , , , ,2,3,2, , , , , , , , , , , , , , , , , , , , , , , , , , , , , , , , , , , , , , , , , , , , , , , , , , , , , , , , , , , , , , , , , , , , , , , , , , , , , , , , , , , , , , , , , , , , , , , , , , , , , , , , , , , , , , , , , , , , , , , , , , ,2, ,4, ,3, ,3, ,2, ,2, , ,2,2,2,2,2,2,3,2,2,1,3,2,3,1,1,1,1,1,2,2,2,2,3, , ,1,2,99, , , ,2, ,2,3,6, ,1,3,1,2,1,2,2,2,2,2,2,2,1,1,1,2,4, , , , , ,3,3,2,3, , , ,3, , , , , , , , , , ,1, , ,2,2, , , , , , , , , , , , , , , , , , , , , , , , , , , , , , , , , , , , , , , , , , , , , , , , , , , , , , , , , , , , , , , , , , , , , , , , , , , , , , , , , , , , , , , , , , , , , , , , , , , , , , , , , , , , , , , , ,2, ,78, , , , , , , , , , , , , , , , , , , , , , , , , , , , , , , , , , , , , , , ,11, , , , , , , , , , , , , , , , , , , , , , , , , , , , , , , , , ,2, , , , , , ,5, , , , , , , , , , , , , , , , , , , , , , , , , , , , , , , , , , , , , , , , , , , , , , , , , , , , , , , , , , , , , , , , , , , , ,1, , , , , ,1, , , , , , , , , , , , , , , , , , , , , , , , , , , , , , , , , , , , , , , , , , , , , , , , , , , , , , , , , , , , , , ,3, , , ,1, , , , , , , , ,9, , , , , , , , , , , , , , , , , , , , , , , , , , , , , , , , , , , , , ,2/10/2024,2/10/2024,1
1202401,2,.290568824232012,8016138,2,2,2,2,4,1,2,2,4, , , , , , , , , , , , , , , , , , , , , , , , , , , , , , , , , ,4,2,2, , , , , , , , , , , , , , , , , , , , , , , , , , , , , , , , , , , , , , , , , , , , , , , , , , , , , , , , , , , , , , , , , , , , , , , , , , , , , , , , , , , , , , , , , , , , , , , , , , , , , , , , , , , , , , , , , , , , , , , , , , ,2, ,4, ,4, ,4, ,2, ,1, , ,2,3,2,2,2,2,2,2,3,1,1,3,3,1,2,1,1,1,3,3,3,2,3, , ,99,99,99, , , ,1, ,9,99,9, ,9,9,2,2,2,2,2,2,9,2,2,2,2,2,2,1,4, , , , , ,4,3,2,4, , , ,2, , , , , , , , , , ,2, , ,2,2, , , , , , , , , , , , , , , , , , , , , , , , , , , , , , , , , , , , , , , , , , , , , , , , , , , , , , , , , , , , , , , , , , , , , , , , , , , , , , , , , , , , , , , , , , , , , , , , , , , , , , , , , , , , , , , , ,1, ,99, , , , ,4, , , , , , , , , , , , , , , , , , , , , , , , , , , , , , , , , , ,10, , , , , , , , , , , , , , , , , , , , , , , , , , , , , , , , , ,2, , , , , , ,99,2, , , , , , , , , , , , , , , , , , , , , , , , , , , , , , , , , , , , , , , , , , , , , , , , , , , , , , , , , , , , , , , , , , , ,2,2, , , , ,97, , , , , , , , , , , , , , , , , , , , , , , , , , , , ,2, , , , , , , , , , , , , , , , , , , , , , , , , , , , , , , , , ,4, , , ,1, , , , , , , , ,9, , , , , , , , , , , , , , , , , , , , , , , , , , , , , , , , , , , , , ,2/5/2024,2/5/2024,1
1202401,2,.44489701583524,8016169,2,2,3,3,4,2,2,2,4, , , , , , , , , , , , , , , , , , , , , , , , , , , , , , , , , ,2,4,3, , , , , , , , , , , , , , , , , , , , , , , , , , , , , , , , , , , , , , , , , , , , , , , , , , , , , , , , , , , , , , , , , , , , , , , , , , , , , , , , , , , , , , , , , , , , , , , , , , , , , , , , , , , , , , , , , , , , , , , , , , ,2, ,4, ,4, ,4, ,2, ,1, , ,2,2,2,1,4,1,4,3,3,1,1,2,2,2,3,1,2,2,2,3,2,1,2, , ,7,99,3, , , ,1, ,4,7,5, ,1,2,2,2,1,2,2,1,2,2,2,2,1,2,2,1,4, , , , , ,4,4,4,4, , , ,3, , , , , , , , , , ,2, , ,2,2, , , , , , , , , , , , , , , , , , , , , , , , , , , , , , , , , , , , , , , , , , , , , , , , , , , , , , , , , , , , , , , , , , , , , , , , , , , , , , , , , , , , , , , , , , , , , , , , , , , , , , , , , , , , , , , , ,2, ,69, , , , , , , , , , , , , , , , , , , , , , , , , , , , , , , , , , , , , , , ,10, , , , , , , , , , , , , , , , , , , , , , , , , , , , , , , , , ,2, , , , , , ,6, , , , , , , , , , , , , , , , , , , , , , , , , , , , , , , , , , , , , , , , , , , , , , , , , , , , , , , , , , , , , , , , , , , , ,2,2, , , , ,1, , , , , , , , , , , , , , , , , , , , , , , , , , , , , , , , , , , , , , , , , , , , , , , , , , , , , , , , , , , , , , ,3, , , ,1, , , , , , , , ,9, , , , , , , , , , , , , , , , , , , , , , , , , , , , , , , , , , , , , ,2/10/2024,2/10/2024,1
1202401,2,.470327270552151,8016213,3,2,2,2,4,2,2,3,2, , , , , , , , , , , , , , , , , , , , , , , , , , , , , , , , , ,4,2,8, , , , , , , , , , , , , , , , , , , , , , , , , , , , , , , , , , , , , , , , , , , , , , , , , , , , , , , , , , , , , , , , , , , , , , , , , , , , , , , , , , , , , , , , , , , , , , , , , , , , , , , , , , , , , , , , , , , , , , , , , , ,3, ,2, ,3, ,2, ,3, ,4, , ,3,4,8,8,8,1,3,4,4,1,1,3,1,2,2,2,3,1,9,2,2,2,2, , ,1,1,99, , , ,2, ,2,5,9, ,1,3,1,1,1,1,9,9,2,2,1,9,9,9,9,9,2, , , , , ,2,9,3,3, , , ,3, , , , , , , , , , ,2, , ,2,2, , , , , , , , , , , , , , , , , , , , , , , , , , , , , , , , , , , , , , , , , , , , , , , , , , , , , , , , , , , , , , , , , , , , , , , , , , , , , , , , , , , , , , , , , , , , , , , , , , , , , , , , , , , , , , , , ,1, ,48, , , , , , , , , , , , , , , , , , , , , , , , , , , , , , , , , , , , , , , ,7, , , , , , , , , , , , , , , , , , , , , , , , , , , , , , , , , ,3, , , , , , ,99,1, , , , , , , , , , , , , , , , , , , , , , , , , , , , , , , , , , , , , , , , , , , , , , , , , , , , , , , , , , , , , , , , , , , ,1, , , , , ,97, , , , , , , , , , , , , , , , , , , , , , , , , , , , ,2, , , , , , , , , , , , , , , , , , , , , , , , , , , , , , , , , ,9, , , ,1, , , , , , , , ,3, , , , , , , , , , , , , , , , , , , , , , , , , , , , , , , , , , , , , ,2/6/2024,2/6/2024,1
1202401,2,.479728469368284,8016421,3,2,4,2,2,4,4,4,2, , , , , , , , , , , , , , , , , , , , , , , , , , , , , , , , , ,4,1,4, , , , , , , , , , , , , , , , , , , , , , , , , , , , , , , , , , , , , , , , , , , , , , , , , , , , , , , , , , , , , , , , , , , , , , , , , , , , , , , , , , , , , , , , , , , , , , , , , , , , , , , , , , , , , , , , , , , , , , , , , , ,4, ,1, ,2, ,2, ,3, ,4, , ,4,4,2,3,2,1,3,4,4,1,1,1,1,4,3,2,1,3,4,3,2,1,2, , ,1,2,99, , , ,2, ,2,6,3, ,1,1,1,2,1,2,1,1,2,1,2,2,1,1,1,2,1, , , , , ,1,1,1,1,1, , ,3, , , , , , , , , , ,2, , ,2,1, , , , , , , , , , , , , , , , , , , , , , , , , , , , , , , , , , , , , , , , , , , , , , , , , , , , , , , , , , , , , , , , , , , , , , , , , , , , , , , , , , , , , , , , , , , , , , , , , , , , , , , , , , , , , , , , ,1, ,66, , , , , , , , , , , , , , , , , , , , , , , , , , , , , , , , , , , , , , , ,9, , , , , , , , , , , , , , , , , , , , , , , , , , , , , , , , , ,3, , , , , , ,3, , , , , , , , , , , , , , , , , , , , , , , , , , , , , , , , , , , , , , , , , , , , , , , , , , , , , , , , , , , , , , , , , , , , ,1, , , , , ,2, , , , , , , , , , , , , , , , , , , , , , , , , , , , , , , , , , , , , , , , , , , , , , , , , , , , , , , , , , , , , , ,6, , , ,1, , , , , , , , ,9, , , , , , , , , , , , , , , , , , , , , , , , , , , , , , , , , , , , , ,2/3/2024,2/3/2024,1
1202401,2,.681349603977138,8016590,2,1,2,2,2,1,2,2,3, , , , , , , , , , , , , , , , , , , , , , , , , , , , , , , , , ,2,3,2, , , , , , , , , , , , , , , , , , , , , , , , , , , , , , , , , , , , , , , , , , , , , , , , , , , , , , , , , , , , , , , , , , , , , , , , , , , , , , , , , , , , , , , , , , , , , , , , , , , , , , , , , , , , , , , , , , , , , , , , , , ,3, ,3, ,2, ,3, ,3, ,3, , ,8,3,2,3,3,1,2,2,2,1,1,1,1,2,2,1,3,1,1,3,1,2,2, , ,1,2,99, , , ,2, ,2,6,3, ,1,1,1,1,1,1,1,1,2,2,2,1,1,1,1,2,4, , , , , ,4,4,3,3, , , ,3, , , , , , , , , , ,2, , ,3,3, , , , , , , , , , , , , , , , , , , , , , , , , , , , , , , , , , , , , , , , , , , , , , , , , , , , , , , , , , , , , , , , , , , , , , , , , , , , , , , , , , , , , , , , , , , , , , , , , , , , , , , , , , , , , , , , ,2, ,59, , , , , , , , , , , , , , , , , , , , , , , , , , , , , , , , , , , , , , , ,10, , , , , , , , , , , , , , , , , , , , , , , , , , , , , , , , , ,3, , , , , , ,98,1, , , , , , , , , , , , , , , , , , , , , , , , , , , , , , , , , , , , , , , , , , , , , , , , , , , , , , , , , , , , , , , , , , , ,4,4, , , , ,97, , , , , , , , , , , , , , , , , , , , , , , , , , , , ,8, , , , , , , , , , , , , , , , , , , , , , , , , , , , , , , , , ,3, , , ,1, , , , , , , , ,3, , , , , , , , , , , , , , , , , , , , , , , , , , , , , , , , , , , , , ,2/8/2024,2/8/2024,1
1202401,2,1.26220101744508,8016599,4,2,3,2,2,2,2,2,4, , , , , , , , , , , , , , , , , , , , , , , , , , , , , , , , , ,4,3,2, , , , , , , , , , , , , , , , , , , , , , , , , , , , , , , , , , , , , , , , , , , , , , , , , , , , , , , , , , , , , , , , , , , , , , , , , , , , , , , , , , , , , , , , , , , , , , , , , , , , , , , , , , , , , , , , , , , , , , , , , , ,2, ,4, ,4, ,4, ,2, ,2, , ,2,2,2,2,2,2,1,9,1,1,2,1,2,1,3,1,1,2,2,4,2,1,2, , ,1,2,99, , , ,2, ,2,7,7, ,1,1,2,2,2,2,2,2,2,2,1,2,1,1,1,2,1, , , , , ,3,3,3,4, , , ,4, , , , , , , , , , ,2, , ,3,2, , , , , , , , , , , , , , , , , , , , , , , , , , , , , , , , , , , , , , , , , , , , , , , , , , , , , , , , , , , , , , , , , , , , , , , , , , , , , , , , , , , , , , , , , , , , , , , , , , , , , , , , , , , , , , , , ,2, ,66, , , , , , , , , , , , , , , , , , , , , , , , , , , , , , , , , , , , , , , ,5, , , , , , , , , , , , , , , , , , , , , , , , , , , , , , , , , ,2, , , , , , ,6, , , , , , , , , , , , , , , , , , , , , , , , , , , , , , , , , , , , , , , , , , , , , , , , , , , , , , , , , , , , , , , , , , , , ,2,2, , , , ,99, , , , , , , , , , , , , , , , , , , , , , , , , , , , ,2, , , , , , , , , , , , , , , , , , , , , , , , , , , , , , , , , ,3, , ,2, , , , , , , , , ,3, , , , , , , , , , , , , , , , , , , , , , , , , , , , , , , , , , , , , ,2/5/2024,2/5/2024,1
1202401,2,.847937366898221,8016721,4,2,4,2,4,2,2,2,3, , , , , , , , , , , , , , , , , , , , , , , , , , , , , , , , , ,4,2,2, , , , , , , , , , , , , , , , , , , , , , , , , , , , , , , , , , , , , , , , , , , , , , , , , , , , , , , , , , , , , , , , , , , , , , , , , , , , , , , , , , , , , , , , , , , , , , , , , , , , , , , , , , , , , , , , , , , , , , , , , , ,3, ,2, ,3, ,3, ,8, ,2, , ,4,4,4,4,4,1,4,3,3,2,1,1,1,2,1,1,2,1,2,4,2,2,1, , ,7,99,3, , , ,2, ,3,7,6, ,1,3,2,2,1,2,2,2,2,2,2,2,1,2,2,2,3, , , , , ,3,3,3,3, , , ,2, , , , , , , , , , ,2, , ,1,2, , , , , , , , , , , , , , , , , , , , , , , , , , , , , , , , , , , , , , , , , , , , , , , , , , , , , , , , , , , , , , , , , , , , , , , , , , , , , , , , , , , , , , , , , , , , , , , , , , , , , , , , , , , , , , , , ,2, ,59, , , , , , , , , , , , , , , , , , , , , , , , , , , , , , , , , , , , , , , ,9, , , , , , , , , , , , , , , , , , , , , , , , , , , , , , , , , ,3, , , , , , ,6, , , , , , , , , , , , , , , , , , , , , , , , , , , , , , , , , , , , , , , , , , , , , , , , , , , , , , , , , , , , , , , , , , , , ,1, , , , , ,3, , , , , , , , , , , , , , , , , , , , , , , , , , , , , , , , , , , , , , , , , , , , , , , , , , , , , , , , , , , , , , ,3, , ,2, , , , , , , , , ,7, , , , , , , , , , , , , , , , , , , , , , , , , , , , , , , , , , , , , ,1/28/2024,1/28/2024,1
1202401,2,.734523963461195,8017024,3,2,2,2,3,2,2,2,3, , , , , , , , , , , , , , , , , , , , , , , , , , , , , , , , , ,3,2,3, , , , , , , , , , , , , , , , , , , , , , , , , , , , , , , , , , , , , , , , , , , , , , , , , , , , , , , , , , , , , , , , , , , , , , , , , , , , , , , , , , , , , , , , , , , , , , , , , , , , , , , , , , , , , , , , , , , , , , , , , , ,4, ,2, ,2, ,3, ,3, ,3, , ,3,3,3,3,3,2,3,2,2,3,2,2,2,2,4,2,1,1,1,2,1,1,3, , ,1,2,99, , , ,1, ,1,2,2, ,1,1,2,2,2,2,2,2,2,2,2,2,1,1,2,2,1, , , , , ,1,1,1,1,1, , ,3, , , , , , , , , , ,1, , ,1,2, , , , , , , , , , , , , , , , , , , , , , , , , , , , , , , , , , , , , , , , , , , , , , , , , , , , , , , , , , , , , , , , , , , , , , , , , , , , , , , , , , , , , , , , , , , , , , , , , , , , , , , , , , , , , , , , ,2, ,52, , , , , , , , , , , , , , , , , , , , , , , , , , , , , , , , , , , , , , , ,9, , , , , , , , , , , , , , , , , , , , , , , , , , , , , , , , , ,4, , , , , , ,3, , , , , , , , , , , , , , , , , , , , , , , , , , , , , , , , , , , , , , , , , , , , , , , , , , , , , , , , , , , , , , , , , , , , ,1, , , , , ,3, , , , , , , , , , , , , , , , , , , , , , , , , , , , , , , , , , , , , , , , , , , , , , , , , , , , , , , , , , , , , , ,1, , , ,1, , , , , , , , ,9, , , , , , , , , , , , , , , , , , , , , , , , , , , , , , , , , , , , , ,2/11/2024,2/11/2024,1
1202401,2,.258625757265398,8017071,2,2,1,3,4,2,2,2,4, , , , , , , , , , , , , , , , , , , , , , , , , , , , , , , , , ,1,4,3, , , , , , , , , , , , , , , , , , , , , , , , , , , , , , , , , , , , , , , , , , , , , , , , , , , , , , , , , , , , , , , , , , , , , , , , , , , , , , , , , , , , , , , , , , , , , , , , , , , , , , , , , , , , , , , , , , , , , , , , , , ,1, ,4, ,4, ,4, ,2, ,1, , ,2,2,2,2,4,2,1,2,1,1,1,2,1,1,1,1,4,4,2,8,1,4,3, , ,1,2,99, , , ,2, ,1,5,1, ,1,1,1,2,1,2,1,2,2,1,2,1,1,1,1,8,3, , , , , ,3,1,3,4, , , ,2, , , , , , , , , , ,2, , ,1,2, , , , , , , , , , , , , , , , , , , , , , , , , , , , , , , , , , , , , , , , , , , , , , , , , , , , , , , , , , , , , , , , , , , , , , , , , , , , , , , , , , , , , , , , , , , , , , , , , , , , , , , , , , , , , , , , ,2, ,99, , , , ,4, , , , , , , , , , , , , , , , , , , , , , , , , , , , , , , , , , ,11, , , , , , , , , , , , , , , , , , , , , , , , , , , , , , , , , ,2, , , , , , ,9, , , , , , , , , , , , , , , , , , , , , , , , , , , , , , , , , , , , , , , , , , , , , , , , , , , , , , , , , , , , , , , , , , , , ,1, , , , , ,1, , , , , , , , , , , , , , , , , , , , , , , , , , , , , , , , , , , , , , , , , , , , , , , , , , , , , , , , , , , , , , ,3, , , ,1, , , , , , , , ,3, , , , , , , , , , , , , , , , , , , , , , , , , , , , , , , , , , , , , ,4/21/2024,4/21/2024,1
1202401,2,.675862784022459,8017088,4,2,3,2,4,2,3,3,4, , , , , , , , , , , , , , , , , , , , , , , , , , , , , , , , , ,8,8,8, , , , , , , , , , , , , , , , , , , , , , , , , , , , , , , , , , , , , , , , , , , , , , , , , , , , , , , , , , , , , , , , , , , , , , , , , , , , , , , , , , , , , , , , , , , , , , , , , , , , , , , , , , , , , , , , , , , , , , , , , , ,2, ,4, ,4, ,4, ,4, ,3, , ,1,8,8,3,4,1,1,1,2,1,1,1,1,2,3,2,1,2,1,1,2,1,2, , ,1,1,99, , , ,2, ,2,6,2, ,1,1,1,1,1,1,1,1,1,1,1,1,1,1,8,8,4, , , , , ,4,8,2,1,1, , ,4, , , , , , , , , , ,3, , ,1,8, , , , , , , , , , , , , , , , , , , , , , , , , , , , , , , , , , , , , , , , , , , , , , , , , , , , , , , , , , , , , , , , , , , , , , , , , , , , , , , , , , , , , , , , , , , , , , , , , , , , , , , , , , , , , , , , ,2, ,60, , , , , , , , , , , , , , , , , , , , , , , , , , , , , , , , , , , , , , , ,6, , , , , , , , , , , , , , , , , , , , , , , , , , , , , , , , , ,2, , , , , , ,4, , , , , , , , , , , , , , , , , , , , , , , , , , , , , , , , , , , , , , , , , , , , , , , , , , , , , , , , , , , , , , , , , , , , ,1, , , , , ,99, , , , , , , , , , , , , , , , , , , , , , , , , , , , ,8, , , , , , , , , , , , , , , , , , , , , , , , , , , , , , , , , ,8, , , ,1, , , , , , , , ,3, , , , , , , , , , , , , , , , , , , , , , , , , , , , , , , , , , , , , ,4/19/2024,4/19/2024,1
1202401,2,.674948012216626,8017095,1,2,9,2,4,8,2,9,2, , , , , , , , , , , , , , , , , , , , , , , , , , , , , , , , , ,8,8,8, , , , , , , , , , , , , , , , , , , , , , , , , , , , , , , , , , , , , , , , , , , , , , , , , , , , , , , , , , , , , , , , , , , , , , , , , , , , , , , , , , , , , , , , , , , , , , , , , , , , , , , , , , , , , , , , , , , , , , , , , , ,3, ,4, ,8, ,4, ,4, ,2, , ,2,4,8,2,3,2,1,1,2,8,1,1,2,8,1,2,2,2,9,8,1,1,2, , ,7,99,3, , , ,2, ,4,7,6, ,2,3,2,2,2,2,2,2,2,2,2,2,2,2,9,2,4, , , , , ,1,4,1,4, , , ,8, , , , , , , , , , ,1, , ,2,9, , , , , , , , , , , , , , , , , , , , , , , , , , , , , , , , , , , , , , , , , , , , , , , , , , , , , , , , , , , , , , , , , , , , , , , , , , , , , , , , , , , , , , , , , , , , , , , , , , , , , , , , , , , , , , , , ,1, ,63, , , , , , , , , , , , , , , , , , , , , , , , , , , , , , , , , , , , , , , ,5, , , , , , , , , , , , , , , , , , , , , , , , , , , , , , , , , ,4, , , , , , ,99,1, , , , , , , , , , , , , , , , , , , , , , , , , , , , , , , , , , , , , , , , , , , , , , , , , , , , , , , , , , , , , , , , , , , ,1, , , , , ,1, , , , , , , , , , , , , , , , , , , , , , , , , , , , , , , , , , , , , , , , , , , , , , , , , , , , , , , , , , , , , , ,3, , , ,2, , , , , , , , ,3, , , , , , , , , , , , , , , , , , , , , , , , , , , , , , , , , , , , , ,2/10/2024,2/10/2024,1
1202401,2,.637125162733314,8017754,2,2,2,2,4,2,4,3,4, , , , , , , , , , , , , , , , , , , , , , , , , , , , , , , , , ,2,1,2, , , , , , , , , , , , , , , , , , , , , , , , , , , , , , , , , , , , , , , , , , , , , , , , , , , , , , , , , , , , , , , , , , , , , , , , , , , , , , , , , , , , , , , , , , , , , , , , , , , , , , , , , , , , , , , , , , , , , , , , , , ,2, ,2, ,4, ,4, ,2, ,1, , ,3,3,2,2,2,2,2,2,3,1,3,3,3,2,2,1,3,2,2,2,2,1,2, , ,1,2,99, , , ,2, ,3,7,6, ,1,2,2,2,1,2,2,1,2,2,2,2,1,2,2,2,2, , , , , ,2,2,2,3, , , ,3, , , , , , , , , , ,3, , ,3,2, , , , , , , , , , , , , , , , , , , , , , , , , , , , , , , , , , , , , , , , , , , , , , , , , , , , , , , , , , , , , , , , , , , , , , , , , , , , , , , , , , , , , , , , , , , , , , , , , , , , , , , , , , , , , , , , ,1, ,65, , , , , , , , , , , , , , , , , , , , , , , , , , , , , , , , , , , , , , , ,7, , , , , , , , , , , , , , , , , , , , , , , , , , , , , , , , , ,3, , , , , , ,8, , , , , , , , , , , , , , , , , , , , , , , , , , , , , , , , , , , , , , , , , , , , , , , , , , , , , , , , , , , , , , , , , , , , ,2,2, , , , ,2, , , , , , , , , , , , , , , , , , , , , , , , , , , , , , , , , , , , , , , , , , , , , , , , , , , , , , , , , , , , , , ,6, , , ,1, , , , , , , , ,2, , , , , , , , , , , , , , , , , , , , , , , , , , , , , , , , , , , , , ,2/1/2024,2/1/2024,1
1202401,2,.678796662203523,8017762,4,2,4,2,4,1,4,1,4, , , , , , , , , , , , , , , , , , , , , , , , , , , , , , , , , ,4,1,4, , , , , , , , , , , , , , , , , , , , , , , , , , , , , , , , , , , , , , , , , , , , , , , , , , , , , , , , , , , , , , , , , , , , , , , , , , , , , , , , , , , , , , , , , , , , , , , , , , , , , , , , , , , , , , , , , , , , , , , , , , ,4, ,4, ,3, ,4, ,2, ,2, , ,2,2,3,1,1,2,2,2,3,3,1,1,1,4,3,1,3,3,3,3,1,1,2, , ,7,99,2, , , ,1, ,3,7,7, ,2,1,1,1,1,2,1,1,2,2,2,2,1,2,2,2,4, , , , , ,3,3,3,3, , , ,3, , , , , , , , , , ,2, , ,1,2, , , , , , , , , , , , , , , , , , , , , , , , , , , , , , , , , , , , , , , , , , , , , , , , , , , , , , , , , , , , , , , , , , , , , , , , , , , , , , , , , , , , , , , , , , , , , , , , , , , , , , , , , , , , , , , , ,1, ,71, , , , , , , , , , , , , , , , , , , , , , , , , , , , , , , , , , , , , , , ,6, , , , , , , , , , , , , , , , , , , , , , , , , , , , , , , , , ,3, , , , , , ,5, , , , , , , , , , , , , , , , , , , , , , , , , , , , , , , , , , , , , , , , , , , , , , , , , , , , , , , , , , , , , , , , , , , , ,1, , , , , ,2, , , , , , , , , , , , , , , , , , , , , , , , , , , , , , , , , , , , , , , , , , , , , , , , , , , , , , , , , , , , , , ,3, , ,2, , , , , , , , , ,8, , , , , , , , , , , , , , , , , , , , , , , , , , , , , , , , , , , , , ,1/28/2024,1/28/2024,1
1202401,2,1.17887938954339,8017791,4,2,4,4,4,4,4,4,4, , , , , , , , , , , , , , , , , , , , , , , , , , , , , , , , , ,4,1,4, , , , , , , , , , , , , , , , , , , , , , , , , , , , , , , , , , , , , , , , , , , , , , , , , , , , , , , , , , , , , , , , , , , , , , , , , , , , , , , , , , , , , , , , , , , , , , , , , , , , , , , , , , , , , , , , , , , , , , , , , , ,4, ,1, ,4, ,4, ,4, ,3, , ,4,4,4,4,4,1,4,3,2,1,1,1,1,4,4,3,4,3,4,1,1,1,1, , ,1,2,99, , , ,2, ,1,3,1, ,1,1,1,1,1,1,1,8,2,1,2,2,1,1,1,1,4, , , , , ,4,4,1,3, , , ,4, , , , , , , , , , ,2, , ,1,2, , , , , , , , , , , , , , , , , , , , , , , , , , , , , , , , , , , , , , , , , , , , , , , , , , , , , , , , , , , , , , , , , , , , , , , , , , , , , , , , , , , , , , , , , , , , , , , , , , , , , , , , , , , , , , , , ,2, ,62, , , , , , , , , , , , , , , , , , , , , , , , , , , , , , , , , , , , , , , ,7, , , , , , , , , , , , , , , , , , , , , , , , , , , , , , , , , ,3, , , , , , ,3, , , , , , , , , , , , , , , , , , , , , , , , , , , , , , , , , , , , , , , , , , , , , , , , , , , , , , , , , , , , , , , , , , , , ,2,2, , , , ,2, , , , , , , , , , , , , , , , , , , , , , , , , , , , , , , , , , , , , , , , , , , , , , , , , , , , , , , , , , , , , , ,6, , , ,1, , , , , , , , ,1, , , , , , , , , , , , , , , , , , , , , , , , , , , , , , , , , , , , , ,1/31/2024,1/31/2024,1
1202401,2,.479728469368284,8017871,3,1,3,4,4,1,2,2,4, , , , , , , , , , , , , , , , , , , , , , , , , , , , , , , , , ,2,2,2, , , , , , , , , , , , , , , , , , , , , , , , , , , , , , , , , , , , , , , , , , , , , , , , , , , , , , , , , , , , , , , , , , , , , , , , , , , , , , , , , , , , , , , , , , , , , , , , , , , , , , , , , , , , , , , , , , , , , , , , , , ,2, ,4, ,4, ,4, ,3, ,1, , ,3,3,2,2,2,2,3,2,2,1,1,1,1,2,2,2,2,3,1,2,1,2,2, , ,7,99,3, , , ,1, ,3,6,2, ,1,2,1,1,1,1,2,1,2,2,2,1,1,1,2,2,4, , , , , ,3,3,2,3, , , ,3, , , , , , , , , , ,2, , ,1,2, , , , , , , , , , , , , , , , , , , , , , , , , , , , , , , , , , , , , , , , , , , , , , , , , , , , , , , , , , , , , , , , , , , , , , , , , , , , , , , , , , , , , , , , , , , , , , , , , , , , , , , , , , , , , , , , ,1, ,72, , , , , , , , , , , , , , , , , , , , , , , , , , , , , , , , , , , , , , , ,9, , , , , , , , , , , , , , , , , , , , , , , , , , , , , , , , , ,2, , , , , , ,8, , , , , , , , , , , , , , , , , , , , , , , , , , , , , , , , , , , , , , , , , , , , , , , , , , , , , , , , , , , , , , , , , , , , ,1, , , , , ,1, , , , , , , , , , , , , , , , , , , , , , , , , , , , , , , , , , , , , , , , , , , , , , , , , , , , , , , , , , , , , , ,3, , ,2, , , , , , , , , ,9, , , , , , , , , , , , , , , , , , , , , , , , , , , , , , , , , , , , , ,2/5/2024,2/5/2024,1
1202401,2,.635517202649729,8018009,4,2,4,2,3,2,2,2,3, , , , , , , , , , , , , , , , , , , , , , , , , , , , , , , , , ,4,3,3, , , , , , , , , , , , , , , , , , , , , , , , , , , , , , , , , , , , , , , , , , , , , , , , , , , , , , , , , , , , , , , , , , , , , , , , , , , , , , , , , , , , , , , , , , , , , , , , , , , , , , , , , , , , , , , , , , , , , , , , , , ,3, ,2, ,3, ,4, ,8, ,2, , ,2,3,2,2,8,2,2,2,2,1,2,2,2,3,4,2,2,3,3,2,2,1,1, , ,7,99,3, , , ,2, ,3,7,6, ,1,2,2,2,1,2,2,2,2,2,2,2,1,2,1,1,4, , , , , ,4,4,4,4, , , ,3, , , , , , , , , , ,2, , ,2,8, , , , , , , , , , , , , , , , , , , , , , , , , , , , , , , , , , , , , , , , , , , , , , , , , , , , , , , , , , , , , , , , , , , , , , , , , , , , , , , , , , , , , , , , , , , , , , , , , , , , , , , , , , , , , , , , ,1, ,56, , , , , , , , , , , , , , , , , , , , , , , , , , , , , , , , , , , , , , , ,6, , , , , , , , , , , , , , , , , , , , , , , , , , , , , , , , , ,3, , , , , , ,7, , , , , , , , , , , , , , , , , , , , , , , , , , , , , , , , , , , , , , , , , , , , , , , , , , , , , , , , , , , , , , , , , , , , ,2,2, , , , ,3, , , , , , , , , , , , , , , , , , , , , , , , , , , , , , , , , , , , , , , , , , , , , , , , , , , , , , , , , , , , , , ,3, , ,1, , , , , , , , , ,2, , , , , , , , , , , , , , , , , , , , , , , , , , , , , , , , , , , , , ,1/29/2024,1/29/2024,1
1202401,2,.333670192067986,8018218,3,2,2,2,4,2,3,2,4, , , , , , , , , , , , , , , , , , , , , , , , , , , , , , , , , ,4,1,2, , , , , , , , , , , , , , , , , , , , , , , , , , , , , , , , , , , , , , , , , , , , , , , , , , , , , , , , , , , , , , , , , , , , , , , , , , , , , , , , , , , , , , , , , , , , , , , , , , , , , , , , , , , , , , , , , , , , , , , , , , ,2, ,2, ,4, ,4, ,2, ,1, , ,2,2,2,2,2,1,3,3,2,2,1,2,2,2,2,2,3,2,3,3,1,2,2, , ,1,2,99, , , ,2, ,1,2,1, ,1,1,1,2,1,2,2,2,2,1,2,2,1,1,1,1,3, , , , , ,3,2,1,1,1, , ,2, , , , , , , , , , ,1, , ,2,2, , , , , , , , , , , , , , , , , , , , , , , , , , , , , , , , , , , , , , , , , , , , , , , , , , , , , , , , , , , , , , , , , , , , , , , , , , , , , , , , , , , , , , , , , , , , , , , , , , , , , , , , , , , , , , , , ,2, ,69, , , , , , , , , , , , , , , , , , , , , , , , , , , , , , , , , , , , , , , ,11, , , , , , , , , , , , , , , , , , , , , , , , , , , , , , , , , ,3, , , , , , ,99,9, , , , , , , , , , , , , , , , , , , , , , , , , , , , , , , , , , , , , , , , , , , , , , , , , , , , , , , , , , , , , , , , , , , ,2,2, , , , ,2, , , , , , , , , , , , , , , , , , , , , , , , , , , , , , , , , , , , , , , , , , , , , , , , , , , , , , , , , , , , , , ,3, , ,2, , , , , , , , , ,6, , , , , , , , , , , , , , , , , , , , , , , , , , , , , , , , , , , , , ,1/31/2024,1/31/2024,1
1202401,2,.637125162733314,8018259,4,2,4,1,4,1,3,3,4, , , , , , , , , , , , , , , , , , , , , , , , , , , , , , , , , ,4,1,4, , , , , , , , , , , , , , , , , , , , , , , , , , , , , , , , , , , , , , , , , , , , , , , , , , , , , , , , , , , , , , , , , , , , , , , , , , , , , , , , , , , , , , , , , , , , , , , , , , , , , , , , , , , , , , , , , , , , , , , , , , ,4, ,3, ,4, ,4, ,2, ,1, , ,2,4,3,1,2,2,2,3,1,1,1,1,1,2,2,1,3,3,3,3,1,1,2, , ,1,2,99, , , ,2, ,1,4,6, ,1,2,2,2,2,2,2,2,2,2,2,2,1,1,1,2,4, , , , , ,3,3,1,2,2, , ,3, , , , , , , , , , ,2, , ,1,2, , , , , , , , , , , , , , , , , , , , , , , , , , , , , , , , , , , , , , , , , , , , , , , , , , , , , , , , , , , , , , , , , , , , , , , , , , , , , , , , , , , , , , , , , , , , , , , , , , , , , , , , , , , , , , , , ,1, ,57, , , , , , , , , , , , , , , , , , , , , , , , , , , , , , , , , , , , , , , ,7, , , , , , , , , , , , , , , , , , , , , , , , , , , , , , , , , ,3, , , , , , ,99,9, , , , , , , , , , , , , , , , , , , , , , , , , , , , , , , , , , , , , , , , , , , , , , , , , , , , , , , , , , , , , , , , , , , ,2,2, , , , ,2, , , , , , , , , , , , , , , , , , , , , , , , , , , , , , , , , , , , , , , , , , , , , , , , , , , , , , , , , , , , , , ,3, , , ,1, , , , , , , , ,2, , , , , , , , , , , , , , , , , , , , , , , , , , , , , , , , , , , , , ,1/29/2024,1/29/2024,1
1202401,2,.69410971008801,8018330,2,1,1,3,3,2,2,2,4, , , , , , , , , , , , , , , , , , , , , , , , , , , , , , , , , ,3,2,3, , , , , , , , , , , , , , , , , , , , , , , , , , , , , , , , , , , , , , , , , , , , , , , , , , , , , , , , , , , , , , , , , , , , , , , , , , , , , , , , , , , , , , , , , , , , , , , , , , , , , , , , , , , , , , , , , , , , , , , , , , ,2, ,4, ,3, ,4, ,2, ,1, , ,2,3,2,2,2,3,4,4,4,2,1,1,1,2,2,1,3,3,3,3,3,1,2, , ,7,99,2, , , ,1, ,4,7,7, ,2,1,2,2,2,2,2,2,2,2,2,2,2,2,2,2,4, , , , , ,4,3,4,4, , , ,4, , , , , , , , , , ,1, , ,2,2, , , , , , , , , , , , , , , , , , , , , , , , , , , , , , , , , , , , , , , , , , , , , , , , , , , , , , , , , , , , , , , , , , , , , , , , , , , , , , , , , , , , , , , , , , , , , , , , , , , , , , , , , , , , , , , , ,1, ,57, , , , , , , , , , , , , , , , , , , , , , , , , , , , , , , , , , , , , , , ,10, , , , , , , , , , , , , , , , , , , , , , , , , , , , , , , , , ,3, , , , , , ,5, , , , , , , , , , , , , , , , , , , , , , , , , , , , , , , , , , , , , , , , , , , , , , , , , , , , , , , , , , , , , , , , , , , , ,2,2, , , , ,4, , , , , , , , , , , , , , , , , , , , , , , , , , , , , , , , , , , , , , , , , , , , , , , , , , , , , , , , , , , , , , ,2, , , ,2, , , , , , , , ,3, , , , , , , , , , , , , , , , , , , , , , , , , , , , , , , , , , , , , ,1/27/2024,1/27/2024,1
1202401,2,.553800441343595,8018471,3,2,2,3,3,2,2,2,4, , , , , , , , , , , , , , , , , , , , , , , , , , , , , , , , , ,3,3,3, , , , , , , , , , , , , , , , , , , , , , , , , , , , , , , , , , , , , , , , , , , , , , , , , , , , , , , , , , , , , , , , , , , , , , , , , , , , , , , , , , , , , , , , , , , , , , , , , , , , , , , , , , , , , , , , , , , , , , , , , , ,2, ,4, ,3, ,4, ,2, ,1, , ,2,3,3,3,3,2,3,2,3,2,2,2,2,2,3,2,2,1,3,1,2,1,2, , ,1,1,99, , , ,2, ,3,7,5, ,2,3,2,2,2,2,2,2,1,2,2,2,2,1,1,1,4, , , , , ,4,4,4,4, , , ,3, , , , , , , , , , ,2, , ,2,2, , , , , , , , , , , , , , , , , , , , , , , , , , , , , , , , , , , , , , , , , , , , , , , , , , , , , , , , , , , , , , , , , , , , , , , , , , , , , , , , , , , , , , , , , , , , , , , , , , , , , , , , , , , , , , , , ,1, ,67, , , , , , , , , , , , , , , , , , , , , , , , , , , , , , , , , , , , , , , ,9, , , , , , , , , , , , , , , , , , , , , , , , , , , , , , , , , ,3, , , , , , ,4, , , , , , , , , , , , , , , , , , , , , , , , , , , , , , , , , , , , , , , , , , , , , , , , , , , , , , , , , , , , , , , , , , , , ,1, , , , , ,1, , , , , , , , , , , , , , , , , , , , , , , , , , , , , , , , , , , , , , , , , , , , , , , , , , , , , , , , , , , , , , ,4, , , ,1, , , , , , , , ,6, , , , , , , , , , , , , , , , , , , , , , , , , , , , , , , , , , , , , ,2/7/2024,2/7/2024,1
1202401,2,.258625757265398,8018568,2,2,2,2,3,2,2,2,3, , , , , , , , , , , , , , , , , , , , , , , , , , , , , , , , , ,2,2,2, , , , , , , , , , , , , , , , , , , , , , , , , , , , , , , , , , , , , , , , , , , , , , , , , , , , , , , , , , , , , , , , , , , , , , , , , , , , , , , , , , , , , , , , , , , , , , , , , , , , , , , , , , , , , , , , , , , , , , , , , , ,2, ,3, ,4, ,4, ,2, ,2, , ,1,2,1,1,1,2,1,1,1,1,1,1,2,2,2,2,2,3,3,3,2,2,3, , ,1,1,99, , , ,2, ,3,6,5, ,1,2,2,2,2,2,2,2,2,2,2,2,1,1,1,1,4, , , , , ,4,1,3,4, , , ,3, , , , , , , , , , ,2, , ,2,2, , , , , , , , , , , , , , , , , , , , , , , , , , , , , , , , , , , , , , , , , , , , , , , , , , , , , , , , , , , , , , , , , , , , , , , , , , , , , , , , , , , , , , , , , , , , , , , , , , , , , , , , , , , , , , , , ,1, ,38, , , , , , , , , , , , , , , , , , , , , , , , , , , , , , , , , , , , , , , ,11, , , , , , , , , , , , , , , , , , , , , , , , , , , , , , , , , ,2, , , , , , ,11, , , , , , , , , , , , , , , , , , , , , , , , , , , , , , , , , , , , , , , , , , , , , , , , , , , , , , , , , , , , , , , , , , , , ,4,2, , , , ,1, , , , , , , , , , , , , , , , , , , , , , , , , , , , , , , , , , , , , , , , , , , , , , , , , , , , , , , , , , , , , , ,3, , , ,1, , , , , , , , ,3, , , , , , , , , , , , , , , , , , , , , , , , , , , , , , , , , , , , , ,2/8/2024,2/8/2024,1
1202401,2,.40480814705418,8018649,2,1,1,4,3,1,2,1,4, , , , , , , , , , , , , , , , , , , , , , , , , , , , , , , , , ,1,4,2, , , , , , , , , , , , , , , , , , , , , , , , , , , , , , , , , , , , , , , , , , , , , , , , , , , , , , , , , , , , , , , , , , , , , , , , , , , , , , , , , , , , , , , , , , , , , , , , , , , , , , , , , , , , , , , , , , , , , , , , , , ,2, ,4, ,3, ,4, ,2, ,1, , ,2,1,2,1,4,1,3,2,3,1,1,2,2,1,1,1,3,1,1,4,3,1,3, , ,7,99,2, , , ,1, ,4,7,7, ,8,3,1,2,1,2,2,8,2,2,2,2,2,2,2,1,4, , , , , ,1,1,1,3, , , ,2, , , , , , , , , , ,2, , ,2,2, , , , , , , , , , , , , , , , , , , , , , , , , , , , , , , , , , , , , , , , , , , , , , , , , , , , , , , , , , , , , , , , , , , , , , , , , , , , , , , , , , , , , , , , , , , , , , , , , , , , , , , , , , , , , , , , ,2, ,83, , , , , , , , , , , , , , , , , , , , , , , , , , , , , , , , , , , , , , , ,10, , , , , , , , , , , , , , , , , , , , , , , , , , , , , , , , , ,8, , , , , , ,99,9, , , , , , , , , , , , , , , , , , , , , , , , , , , , , , , , , , , , , , , , , , , , , , , , , , , , , , , , , , , , , , , , , , , ,1, , , , , ,1, , , , , , , , , , , , , , , , , , , , , , , , , , , , , , , , , , , , , , , , , , , , , , , , , , , , , , , , , , , , , , ,2, , , ,1, , , , , , , , ,8, , , , , , , , , , , , , , , , , , , , , , , , , , , , , , , , , , , , , ,2/4/2024,2/4/2024,1
1202401,2,.32539861527194,8018671,4,2,4,2,3,2,4,4,3, , , , , , , , , , , , , , , , , , , , , , , , , , , , , , , , , ,4,3,4, , , , , , , , , , , , , , , , , , , , , , , , , , , , , , , , , , , , , , , , , , , , , , , , , , , , , , , , , , , , , , , , , , , , , , , , , , , , , , , , , , , , , , , , , , , , , , , , , , , , , , , , , , , , , , , , , , , , , , , , , , ,4, ,2, ,4, ,2, ,4, ,4, , ,4,3,3,4,3,1,4,3,4,2,1,1,1,2,3,2,2,3,4,3,2,1,2, , ,99,99,99, , , ,1, ,3,7,7, ,1,2,1,2,1,2,2,1,2,2,2,2,1,1,1,1,4, , , , , ,4,3,3,4, , , ,3, , , , , , , , , , ,2, , ,1,2, , , , , , , , , , , , , , , , , , , , , , , , , , , , , , , , , , , , , , , , , , , , , , , , , , , , , , , , , , , , , , , , , , , , , , , , , , , , , , , , , , , , , , , , , , , , , , , , , , , , , , , , , , , , , , , , ,1, ,47, , , , , , , , , , , , , , , , , , , , , , , , , , , , , , , , , , , , , , , ,10, , , , , , , , , , , , , , , , , , , , , , , , , , , , , , , , , ,2, , , , , , ,8, , , , , , , , , , , , , , , , , , , , , , , , , , , , , , , , , , , , , , , , , , , , , , , , , , , , , , , , , , , , , , , , , , , , ,1, , , , , ,6, , , , , , , , , , , , , , , , , , , , , , , , , , , , , , , , , , , , , , , , , , , , , , , , , , , , , , , , , , , , , , ,3, , ,2, , , , , , , , , ,9, , , , , , , , , , , , , , , , , , , , , , , , , , , , , , , , , , , , , ,2/6/2024,2/6/2024,1
1202401,2,.491683708483706,8018767,3,2,2,2,3,2,2,3,4, , , , , , , , , , , , , , , , , , , , , , , , , , , , , , , , , ,2,4,2, , , , , , , , , , , , , , , , , , , , , , , , , , , , , , , , , , , , , , , , , , , , , , , , , , , , , , , , , , , , , , , , , , , , , , , , , , , , , , , , , , , , , , , , , , , , , , , , , , , , , , , , , , , , , , , , , , , , , , , , , , ,2, ,4, ,2, ,4, ,2, ,2, , ,3,2,2,2,3,1,3,3,4,3,1,1,1,1,1,2,3,1,3,3,1,1,2, , ,7,99,3, , , ,1, ,4,7,7, ,2,3,2,2,2,2,2,2,2,2,2,2,2,2,2,1,4, , , , , ,4,4,4,4, , , ,2, , , , , , , , , , ,2, , ,2,2, , , , , , , , , , , , , , , , , , , , , , , , , , , , , , , , , , , , , , , , , , , , , , , , , , , , , , , , , , , , , , , , , , , , , , , , , , , , , , , , , , , , , , , , , , , , , , , , , , , , , , , , , , , , , , , , ,1, ,60, , , , , , , , , , , , , , , , , , , , , , , , , , , , , , , , , , , , , , , ,10, , , , , , , , , , , , , , , , , , , , , , , , , , , , , , , , , ,2, , , , , , ,10, , , , , , , , , , , , , , , , , , , , , , , , , , , , , , , , , , , , , , , , , , , , , , , , , , , , , , , , , , , , , , , , , , , , ,3,3, , , , ,3, , , , , , , , , , , , , , , , , , , , , , , , , , , , , , , , , , , , , , , , , , , , , , , , , , , , , , , , , , , , , , ,2, , , ,1, , , , , , , , ,8, , , , , , , , , , , , , , , , , , , , , , , , , , , , , , , , , , , , , ,1/28/2024,1/28/2024,1
1202401,2,.258625757265398,8018927,2,2,3,3,3,1,2,1,4, , , , , , , , , , , , , , , , , , , , , , , , , , , , , , , , , ,2,4,2, , , , , , , , , , , , , , , , , , , , , , , , , , , , , , , , , , , , , , , , , , , , , , , , , , , , , , , , , , , , , , , , , , , , , , , , , , , , , , , , , , , , , , , , , , , , , , , , , , , , , , , , , , , , , , , , , , , , , , , , , , ,2, ,4, ,4, ,4, ,2, ,2, , ,2,2,2,2,3,1,3,2,3,2,1,2,2,1,2,1,1,2,3,3,2,1,2, , ,7,99,2, , , ,1, ,4,7,7, ,2,4,1,2,1,2,1,2,2,2,2,2,1,2,9,1,4, , , , , ,4,4,4,4, , , ,1, , , , , , , , , , ,2, , ,2,2, , , , , , , , , , , , , , , , , , , , , , , , , , , , , , , , , , , , , , , , , , , , , , , , , , , , , , , , , , , , , , , , , , , , , , , , , , , , , , , , , , , , , , , , , , , , , , , , , , , , , , , , , , , , , , , , ,1, ,67, , , , , , , , , , , , , , , , , , , , , , , , , , , , , , , , , , , , , , , ,11, , , , , , , , , , , , , , , , , , , , , , , , , , , , , , , , , ,2, , , , , , ,99,2, , , , , , , , , , , , , , , , , , , , , , , , , , , , , , , , , , , , , , , , , , , , , , , , , , , , , , , , , , , , , , , , , , , ,1, , , , , ,1, , , , , , , , , , , , , , , , , , , , , , , , , , , , , , , , , , , , , , , , , , , , , , , , , , , , , , , , , , , , , , ,3, , , ,1, , , , , , , , ,9, , , , , , , , , , , , , , , , , , , , , , , , , , , , , , , , , , , , , ,1/25/2024,1/25/2024,1
1202401,2,.30455913668959,8019052,3,2,3,3,4,2,4,3,4, , , , , , , , , , , , , , , , , , , , , , , , , , , , , , , , , ,3,2,2, , , , , , , , , , , , , , , , , , , , , , , , , , , , , , , , , , , , , , , , , , , , , , , , , , , , , , , , , , , , , , , , , , , , , , , , , , , , , , , , , , , , , , , , , , , , , , , , , , , , , , , , , , , , , , , , , , , , , , , , , , ,2, ,4, ,4, ,4, ,2, ,1, , ,2,2,2,1,1,1,2,1,1,8,1,2,1,8,3,1,4,1,1,1,2,1,2, , ,1,2,99, , , ,2, ,1,3,3, ,1,1,2,2,2,2,2,2,1,1,2,2,1,1,1,2,1, , , , , ,3,1,1,1,1, , ,4, , , , , , , , , , ,2, , ,1,2, , , , , , , , , , , , , , , , , , , , , , , , , , , , , , , , , , , , , , , , , , , , , , , , , , , , , , , , , , , , , , , , , , , , , , , , , , , , , , , , , , , , , , , , , , , , , , , , , , , , , , , , , , , , , , , , ,2, ,76, , , , , , , , , , , , , , , , , , , , , , , , , , , , , , , , , , , , , , , ,11, , , , , , , , , , , , , , , , , , , , , , , , , , , , , , , , , ,5, , , , , , ,1, , , , , , , , , , , , , , , , , , , , , , , , , , , , , , , , , , , , , , , , , , , , , , , , , , , , , , , , , , , , , , , , , , , , ,1, , , , , ,2, , , , , , , , , , , , , , , , , , , , , , , , , , , , , , , , , , , , , , , , , , , , , , , , , , , , , , , , , , , , , , ,5, , , ,1, , , , , , , , ,9, , , , , , , , , , , , , , , , , , , , , , , , , , , , , , , , , , , , , ,2/11/2024,2/11/2024,1
1202401,2,1.4702508386043,8019406,3,1,3,2,3,1,1,2,4, , , , , , , , , , , , , , , , , , , , , , , , , , , , , , , , , ,2,4,1, , , , , , , , , , , , , , , , , , , , , , , , , , , , , , , , , , , , , , , , , , , , , , , , , , , , , , , , , , , , , , , , , , , , , , , , , , , , , , , , , , , , , , , , , , , , , , , , , , , , , , , , , , , , , , , , , , , , , , , , , , ,1, ,4, ,3, ,3, ,2, ,2, , ,1,2,2,1,2,2,2,2,2,2,1,1,1,8,2,1,2,1,1,1,1,2,3, , ,99,99,99, , , ,2, ,8,7,7, ,9,3,8,2,8,2,2,8,2,2,2,2,2,1,2,8,4, , , , , ,1,9,1,4, , , ,3, , , , , , , , , , ,2, , ,2,2, , , , , , , , , , , , , , , , , , , , , , , , , , , , , , , , , , , , , , , , , , , , , , , , , , , , , , , , , , , , , , , , , , , , , , , , , , , , , , , , , , , , , , , , , , , , , , , , , , , , , , , , , , , , , , , , ,2, ,84, , , , , , , , , , , , , , , , , , , , , , , , , , , , , , , , , , , , , , , ,6, , , , , , , , , , , , , , , , , , , , , , , , , , , , , , , , , ,4, , , , , , ,98,8, , , , , , , , , , , , , , , , , , , , , , , , , , , , , , , , , , , , , , , , , , , , , , , , , , , , , , , , , , , , , , , , , , , ,2,2, , , , ,1, , , , , , , , , , , , , , , , , , , , , , , , , , , , , , , , , , , , , , , , , , , , , , , , , , , , , , , , , , , , , , ,8, , ,2, , , , , , , , , ,8, , , , , , , , , , , , , , , , , , , , , , , , , , , , , , , , , , , , , ,2/11/2024,2/11/2024,1
1202401,2,.448758425724019,8019718,2,1,3,2,3,2,2,2,3, , , , , , , , , , , , , , , , , , , , , , , , , , , , , , , , , ,2,2,2, , , , , , , , , , , , , , , , , , , , , , , , , , , , , , , , , , , , , , , , , , , , , , , , , , , , , , , , , , , , , , , , , , , , , , , , , , , , , , , , , , , , , , , , , , , , , , , , , , , , , , , , , , , , , , , , , , , , , , , , , , ,2, ,2, ,4, ,2, ,2, ,4, , ,2,2,2,2,2,3,3,3,3,3,2,4,3,2,2,2,1,1,3,3,3,1,3, , ,1,2,99, , , ,2, ,2,5,6, ,1,2,2,1,2,2,2,2,2,2,2,2,1,1,1,2,1, , , , , ,2,2,2,2,2, , ,3, , , , , , , , , , ,2, , ,3,2, , , , , , , , , , , , , , , , , , , , , , , , , , , , , , , , , , , , , , , , , , , , , , , , , , , , , , , , , , , , , , , , , , , , , , , , , , , , , , , , , , , , , , , , , , , , , , , , , , , , , , , , , , , , , , , , ,1, ,84, , , , , , , , , , , , , , , , , , , , , , , , , , , , , , , , , , , , , , , ,11, , , , , , , , , , , , , , , , , , , , , , , , , , , , , , , , , ,4, , , , , , ,1, , , , , , , , , , , , , , , , , , , , , , , , , , , , , , , , , , , , , , , , , , , , , , , , , , , , , , , , , , , , , , , , , , , , ,2,2, , , , ,99, , , , , , , , , , , , , , , , , , , , , , , , , , , , ,1, , , , ,1, , , , , , , , , , , , , , , , , , , , , , , , , , , , ,4, , , ,2, , , , , , , , ,6, , , , , , , , , , , , , , , , , , , , , , , , , , , , , , , , , , , , , ,2/6/2024,2/6/2024,1
1202401,2,.548513818731,8019833,2,2,3,2,4,2,2,2,3, , , , , , , , , , , , , , , , , , , , , , , , , , , , , , , , , ,4,3,3, , , , , , , , , , , , , , , , , , , , , , , , , , , , , , , , , , , , , , , , , , , , , , , , , , , , , , , , , , , , , , , , , , , , , , , , , , , , , , , , , , , , , , , , , , , , , , , , , , , , , , , , , , , , , , , , , , , , , , , , , , ,2, ,4, ,4, ,4, ,3, ,1, , ,2,1,2,1,2,2,3,2,3,2,1,1,1,2,2,2,3,2,4,3,1,2,3, , ,7,99,1, , , ,2, ,4,7,7, ,2,3,2,2,2,2,2,2,2,2,2,2,2,2,2,1,4, , , , , ,4,4,4,4, , , ,3, , , , , , , , , , ,2, , ,1,2, , , , , , , , , , , , , , , , , , , , , , , , , , , , , , , , , , , , , , , , , , , , , , , , , , , , , , , , , , , , , , , , , , , , , , , , , , , , , , , , , , , , , , , , , , , , , , , , , , , , , , , , , , , , , , , , ,2, ,44, , , , , , , , , , , , , , , , , , , , , , , , , , , , , , , , , , , , , , , ,10, , , , , , , , , , , , , , , , , , , , , , , , , , , , , , , , , ,2, , , , , , ,10, , , , , , , , , , , , , , , , , , , , , , , , , , , , , , , , , , , , , , , , , , , , , , , , , , , , , , , , , , , , , , , , , , , , ,3,2, , , , ,4, , , , , , , , , , , , , , , , , , , , , , , , , , , , , , , , , , , , , , , , , , , , , , , , , , , , , , , , , , , , , , ,4, , , ,1, , , , , , , , ,3, , , , , , , , , , , , , , , , , , , , , , , , , , , , , , , , , , , , , ,1/27/2024,1/27/2024,1
1202401,2,.992526935408823,8019905,4,2,1,4,4,1,1,1,4, , , , , , , , , , , , , , , , , , , , , , , , , , , , , , , , , ,3,4,1, , , , , , , , , , , , , , , , , , , , , , , , , , , , , , , , , , , , , , , , , , , , , , , , , , , , , , , , , , , , , , , , , , , , , , , , , , , , , , , , , , , , , , , , , , , , , , , , , , , , , , , , , , , , , , , , , , , , , , , , , , ,1, ,4, ,4, ,4, ,8, ,1, , ,1,1,1,1,2,1,2,2,2,2,1,1,1,3,1,1,3,2,1,1,1,1,2, , ,7,99,3, , , ,1, ,3,7,1, ,1,1,1,2,1,1,1,1,2,1,2,1,1,2,2,1,4, , , , , ,4,4,1,3, , , ,3, , , , , , , , , , ,1, , ,1,2, , , , , , , , , , , , , , , , , , , , , , , , , , , , , , , , , , , , , , , , , , , , , , , , , , , , , , , , , , , , , , , , , , , , , , , , , , , , , , , , , , , , , , , , , , , , , , , , , , , , , , , , , , , , , , , , ,2, ,77, , , , , , , , , , , , , , , , , , , , , , , , , , , , , , , , , , , , , , , ,9, , , , , , , , , , , , , , , , , , , , , , , , , , , , , , , , , ,3, , , , , , ,99,9, , , , , , , , , , , , , , , , , , , , , , , , , , , , , , , , , , , , , , , , , , , , , , , , , , , , , , , , , , , , , , , , , , , ,1, , , , , ,3, , , , , , , , , , , , , , , , , , , , , , , , , , , , , , , , , , , , , , , , , , , , , , , , , , , , , , , , , , , , , , ,0, , , ,1, , , , , , , , ,8, , , , , , , , , , , , , , , , , , , , , , , , , , , , , , , , , , , , , ,1/28/2024,1/28/2024,1
1202401,2,.931373538195162,8019910,2,2,2,3,3,8,2,2,4, , , , , , , , , , , , , , , , , , , , , , , , , , , , , , , , , ,2,3,2, , , , , , , , , , , , , , , , , , , , , , , , , , , , , , , , , , , , , , , , , , , , , , , , , , , , , , , , , , , , , , , , , , , , , , , , , , , , , , , , , , , , , , , , , , , , , , , , , , , , , , , , , , , , , , , , , , , , , , , , , , ,2, ,4, ,3, ,4, ,8, ,2, , ,2,2,8,1,2,2,2,2,2,2,2,3,3,2,1,2,2,1,2,3,3,2,3, , ,1,2,99, , , ,2, ,1,3,2, ,1,1,2,2,2,2,2,2,2,2,2,2,1,1,1,2,4, , , , , ,3,2,1,2,2, , ,3, , , , , , , , , , ,1, , ,2,2, , , , , , , , , , , , , , , , , , , , , , , , , , , , , , , , , , , , , , , , , , , , , , , , , , , , , , , , , , , , , , , , , , , , , , , , , , , , , , , , , , , , , , , , , , , , , , , , , , , , , , , , , , , , , , , , ,2, ,69, , , , , , , , , , , , , , , , , , , , , , , , , , , , , , , , , , , , , , , ,11, , , , , , , , , , , , , , , , , , , , , , , , , , , , , , , , , ,2, , , , , , ,10, , , , , , , , , , , , , , , , , , , , , , , , , , , , , , , , , , , , , , , , , , , , , , , , , , , , , , , , , , , , , , , , , , , , ,2,2, , , , ,99, , , , , , , , , , , , , , , , , , , , , , , , , , , , ,1, , , , ,5, , , , , , , , , , , , , , , , , , , , , , , , , , , , ,3, , , ,2, , , , , , , , ,9, , , , , , , , , , , , , , , , , , , , , , , , , , , , , , , , , , , , , ,4/17/2024,4/17/2024,1
1202401,2,1.34989602443325,8019964,3,3,3,4,4,2,3,3,4, , , , , , , , , , , , , , , , , , , , , , , , , , , , , , , , , ,4,4,4, , , , , , , , , , , , , , , , , , , , , , , , , , , , , , , , , , , , , , , , , , , , , , , , , , , , , , , , , , , , , , , , , , , , , , , , , , , , , , , , , , , , , , , , , , , , , , , , , , , , , , , , , , , , , , , , , , , , , , , , , , ,1, ,4, ,2, ,4, ,2, ,1, , ,4,4,3,3,4,2,1,2,3,2,1,1,1,3,1,2,2,1,2,1,1,1,2, , ,1,1,99, , , ,2, ,1,2,2, ,1,1,1,2,2,2,1,2,2,1,2,2,1,1,1,1,4, , , , , ,4,4,4,4, , , ,2, , , , , , , , , , ,1, , ,1,2, , , , , , , , , , , , , , , , , , , , , , , , , , , , , , , , , , , , , , , , , , , , , , , , , , , , , , , , , , , , , , , , , , , , , , , , , , , , , , , , , , , , , , , , , , , , , , , , , , , , , , , , , , , , , , , , ,1, ,87, , , , , , , , , , , , , , , , , , , , , , , , , , , , , , , , , , , , , , , ,4, , , , , , , , , , , , , , , , , , , , , , , , , , , , , , , , , ,2, , , , , , ,4, , , , , , , , , , , , , , , , , , , , , , , , , , , , , , , , , , , , , , , , , , , , , , , , , , , , , , , , , , , , , , , , , , , , ,2,2, , , , ,2, , , , , , , , , , , , , , , , , , , , , , , , , , , , , , , , , , , , , , , , , , , , , , , , , , , , , , , , , , , , , , ,0, , , ,2, , , , , , , , ,3, , , , , , , , , , , , , , , , , , , , , , , , , , , , , , , , , , , , , ,2/13/2024,2/13/2024,1
1202401,2,1.5732140022067,8020068,1,1,2,2,2,2,2,2,3, , , , , , , , , , , , , , , , , , , , , , , , , , , , , , , , , ,1,2,2, , , , , , , , , , , , , , , , , , , , , , , , , , , , , , , , , , , , , , , , , , , , , , , , , , , , , , , , , , , , , , , , , , , , , , , , , , , , , , , , , , , , , , , , , , , , , , , , , , , , , , , , , , , , , , , , , , , , , , , , , , ,2, ,2, ,8, ,4, ,1, ,2, , ,4,3,3,2,3,2,2,3,2,3,8,2,2,2,2,2,4,4,3,2,2,4,3, , ,99,99,99, , , ,2, ,1,5,2, ,1,1,2,2,2,2,2,2,2,2,2,2,1,1,1,2,4, , , , , ,4,4,1,2,1, , ,8, , , , , , , , , , ,2, , ,8, , , , , , , , , , , , , , , , , , , , , , , , , , , , , , , , , , , , , , , , , , , , , , , , , , , , , , , , , , , , , , , , , , , , , , , , , , , , , , , , , , , , , , , , , , , , , , , , , , , , , , , , , , , , , , , , , ,2, ,38, , , , , , , , , , , , , , , , , , , , , , , , , , , , , , , , , , , , , , , ,6, , , , , , , , , , , , , , , , , , , , , , , , , , , , , , , , , ,5, , , , , , ,2, , , , , , , , , , , , , , , , , , , , , , , , , , , , , , , , , , , , , , , , , , , , , , , , , , , , , , , , , , , , , , , , , , , , ,5,5, , , , ,98, , , , , , , , , , , , , , , , , , , , , , , , , , , , ,1, , , , ,1, , , , , , , , , , , , , , , , , , , , , , , , , , , , ,8, , , ,1, , , , , , , , ,3, , , , , , , , , , , , , , , , , , , , , , , , , , , , , , , , , , , , , ,2/5/2024,2/5/2024,1
1202401,2,.38516586873049,8020160,3,2,2,2,3,2,2,2,3, , , , , , , , , , , , , , , , , , , , , , , , , , , , , , , , , ,3,3,2, , , , , , , , , , , , , , , , , , , , , , , , , , , , , , , , , , , , , , , , , , , , , , , , , , , , , , , , , , , , , , , , , , , , , , , , , , , , , , , , , , , , , , , , , , , , , , , , , , , , , , , , , , , , , , , , , , , , , , , , , , ,2, ,2, ,3, ,3, ,2, ,2, , ,2,2,2,2,2,2,3,3,3,2,1,1,1,1,2,2,2,1,2,1,2,1,2, , ,7,99,2, , , ,1, ,3,7,7, ,1,3,2,2,2,2,2,2,2,2,2,2,2,1,1,1,4, , , , , ,4,4,4,4, , , ,2, , , , , , , , , , ,2, , ,2,2, , , , , , , , , , , , , , , , , , , , , , , , , , , , , , , , , , , , , , , , , , , , , , , , , , , , , , , , , , , , , , , , , , , , , , , , , , , , , , , , , , , , , , , , , , , , , , , , , , , , , , , , , , , , , , , , ,1, ,30, , , , , , , , , , , , , , , , , , , , , , , , , , , , , , , , , , , , , , , ,10, , , , , , , , , , , , , , , , , , , , , , , , , , , , , , , , , ,2, , , , , , ,11, , , , , , , , , , , , , , , , , , , , , , , , , , , , , , , , , , , , , , , , , , , , , , , , , , , , , , , , , , , , , , , , , , , , ,3,3, , , , ,3, , , , , , , , , , , , , , , , , , , , , , , , , , , , , , , , , , , , , , , , , , , , , , , , , , , , , , , , , , , , , , ,4, , , ,1, , , , , , , , ,9, , , , , , , , , , , , , , , , , , , , , , , , , , , , , , , , , , , , , ,1/29/2024,1/29/2024,1
1202401,2,.347525226081071,8020564,3,2,2,3,4,8,2,2,4, , , , , , , , , , , , , , , , , , , , , , , , , , , , , , , , , ,2,4,2, , , , , , , , , , , , , , , , , , , , , , , , , , , , , , , , , , , , , , , , , , , , , , , , , , , , , , , , , , , , , , , , , , , , , , , , , , , , , , , , , , , , , , , , , , , , , , , , , , , , , , , , , , , , , , , , , , , , , , , , , , ,2, ,4, ,3, ,4, ,3, ,2, , ,2,3,8,3,2,1,1,1,1,2,1,2,2,2,1,2,2,2,1,2,1,2,3, , ,7,99,1, , , ,1, ,4,7,7, ,2,8,1,2,8,1,1,2,2,2,2,2,1,2,2,1,4, , , , , ,4,4,2,4, , , ,2, , , , , , , , , , ,2, , ,1,2, , , , , , , , , , , , , , , , , , , , , , , , , , , , , , , , , , , , , , , , , , , , , , , , , , , , , , , , , , , , , , , , , , , , , , , , , , , , , , , , , , , , , , , , , , , , , , , , , , , , , , , , , , , , , , , , ,2, ,63, , , , , , , , , , , , , , , , , , , , , , , , , , , , , , , , , , , , , , , ,10, , , , , , , , , , , , , , , , , , , , , , , , , , , , , , , , , ,2, , , , , , ,6, , , , , , , , , , , , , , , , , , , , , , , , , , , , , , , , , , , , , , , , , , , , , , , , , , , , , , , , , , , , , , , , , , , , ,1, , , , , ,1, , , , , , , , , , , , , , , , , , , , , , , , , , , , , , , , , , , , , , , , , , , , , , , , , , , , , , , , , , , , , , ,5, , ,2, , , , , , , , , ,3, , , , , , , , , , , , , , , , , , , , , , , , , , , , , , , , , , , , , ,2/8/2024,2/8/2024,1
1202401,2,.710631781595481,8020661,3,2,2,3,4,1,1,1,4, , , , , , , , , , , , , , , , , , , , , , , , , , , , , , , , , ,3,3,3, , , , , , , , , , , , , , , , , , , , , , , , , , , , , , , , , , , , , , , , , , , , , , , , , , , , , , , , , , , , , , , , , , , , , , , , , , , , , , , , , , , , , , , , , , , , , , , , , , , , , , , , , , , , , , , , , , , , , , , , , , ,1, ,4, ,4, ,4, ,1, ,1, , ,2,1,1,2,2,1,2,1,4,2,1,1,1,1,1,1,3,3,2,2,3,1,3, , ,7,99,1, , , ,1, ,4,7,7, ,2,4,2,2,1,2,2,2,2,2,2,2,2,2,2,1,4, , , , , ,4,4,2,4, , , ,3, , , , , , , , , , ,2, , ,3,2, , , , , , , , , , , , , , , , , , , , , , , , , , , , , , , , , , , , , , , , , , , , , , , , , , , , , , , , , , , , , , , , , , , , , , , , , , , , , , , , , , , , , , , , , , , , , , , , , , , , , , , , , , , , , , , , ,1, ,65, , , , , , , , , , , , , , , , , , , , , , , , , , , , , , , , , , , , , , , ,6, , , , , , , , , , , , , , , , , , , , , , , , , , , , , , , , , ,3, , , , , , ,5, , , , , , , , , , , , , , , , , , , , , , , , , , , , , , , , , , , , , , , , , , , , , , , , , , , , , , , , , , , , , , , , , , , , ,2,2, , , , ,97, , , , , , , , , , , , , , , , , , , , , , , , , , , , ,1, , , , ,1, , , , , , , , , , , , , , , , , , , , , , , , , , , , ,3, , , ,1, , , , , , , , ,9, , , , , , , , , , , , , , , , , , , , , , , , , , , , , , , , , , , , , ,2/6/2024,2/6/2024,1
1202401,2,.268039640432699,8020825,2,1,2,2,2,2,2,1,3, , , , , , , , , , , , , , , , , , , , , , , , , , , , , , , , , ,2,2,2, , , , , , , , , , , , , , , , , , , , , , , , , , , , , , , , , , , , , , , , , , , , , , , , , , , , , , , , , , , , , , , , , , , , , , , , , , , , , , , , , , , , , , , , , , , , , , , , , , , , , , , , , , , , , , , , , , , , , , , , , , ,2, ,4, ,8, ,3, ,2, ,2, , ,2,2,2,2,8,2,2,2,1,1,1,1,1,2,2,1,3,1,1,1,3,1,3, , ,1,1,99, , , ,2, ,2,6,3, ,1,3,2,2,1,2,2,2,2,1,2,2,1,1,1,2,3, , , , , ,4,2,4,4, , , ,4, , , , , , , , , , ,1, , ,8, , , , , , , , , , , , , , , , , , , , , , , , , , , , , , , , , , , , , , , , , , , , , , , , , , , , , , , , , , , , , , , , , , , , , , , , , , , , , , , , , , , , , , , , , , , , , , , , , , , , , , , , , , , , , , , , , ,1, ,79, , , , , , , , , , , , , , , , , , , , , , , , , , , , , , , , , , , , , , , ,10, , , , , , , , , , , , , , , , , , , , , , , , , , , , , , , , , ,8, , , , , , ,2, , , , , , , , , , , , , , , , , , , , , , , , , , , , , , , , , , , , , , , , , , , , , , , , , , , , , , , , , , , , , , , , , , , , ,2,2, , , , ,98, , , , , , , , , , , , , , , , , , , , , , , , , , , , ,2, , , , , , , , , , , , , , , , , , , , , , , , , , , , , , , , , ,8, , , ,1, , , , , , , , ,3, , , , , , , , , , , , , , , , , , , , , , , , , , , , , , , , , , , , , ,2/7/2024,2/7/2024,1
1202401,2,.675862784022459,8020829,3,2,4,3,3,2,3,3,3, , , , , , , , , , , , , , , , , , , , , , , , , , , , , , , , , ,3,9,9, , , , , , , , , , , , , , , , , , , , , , , , , , , , , , , , , , , , , , , , , , , , , , , , , , , , , , , , , , , , , , , , , , , , , , , , , , , , , , , , , , , , , , , , , , , , , , , , , , , , , , , , , , , , , , , , , , , , , , , , , , ,4, ,4, ,4, ,4, ,4, ,4, , ,3,3,3,4,3,2,4,3,2,1,3,9,9,2,2,2,4,9,9,4,9,9,2, , ,1,1,99, , , ,2, ,4,7,7, ,2,1,2,2,2,2,2,2,2,2,1,2,2,2,2,1,4, , , , , ,4,4,3,4, , , ,3, , , , , , , , , , ,3, , ,3,8, , , , , , , , , , , , , , , , , , , , , , , , , , , , , , , , , , , , , , , , , , , , , , , , , , , , , , , , , , , , , , , , , , , , , , , , , , , , , , , , , , , , , , , , , , , , , , , , , , , , , , , , , , , , , , , , ,2, ,67, , , , , , , , , , , , , , , , , , , , , , , , , , , , , , , , , , , , , , , ,5, , , , , , , , , , , , , , , , , , , , , , , , , , , , , , , , , ,3, , , , , , ,1, , , , , , , , , , , , , , , , , , , , , , , , , , , , , , , , , , , , , , , , , , , , , , , , , , , , , , , , , , , , , , , , , , , , ,1, , , , , ,97, , , , , , , , , , , , , , , , , , , , , , , , , , , , ,2, , , , , , , , , , , , , , , , , , , , , , , , , , , , , , , , , ,8, , ,2, , , , , , , , , ,3, , , , , , , , , , , , , , , , , , , , , , , , , , , , , , , , , , , , , ,3/11/2024,3/11/2024,1
1202401,2,.4808131288496,8021043,3,1,1,2,4,2,2,1,4, , , , , , , , , , , , , , , , , , , , , , , , , , , , , , , , , ,2,3,3, , , , , , , , , , , , , , , , , , , , , , , , , , , , , , , , , , , , , , , , , , , , , , , , , , , , , , , , , , , , , , , , , , , , , , , , , , , , , , , , , , , , , , , , , , , , , , , , , , , , , , , , , , , , , , , , , , , , , , , , , , ,2, ,4, ,4, ,4, ,2, ,1, , ,2,2,2,1,2,2,2,2,3,1,1,2,2,1,1,1,3,2,3,1,4,1,3, , ,7,99,1, , , ,1, ,4,7,7, ,2,4,2,2,2,2,2,2,2,2,2,2,2,2,2,1,4, , , , , ,4,4,1,4, , , ,3, , , , , , , , , , ,2, , ,2,2, , , , , , , , , , , , , , , , , , , , , , , , , , , , , , , , , , , , , , , , , , , , , , , , , , , , , , , , , , , , , , , , , , , , , , , , , , , , , , , , , , , , , , , , , , , , , , , , , , , , , , , , , , , , , , , , ,2, ,73, , , , , , , , , , , , , , , , , , , , , , , , , , , , , , , , , , , , , , , ,10, , , , , , , , , , , , , , , , , , , , , , , , , , , , , , , , , ,4, , , , , , ,7, , , , , , , , , , , , , , , , , , , , , , , , , , , , , , , , , , , , , , , , , , , , , , , , , , , , , , , , , , , , , , , , , , , , ,2,2, , , , ,2, , , , , , , , , , , , , , , , , , , , , , , , , , , , , , , , , , , , , , , , , , , , , , , , , , , , , , , , , , , , , , ,3, , , ,1, , , , , , , , ,1, , , , , , , , , , , , , , , , , , , , , , , , , , , , , , , , , , , , , ,1/31/2024,1/31/2024,1
1202401,2,.258625757265398,8021412,4,2,2,1,2,1,2,3,4, , , , , , , , , , , , , , , , , , , , , , , , , , , , , , , , , ,4,1,4, , , , , , , , , , , , , , , , , , , , , , , , , , , , , , , , , , , , , , , , , , , , , , , , , , , , , , , , , , , , , , , , , , , , , , , , , , , , , , , , , , , , , , , , , , , , , , , , , , , , , , , , , , , , , , , , , , , , , , , , , , ,3, ,2, ,2, ,4, ,1, ,1, , ,3,1,2,1,4,4,4,2,2,3,1,1,1,1,2,1,1,4,1,2,1,4,1, , ,99,99,99, , , ,2, ,1,6,2, ,1,1,2,2,1,2,1,1,2,2,1,2,1,1,1,2,4, , , , , ,4,3,1,3, , , ,2, , , , , , , , , , ,1, , ,1,1, , , , , , , , , , , , , , , , , , , , , , , , , , , , , , , , , , , , , , , , , , , , , , , , , , , , , , , , , , , , , , , , , , , , , , , , , , , , , , , , , , , , , , , , , , , , , , , , , , , , , , , , , , , , , , , , ,2, ,68, , , , , , , , , , , , , , , , , , , , , , , , , , , , , , , , , , , , , , , ,11, , , , , , , , , , , , , , , , , , , , , , , , , , , , , , , , , ,2, , , , , , ,8, , , , , , , , , , , , , , , , , , , , , , , , , , , , , , , , , , , , , , , , , , , , , , , , , , , , , , , , , , , , , , , , , , , , ,1, , , , , ,2, , , , , , , , , , , , , , , , , , , , , , , , , , , , , , , , , , , , , , , , , , , , , , , , , , , , , , , , , , , , , , ,4, , ,2, , , , , , , , , ,9, , , , , , , , , , , , , , , , , , , , , , , , , , , , , , , , , , , , , ,4/20/2024,4/20/2024,1
1202401,2,.732670190791762,8021498,1,1,2,2,8,2,2,2,4, , , , , , , , , , , , , , , , , , , , , , , , , , , , , , , , , ,8,1,3, , , , , , , , , , , , , , , , , , , , , , , , , , , , , , , , , , , , , , , , , , , , , , , , , , , , , , , , , , , , , , , , , , , , , , , , , , , , , , , , , , , , , , , , , , , , , , , , , , , , , , , , , , , , , , , , , , , , , , , , , , ,3, ,4, ,4, ,2, ,8, ,1, , ,4,3,4,4,4,2,4,4,4,3,3,2,4,2,3,4,3,2,1,8,2,3,3, , ,1,1,99, , , ,2, ,1,4,5, ,1,3,1,2,2,1,1,2,2,2,2,2,1,1,1,2,1, , , , , ,4,2,2,2,2, , ,2, , , , , , , , , , ,2, , ,3,8, , , , , , , , , , , , , , , , , , , , , , , , , , , , , , , , , , , , , , , , , , , , , , , , , , , , , , , , , , , , , , , , , , , , , , , , , , , , , , , , , , , , , , , , , , , , , , , , , , , , , , , , , , , , , , , , ,2, ,82, , , , , , , , , , , , , , , , , , , , , , , , , , , , , , , , , , , , , , , ,6, , , , , , , , , , , , , , , , , , , , , , , , , , , , , , , , , ,3, , , , , , ,1, , , , , , , , , , , , , , , , , , , , , , , , , , , , , , , , , , , , , , , , , , , , , , , , , , , , , , , , , , , , , , , , , , , , ,1, , , , , ,2, , , , , , , , , , , , , , , , , , , , , , , , , , , , , , , , , , , , , , , , , , , , , , , , , , , , , , , , , , , , , , ,4, , , ,1, , , , , , , , ,9, , , , , , , , , , , , , , , , , , , , , , , , , , , , , , , , , , , , , ,1/30/2024,1/30/2024,1
1202401,2,.258625757265398,8021663,3,2,1,4,4,2,2,2,4, , , , , , , , , , , , , , , , , , , , , , , , , , , , , , , , , ,4,3,4, , , , , , , , , , , , , , , , , , , , , , , , , , , , , , , , , , , , , , , , , , , , , , , , , , , , , , , , , , , , , , , , , , , , , , , , , , , , , , , , , , , , , , , , , , , , , , , , , , , , , , , , , , , , , , , , , , , , , , , , , , ,2, ,4, ,4, ,4, ,2, ,1, , ,2,3,2,2,4,4,4,2,4,3,2,2,1,1,1,1,3,4,3,1,3,4,3, , ,7,99,3, , , ,1, ,4,7,6, ,1,4,2,2,1,2,2,2,2,2,2,2,1,1,2,2,4, , , , , ,4,4,1,3, , , ,3, , , , , , , , , , ,2, , ,1,2, , , , , , , , , , , , , , , , , , , , , , , , , , , , , , , , , , , , , , , , , , , , , , , , , , , , , , , , , , , , , , , , , , , , , , , , , , , , , , , , , , , , , , , , , , , , , , , , , , , , , , , , , , , , , , , , ,2, ,76, , , , , , , , , , , , , , , , , , , , , , , , , , , , , , , , , , , , , , , ,11, , , , , , , , , , , , , , , , , , , , , , , , , , , , , , , , , ,2, , , , , , ,11, , , , , , , , , , , , , , , , , , , , , , , , , , , , , , , , , , , , , , , , , , , , , , , , , , , , , , , , , , , , , , , , , , , , ,1, , , , , ,2, , , , , , , , , , , , , , , , , , , , , , , , , , , , , , , , , , , , , , , , , , , , , , , , , , , , , , , , , , , , , , ,3, , , ,1, , , , , , , , ,9, , , , , , , , , , , , , , , , , , , , , , , , , , , , , , , , , , , , , ,1/29/2024,1/29/2024,1
1202401,2,.427937879124344,8021782,4,2,4,2,4,2,3,2,3, , , , , , , , , , , , , , , , , , , , , , , , , , , , , , , , , ,4,1,4, , , , , , , , , , , , , , , , , , , , , , , , , , , , , , , , , , , , , , , , , , , , , , , , , , , , , , , , , , , , , , , , , , , , , , , , , , , , , , , , , , , , , , , , , , , , , , , , , , , , , , , , , , , , , , , , , , , , , , , , , , ,4, ,2, ,4, ,3, ,3, ,2, , ,3,3,3,2,2,1,2,2,2,1,1,1,1,4,4,4,1,4,3,1,1,1,2, , ,1,1,99, , , ,2, ,2,5,6, ,1,2,2,2,1,2,2,8,2,2,2,2,1,1,1,2,3, , , , , ,2,2,1,2,1, , ,4, , , , , , , , , , ,2, , ,1,2, , , , , , , , , , , , , , , , , , , , , , , , , , , , , , , , , , , , , , , , , , , , , , , , , , , , , , , , , , , , , , , , , , , , , , , , , , , , , , , , , , , , , , , , , , , , , , , , , , , , , , , , , , , , , , , , ,1, ,77, , , , , , , , , , , , , , , , , , , , , , , , , , , , , , , , , , , , , , , ,6, , , , , , , , , , , , , , , , , , , , , , , , , , , , , , , , , ,4, , , , , , ,7, , , , , , , , , , , , , , , , , , , , , , , , , , , , , , , , , , , , , , , , , , , , , , , , , , , , , , , , , , , , , , , , , , , , ,1, , , , , ,2, , , , , , , , , , , , , , , , , , , , , , , , , , , , , , , , , , , , , , , , , , , , , , , , , , , , , , , , , , , , , , ,6, , , ,1, , , , , , , , ,10, , , , , , , , , , , , , , , , , , , , , , , , , , , , , , , , , , , , , ,1/31/2024,1/31/2024,1
1202401,2,1.00370274946427,8021960,2,8,2,4,3,2,2,2,4, , , , , , , , , , , , , , , , , , , , , , , , , , , , , , , , , ,2,4,2, , , , , , , , , , , , , , , , , , , , , , , , , , , , , , , , , , , , , , , , , , , , , , , , , , , , , , , , , , , , , , , , , , , , , , , , , , , , , , , , , , , , , , , , , , , , , , , , , , , , , , , , , , , , , , , , , , , , , , , , , , ,1, ,4, ,3, ,4, ,2, ,1, , ,1,1,2,2,2,1,1,2,1,1,1,1,1,2,2,2,1,1,1,2,1,2,3, , ,7,99,3, , , ,1, ,3,7,7, ,9,1,2,2,2,1,1,2,2,2,2,2,1,2,2,1,4, , , , , ,4,4,4,4, , , ,4, , , , , , , , , , ,2, , ,1,2, , , , , , , , , , , , , , , , , , , , , , , , , , , , , , , , , , , , , , , , , , , , , , , , , , , , , , , , , , , , , , , , , , , , , , , , , , , , , , , , , , , , , , , , , , , , , , , , , , , , , , , , , , , , , , , , ,2, ,87, , , , , , , , , , , , , , , , , , , , , , , , , , , , , , , , , , , , , , , ,6, , , , , , , , , , , , , , , , , , , , , , , , , , , , , , , , , ,3, , , , , , ,4, , , , , , , , , , , , , , , , , , , , , , , , , , , , , , , , , , , , , , , , , , , , , , , , , , , , , , , , , , , , , , , , , , , , ,2,2, , , , ,1, , , , , , , , , , , , , , , , , , , , , , , , , , , , , , , , , , , , , , , , , , , , , , , , , , , , , , , , , , , , , , ,0, , , ,1, , , , , , , , ,3, , , , , , , , , , , , , , , , , , , , , , , , , , , , , , , , , , , , , ,4/17/2024,4/17/2024,1
1202401,2,.276352197553937,8022205,4,2,3,3,3,2,2,2,4, , , , , , , , , , , , , , , , , , , , , , , , , , , , , , , , , ,3,3,2, , , , , , , , , , , , , , , , , , , , , , , , , , , , , , , , , , , , , , , , , , , , , , , , , , , , , , , , , , , , , , , , , , , , , , , , , , , , , , , , , , , , , , , , , , , , , , , , , , , , , , , , , , , , , , , , , , , , , , , , , , ,2, ,4, ,4, ,4, ,2, ,1, , ,2,3,1,1,2,1,2,2,3,1,1,2,2,1,1,1,3,1,1,3,2,1,3, , ,1,1,99, , , ,2, ,2,5,3, ,1,2,1,2,1,1,1,8,2,1,1,1,1,2,2,2,4, , , , , ,4,4,4,4, , , ,4, , , , , , , , , , ,1, , ,1,2, , , , , , , , , , , , , , , , , , , , , , , , , , , , , , , , , , , , , , , , , , , , , , , , , , , , , , , , , , , , , , , , , , , , , , , , , , , , , , , , , , , , , , , , , , , , , , , , , , , , , , , , , , , , , , , , ,2, ,61, , , , , , , , , , , , , , , , , , , , , , , , , , , , , , , , , , , , , , , ,10, , , , , , , , , , , , , , , , , , , , , , , , , , , , , , , , , ,3, , , , , , ,3, , , , , , , , , , , , , , , , , , , , , , , , , , , , , , , , , , , , , , , , , , , , , , , , , , , , , , , , , , , , , , , , , , , , ,1, , , , , ,1, , , , , , , , , , , , , , , , , , , , , , , , , , , , , , , , , , , , , , , , , , , , , , , , , , , , , , , , , , , , , , ,2, , ,2, , , , , , , , , ,3, , , , , , , , , , , , , , , , , , , , , , , , , , , , , , , , , , , , , ,2/5/2024,2/5/2024,1
1202401,2,1.03342936831839,8022330,3,2,2,2,2,2,2,2,2, , , , , , , , , , , , , , , , , , , , , , , , , , , , , , , , , ,2,4,2, , , , , , , , , , , , , , , , , , , , , , , , , , , , , , , , , , , , , , , , , , , , , , , , , , , , , , , , , , , , , , , , , , , , , , , , , , , , , , , , , , , , , , , , , , , , , , , , , , , , , , , , , , , , , , , , , , , , , , , , , , ,2, ,4, ,2, ,3, ,2, ,2, , ,2,2,2,2,2,2,1,1,1,2,1,1,2,1,3,1,2,2,2,2,3,2,3, , ,1,1,99, , , ,2, ,1,4,2, ,1,3,2,2,2,2,2,2,2,1,2,2,1,1,1,2,1, , , , , ,3,3,2,4, , , ,3, , , , , , , , , , ,1, , ,1,1, , , , , , , , , , , , , , , , , , , , , , , , , , , , , , , , , , , , , , , , , , , , , , , , , , , , , , , , , , , , , , , , , , , , , , , , , , , , , , , , , , , , , , , , , , , , , , , , , , , , , , , , , , , , , , , , ,2, ,99, , , , ,4, , , , , , , , , , , , , , , , , , , , , , , , , , , , , , , , , , ,6, , , , , , , , , , , , , , , , , , , , , , , , , , , , , , , , , ,2, , , , , , ,99,9, , , , , , , , , , , , , , , , , , , , , , , , , , , , , , , , , , , , , , , , , , , , , , , , , , , , , , , , , , , , , , , , , , , ,1, , , , , ,98, , , , , , , , , , , , , , , , , , , , , , , , , , , , ,8, , , , , , , , , , , , , , , , , , , , , , , , , , , , , , , , , ,8, , , ,2, , , , , , , , ,3, , , , , , , , , , , , , , , , , , , , , , , , , , , , , , , , , , , , , ,4/19/2024,4/19/2024,1
1202401,2,.258625757265398,8022434,3,2,2,3,3,2,2,2,3, , , , , , , , , , , , , , , , , , , , , , , , , , , , , , , , , ,2,3,2, , , , , , , , , , , , , , , , , , , , , , , , , , , , , , , , , , , , , , , , , , , , , , , , , , , , , , , , , , , , , , , , , , , , , , , , , , , , , , , , , , , , , , , , , , , , , , , , , , , , , , , , , , , , , , , , , , , , , , , , , , ,2, ,4, ,3, ,4, ,2, ,2, , ,2,2,2,2,2,1,2,2,2,2,2,2,2,2,1,2,2,1,2,3,2,1,2, , ,7,99,3, , , ,1, ,4,6,7, ,2,3,2,2,2,2,2,2,2,2,2,2,2,1,2,1,3, , , , , ,3,3,2,2,2, , ,2, , , , , , , , , , ,2, , ,2,2, , , , , , , , , , , , , , , , , , , , , , , , , , , , , , , , , , , , , , , , , , , , , , , , , , , , , , , , , , , , , , , , , , , , , , , , , , , , , , , , , , , , , , , , , , , , , , , , , , , , , , , , , , , , , , , , ,2, ,72, , , , , , , , , , , , , , , , , , , , , , , , , , , , , , , , , , , , , , , ,11, , , , , , , , , , , , , , , , , , , , , , , , , , , , , , , , , ,3, , , , , , ,99,1, , , , , , , , , , , , , , , , , , , , , , , , , , , , , , , , , , , , , , , , , , , , , , , , , , , , , , , , , , , , , , , , , , , ,1, , , , , ,3, , , , , , , , , , , , , , , , , , , , , , , , , , , , , , , , , , , , , , , , , , , , , , , , , , , , , , , , , , , , , , ,3, , , ,1, , , , , , , , ,5, , , , , , , , , , , , , , , , , , , , , , , , , , , , , , , , , , , , , ,1/28/2024,1/28/2024,1
1202401,2,.733529794484344,8022776,2,1,3,2,3,2,2,2,4, , , , , , , , , , , , , , , , , , , , , , , , , , , , , , , , , ,2,3,2, , , , , , , , , , , , , , , , , , , , , , , , , , , , , , , , , , , , , , , , , , , , , , , , , , , , , , , , , , , , , , , , , , , , , , , , , , , , , , , , , , , , , , , , , , , , , , , , , , , , , , , , , , , , , , , , , , , , , , , , , , ,2, ,4, ,4, ,4, ,2, ,2, , ,2,2,2,2,2,1,4,3,3,1,2,2,2,2,2,2,2,2,1,4,1,1,3, , ,1,2,99, , , ,2, ,3,7,7, ,1,3,2,2,2,2,2,2,2,2,2,2,2,1,8,2,3, , , , , ,2,2,2,3, , , ,3, , , , , , , , , , ,2, , ,3,2, , , , , , , , , , , , , , , , , , , , , , , , , , , , , , , , , , , , , , , , , , , , , , , , , , , , , , , , , , , , , , , , , , , , , , , , , , , , , , , , , , , , , , , , , , , , , , , , , , , , , , , , , , , , , , , , ,1, ,69, , , , , , , , , , , , , , , , , , , , , , , , , , , , , , , , , , , , , , , ,9, , , , , , , , , , , , , , , , , , , , , , , , , , , , , , , , , ,3, , , , , , ,1, , , , , , , , , , , , , , , , , , , , , , , , , , , , , , , , , , , , , , , , , , , , , , , , , , , , , , , , , , , , , , , , , , , , ,1, , , , , ,3, , , , , , , , , , , , , , , , , , , , , , , , , , , , , , , , , , , , , , , , , , , , , , , , , , , , , , , , , , , , , , ,8, , , ,2, , , , , , , , ,9, , , , , , , , , , , , , , , , , , , , , , , , , , , , , , , , , , , , , ,1/30/2024,1/30/2024,1
1202401,2,.849927624589795,8023091,2,2,2,3,4,3,3,3,4, , , , , , , , , , , , , , , , , , , , , , , , , , , , , , , , , ,2,3,2, , , , , , , , , , , , , , , , , , , , , , , , , , , , , , , , , , , , , , , , , , , , , , , , , , , , , , , , , , , , , , , , , , , , , , , , , , , , , , , , , , , , , , , , , , , , , , , , , , , , , , , , , , , , , , , , , , , , , , , , , , ,1, ,4, ,4, ,4, ,2, ,1, , ,2,3,2,1,2,3,3,2,2,3,1,2,1,1,2,1,1,2,2,3,2,2,8, , ,1,1,99, , , ,2, ,3,5,6, ,1,1,1,1,1,1,2,1,2,1,2,2,1,2,2,8,4, , , , , ,3,3,2,4, , , ,4, , , , , , , , , , ,2, , ,2,2, , , , , , , , , , , , , , , , , , , , , , , , , , , , , , , , , , , , , , , , , , , , , , , , , , , , , , , , , , , , , , , , , , , , , , , , , , , , , , , , , , , , , , , , , , , , , , , , , , , , , , , , , , , , , , , , ,2, ,98, , , , ,4, , , , , , , , , , , , , , , , , , , , , , , , , , , , , , , , , , ,6, , , , , , , , , , , , , , , , , , , , , , , , , , , , , , , , , ,3, , , , , , ,99,2, , , , , , , , , , , , , , , , , , , , , , , , , , , , , , , , , , , , , , , , , , , , , , , , , , , , , , , , , , , , , , , , , , , ,1, , , , , ,1, , , , , , , , , , , , , , , , , , , , , , , , , , , , , , , , , , , , , , , , , , , , , , , , , , , , , , , , , , , , , , ,3, , , ,1, , , , , , , , ,3, , , , , , , , , , , , , , , , , , , , , , , , , , , , , , , , , , , , , ,2/7/2024,2/7/2024,1
1202401,2,.276092543520044,8023265,2,1,1,3,4,2,2,2,4, , , , , , , , , , , , , , , , , , , , , , , , , , , , , , , , , ,2,4,1, , , , , , , , , , , , , , , , , , , , , , , , , , , , , , , , , , , , , , , , , , , , , , , , , , , , , , , , , , , , , , , , , , , , , , , , , , , , , , , , , , , , , , , , , , , , , , , , , , , , , , , , , , , , , , , , , , , , , , , , , , ,2, ,4, ,4, ,4, ,8, ,2, , ,2,2,2,1,2,1,1,2,2,2,2,2,2,1,2,1,3,3,3,2,1,2,3, , ,99,99,99, , , ,2, ,1,5,6, ,2,4,1,2,1,1,2,1,2,2,2,1,1,1,2,1,1, , , , , ,3,3,1,4, , , ,3, , , , , , , , , , ,2, , ,2,2, , , , , , , , , , , , , , , , , , , , , , , , , , , , , , , , , , , , , , , , , , , , , , , , , , , , , , , , , , , , , , , , , , , , , , , , , , , , , , , , , , , , , , , , , , , , , , , , , , , , , , , , , , , , , , , , ,2, ,69, , , , , , , , , , , , , , , , , , , , , , , , , , , , , , , , , , , , , , , ,11, , , , , , , , , , , , , , , , , , , , , , , , , , , , , , , , , ,3, , , , , , ,5, , , , , , , , , , , , , , , , , , , , , , , , , , , , , , , , , , , , , , , , , , , , , , , , , , , , , , , , , , , , , , , , , , , , ,1, , , , , ,3, , , , , , , , , , , , , , , , , , , , , , , , , , , , , , , , , , , , , , , , , , , , , , , , , , , , , , , , , , , , , , ,4, , , ,1, , , , , , , , ,8, , , , , , , , , , , , , , , , , , , , , , , , , , , , , , , , , , , , , ,2/6/2024,2/6/2024,1
1202401,2,.299580065797553,8023385,4,2,2,3,2,2,2,2,4, , , , , , , , , , , , , , , , , , , , , , , , , , , , , , , , , ,4,2,2, , , , , , , , , , , , , , , , , , , , , , , , , , , , , , , , , , , , , , , , , , , , , , , , , , , , , , , , , , , , , , , , , , , , , , , , , , , , , , , , , , , , , , , , , , , , , , , , , , , , , , , , , , , , , , , , , , , , , , , , , , ,2, ,4, ,3, ,4, ,2, ,1, , ,2,4,2,2,3,1,2,1,1,1,1,2,2,3,2,2,2,1,1,2,1,1,2, , ,1,1,99, , , ,2, ,2,6,2, ,1,2,2,2,1,2,1,1,1,2,1,2,1,1,2,1,4, , , , , ,4,4,4,3, , , ,3, , , , , , , , , , ,2, , ,2,2, , , , , , , , , , , , , , , , , , , , , , , , , , , , , , , , , , , , , , , , , , , , , , , , , , , , , , , , , , , , , , , , , , , , , , , , , , , , , , , , , , , , , , , , , , , , , , , , , , , , , , , , , , , , , , , , ,2, ,86, , , , , , , , , , , , , , , , , , , , , , , , , , , , , , , , , , , , , , , ,10, , , , , , , , , , , , , , , , , , , , , , , , , , , , , , , , , ,2, , , , , , ,9, , , , , , , , , , , , , , , , , , , , , , , , , , , , , , , , , , , , , , , , , , , , , , , , , , , , , , , , , , , , , , , , , , , , ,1, , , , , ,97, , , , , , , , , , , , , , , , , , , , , , , , , , , , ,1, , , , ,3, , , , , , , , , , , , , , , , , , , , , , , , , , , , ,4, , , ,1, , , , , , , , ,9, , , , , , , , , , , , , , , , , , , , , , , , , , , , , , , , , , , , , ,1/30/2024,1/30/2024,1
1202401,2,.468782638738366,8023422,3,2,3,3,4,3,2,2,4, , , , , , , , , , , , , , , , , , , , , , , , , , , , , , , , , ,2,4,3, , , , , , , , , , , , , , , , , , , , , , , , , , , , , , , , , , , , , , , , , , , , , , , , , , , , , , , , , , , , , , , , , , , , , , , , , , , , , , , , , , , , , , , , , , , , , , , , , , , , , , , , , , , , , , , , , , , , , , , , , , ,2, ,4, ,4, ,4, ,2, ,2, , ,2,2,2,2,2,3,2,1,1,2,1,2,1,2,2,3,2,2,3,1,1,2,3, , ,99,99,99, , , ,2, ,3,6,7, ,1,3,1,2,1,2,1,2,1,2,2,1,1,1,2,1,4, , , , , ,4,2,2,3, , , ,2, , , , , , , , , , ,2, , ,2,2, , , , , , , , , , , , , , , , , , , , , , , , , , , , , , , , , , , , , , , , , , , , , , , , , , , , , , , , , , , , , , , , , , , , , , , , , , , , , , , , , , , , , , , , , , , , , , , , , , , , , , , , , , , , , , , , ,2, ,74, , , , , , , , , , , , , , , , , , , , , , , , , , , , , , , , , , , , , , , ,10, , , , , , , , , , , , , , , , , , , , , , , , , , , , , , , , , ,3, , , , , , ,99,1, , , , , , , , , , , , , , , , , , , , , , , , , , , , , , , , , , , , , , , , , , , , , , , , , , , , , , , , , , , , , , , , , , , ,1, , , , , ,1, , , , , , , , , , , , , , , , , , , , , , , , , , , , , , , , , , , , , , , , , , , , , , , , , , , , , , , , , , , , , , ,3, , , ,1, , , , , , , , ,9, , , , , , , , , , , , , , , , , , , , , , , , , , , , , , , , , , , , , ,2/13/2024,2/13/2024,1
1202401,2,.973055893790804,8023536,4,2,4,9,3,9,3,2,4, , , , , , , , , , , , , , , , , , , , , , , , , , , , , , , , , ,4,2,4, , , , , , , , , , , , , , , , , , , , , , , , , , , , , , , , , , , , , , , , , , , , , , , , , , , , , , , , , , , , , , , , , , , , , , , , , , , , , , , , , , , , , , , , , , , , , , , , , , , , , , , , , , , , , , , , , , , , , , , , , , ,4, ,4, ,4, ,4, ,3, ,2, , ,4,4,4,4,4,1,2,2,2,1,1,1,1,4,4,4,1,1,2,2,2,1,2, , ,1,2,99, , , ,2, ,3,7,6, ,1,2,2,2,1,2,1,2,2,2,2,2,1,2,2,1,4, , , , , ,4,3,4,4, , , ,3, , , , , , , , , , ,2, , ,1,2, , , , , , , , , , , , , , , , , , , , , , , , , , , , , , , , , , , , , , , , , , , , , , , , , , , , , , , , , , , , , , , , , , , , , , , , , , , , , , , , , , , , , , , , , , , , , , , , , , , , , , , , , , , , , , , , ,2, ,67, , , , , , , , , , , , , , , , , , , , , , , , , , , , , , , , , , , , , , , ,6, , , , , , , , , , , , , , , , , , , , , , , , , , , , , , , , , ,4, , , , , , ,99,2, , , , , , , , , , , , , , , , , , , , , , , , , , , , , , , , , , , , , , , , , , , , , , , , , , , , , , , , , , , , , , , , , , , ,2,2, , , , ,2, , , , , , , , , , , , , , , , , , , , , , , , , , , , , , , , , , , , , , , , , , , , , , , , , , , , , , , , , , , , , , ,6, , , ,1, , , , , , , , ,10, , , , , , , , , , , , , , , , , , , , , , , , , , , , , , , , , , , , , ,1/30/2024,1/30/2024,1
1202401,2,.289107690632261,8023864,3,2,4,8,8,3,8,3,3, , , , , , , , , , , , , , , , , , , , , , , , , , , , , , , , , ,4,2,3, , , , , , , , , , , , , , , , , , , , , , , , , , , , , , , , , , , , , , , , , , , , , , , , , , , , , , , , , , , , , , , , , , , , , , , , , , , , , , , , , , , , , , , , , , , , , , , , , , , , , , , , , , , , , , , , , , , , , , , , , , ,4, ,3, ,3, ,4, ,3, ,3, , ,3,3,3,3,3,1,1,3,2,1,1,1,1,2,2,1,1,2,4,4,1,3,2, , ,7,99,2, , , ,2, ,4,7,7, ,2,3,1,2,1,2,2,2,2,2,2,2,1,2,8,1,4, , , , , ,4,4,4,4, , , ,3, , , , , , , , , , ,2, , ,3,8, , , , , , , , , , , , , , , , , , , , , , , , , , , , , , , , , , , , , , , , , , , , , , , , , , , , , , , , , , , , , , , , , , , , , , , , , , , , , , , , , , , , , , , , , , , , , , , , , , , , , , , , , , , , , , , , ,1, ,66, , , , , , , , , , , , , , , , , , , , , , , , , , , , , , , , , , , , , , , ,11, , , , , , , , , , , , , , , , , , , , , , , , , , , , , , , , , ,2, , , , , , ,99,9, , , , , , , , , , , , , , , , , , , , , , , , , , , , , , , , , , , , , , , , , , , , , , , , , , , , , , , , , , , , , , , , , , , ,4,4, , , , ,5, , , , , , , , , , , , , , , , , , , , , , , , , , , , , , , , , , , , , , , , , , , , , , , , , , , , , , , , , , , , , , ,3, , , ,1, , , , , , , , ,3, , , , , , , , , , , , , , , , , , , , , , , , , , , , , , , , , , , , , ,4/20/2024,4/20/2024,1
1202401,2,.258625757265398,8023961,4,1,3,4,4,8,4,3,8, , , , , , , , , , , , , , , , , , , , , , , , , , , , , , , , , ,2,4,4, , , , , , , , , , , , , , , , , , , , , , , , , , , , , , , , , , , , , , , , , , , , , , , , , , , , , , , , , , , , , , , , , , , , , , , , , , , , , , , , , , , , , , , , , , , , , , , , , , , , , , , , , , , , , , , , , , , , , , , , , , ,4, ,4, ,4, ,4, ,2, ,8, , ,2,2,4,4,4,1,1,4,1,1,1,1,1,1,4,1,3,3,3,3,3,3,3, , ,1,1,99, , , ,2, ,1,6,2, ,1,2,2,1,2,2,1,2,2,1,2,2,1,2,8,8,2, , , , , ,4,2,2,3, , , ,3, , , , , , , , , , ,2, , ,2,1, , , , , , , , , , , , , , , , , , , , , , , , , , , , , , , , , , , , , , , , , , , , , , , , , , , , , , , , , , , , , , , , , , , , , , , , , , , , , , , , , , , , , , , , , , , , , , , , , , , , , , , , , , , , , , , , ,2, ,81, , , , , , , , , , , , , , , , , , , , , , , , , , , , , , , , , , , , , , , ,11, , , , , , , , , , , , , , , , , , , , , , , , , , , , , , , , , ,3, , , , , , ,1, , , , , , , , , , , , , , , , , , , , , , , , , , , , , , , , , , , , , , , , , , , , , , , , , , , , , , , , , , , , , , , , , , , , ,1, , , , , ,1, , , , , , , , , , , , , , , , , , , , , , , , , , , , , , , , , , , , , , , , , , , , , , , , , , , , , , , , , , , , , , ,5, , , ,1, , , , , , , , ,3, , , , , , , , , , , , , , , , , , , , , , , , , , , , , , , , , , , , , ,2/1/2024,2/1/2024,1
1202401,2,.845797364400903,8024225,4,2,4,2,3,8,8,8,4, , , , , , , , , , , , , , , , , , , , , , , , , , , , , , , , , ,4,2,3, , , , , , , , , , , , , , , , , , , , , , , , , , , , , , , , , , , , , , , , , , , , , , , , , , , , , , , , , , , , , , , , , , , , , , , , , , , , , , , , , , , , , , , , , , , , , , , , , , , , , , , , , , , , , , , , , , , , , , , , , , ,2, ,4, ,4, ,4, ,8, ,2, , ,8,8,8,2,8,1,2,2,1,3,1,1,1,1,2,2,2,3,3,4,4,2,2, , ,1,2,99, , , ,2, ,1,7,3, ,1,1,2,2,1,2,1,1,2,1,1,2,1,1,1,2,4, , , , , ,3,3,8,3, , , ,3, , , , , , , , , , ,2, , ,2,8, , , , , , , , , , , , , , , , , , , , , , , , , , , , , , , , , , , , , , , , , , , , , , , , , , , , , , , , , , , , , , , , , , , , , , , , , , , , , , , , , , , , , , , , , , , , , , , , , , , , , , , , , , , , , , , , ,2, ,70, , , , , , , , , , , , , , , , , , , , , , , , , , , , , , , , , , , , , , , ,5, , , , , , , , , , , , , , , , , , , , , , , , , , , , , , , , , ,2, , , , , , ,5, , , , , , , , , , , , , , , , , , , , , , , , , , , , , , , , , , , , , , , , , , , , , , , , , , , , , , , , , , , , , , , , , , , , ,1, , , , , ,2, , , , , , , , , , , , , , , , , , , , , , , , , , , , , , , , , , , , , , , , , , , , , , , , , , , , , , , , , , , , , , ,8, , , ,1, , , , , , , , ,6, , , , , , , , , , , , , , , , , , , , , , , , , , , , , , , , , , , , , ,2/5/2024,2/5/2024,1
1202401,2,1.25924534779674,8024470,2,2,2,3,4,2,2,2,4, , , , , , , , , , , , , , , , , , , , , , , , , , , , , , , , , ,2,3,4, , , , , , , , , , , , , , , , , , , , , , , , , , , , , , , , , , , , , , , , , , , , , , , , , , , , , , , , , , , , , , , , , , , , , , , , , , , , , , , , , , , , , , , , , , , , , , , , , , , , , , , , , , , , , , , , , , , , , , , , , , ,2, ,4, ,3, ,4, ,3, ,2, , ,2,2,2,2,2,1,3,2,2,2,2,2,2,2,2,1,2,2,2,2,2,1,3, , ,1,2,99, , , ,2, ,3,7,3, ,1,1,1,1,1,1,1,1,2,1,1,2,1,1,1,1,4, , , , , ,3,2,3,3, , , ,2, , , , , , , , , , ,2, , ,1,2, , , , , , , , , , , , , , , , , , , , , , , , , , , , , , , , , , , , , , , , , , , , , , , , , , , , , , , , , , , , , , , , , , , , , , , , , , , , , , , , , , , , , , , , , , , , , , , , , , , , , , , , , , , , , , , , ,2, ,69, , , , , , , , , , , , , , , , , , , , , , , , , , , , , , , , , , , , , , , ,9, , , , , , , , , , , , , , , , , , , , , , , , , , , , , , , , , ,2, , , , , , ,5, , , , , , , , , , , , , , , , , , , , , , , , , , , , , , , , , , , , , , , , , , , , , , , , , , , , , , , , , , , , , , , , , , , , ,2,2, , , , ,1, , , , , , , , , , , , , , , , , , , , , , , , , , , , , , , , , , , , , , , , , , , , , , , , , , , , , , , , , , , , , , ,3, , , ,1, , , , , , , , ,6, , , , , , , , , , , , , , , , , , , , , , , , , , , , , , , , , , , , , ,2/1/2024,2/1/2024,1
1202401,2,.548513818731,8024594,3,1,2,3,3,3,2,2,3, , , , , , , , , , , , , , , , , , , , , , , , , , , , , , , , , ,2,3,1, , , , , , , , , , , , , , , , , , , , , , , , , , , , , , , , , , , , , , , , , , , , , , , , , , , , , , , , , , , , , , , , , , , , , , , , , , , , , , , , , , , , , , , , , , , , , , , , , , , , , , , , , , , , , , , , , , , , , , , , , , ,3, ,4, ,3, ,4, ,3, ,3, , ,2,4,2,2,4,1,1,1,1,1,1,1,1,2,2,2,3,1,2,2,3,2,3, , ,7,99,2, , , ,1, ,3,6,2, ,8,3,1,1,1,2,1,2,2,1,2,1,1,2,2,1,4, , , , , ,4,4,2,4, , , ,2, , , , , , , , , , ,2, , ,2,8, , , , , , , , , , , , , , , , , , , , , , , , , , , , , , , , , , , , , , , , , , , , , , , , , , , , , , , , , , , , , , , , , , , , , , , , , , , , , , , , , , , , , , , , , , , , , , , , , , , , , , , , , , , , , , , , ,2, ,43, , , , , , , , , , , , , , , , , , , , , , , , , , , , , , , , , , , , , , , ,10, , , , , , , , , , , , , , , , , , , , , , , , , , , , , , , , , ,2, , , , , , ,8, , , , , , , , , , , , , , , , , , , , , , , , , , , , , , , , , , , , , , , , , , , , , , , , , , , , , , , , , , , , , , , , , , , , ,4,2, , , , ,4, , , , , , , , , , , , , , , , , , , , , , , , , , , , , , , , , , , , , , , , , , , , , , , , , , , , , , , , , , , , , , ,3, , ,2, , , , , , , , , ,3, , , , , , , , , , , , , , , , , , , , , , , , , , , , , , , , , , , , , ,2/7/2024,2/7/2024,1
1202401,2,.903216538214636,8024633,4,2,4,1,4,3,4,3,2, , , , , , , , , , , , , , , , , , , , , , , , , , , , , , , , , ,4,2,4, , , , , , , , , , , , , , , , , , , , , , , , , , , , , , , , , , , , , , , , , , , , , , , , , , , , , , , , , , , , , , , , , , , , , , , , , , , , , , , , , , , , , , , , , , , , , , , , , , , , , , , , , , , , , , , , , , , , , , , , , , ,4, ,1, ,4, ,2, ,4, ,4, , ,4,4,4,4,4,3,4,3,3,1,1,1,1,2,1,2,1,3,3,3,1,1,2, , ,1,2,99, , , ,2, ,1,5,2, ,1,1,1,2,1,1,1,1,2,2,2,2,1,1,1,1,2, , , , , ,2,2,1,2,2, , ,3, , , , , , , , , , ,2, , ,2,2, , , , , , , , , , , , , , , , , , , , , , , , , , , , , , , , , , , , , , , , , , , , , , , , , , , , , , , , , , , , , , , , , , , , , , , , , , , , , , , , , , , , , , , , , , , , , , , , , , , , , , , , , , , , , , , , ,1, ,43, , , , , , , , , , , , , , , , , , , , , , , , , , , , , , , , , , , , , , , ,9, , , , , , , , , , , , , , , , , , , , , , , , , , , , , , , , , ,4, , , , , , ,7, , , , , , , , , , , , , , , , , , , , , , , , , , , , , , , , , , , , , , , , , , , , , , , , , , , , , , , , , , , , , , , , , , , , ,3,3, , , , ,2, , , , , , , , , , , , , , , , , , , , , , , , , , , , , , , , , , , , , , , , , , , , , , , , , , , , , , , , , , , , , , ,4, , , ,1, , , , , , , , ,9, , , , , , , , , , , , , , , , , , , , , , , , , , , , , , , , , , , , , ,2/5/2024,2/5/2024,1
1202401,2,.655533117574957,8024828,2,1,3,3,2,3,3,3,2, , , , , , , , , , , , , , , , , , , , , , , , , , , , , , , , , ,3,3,3, , , , , , , , , , , , , , , , , , , , , , , , , , , , , , , , , , , , , , , , , , , , , , , , , , , , , , , , , , , , , , , , , , , , , , , , , , , , , , , , , , , , , , , , , , , , , , , , , , , , , , , , , , , , , , , , , , , , , , , , , , ,4, ,2, ,2, ,2, ,4, ,4, , ,4,4,4,4,4,1,2,2,2,1,1,2,1,3,3,2,1,1,1,3,1,1,2, , ,7,99,3, , , ,1, ,4,6,7, ,1,1,1,1,1,1,1,1,2,2,2,1,1,2,2,1,4, , , , , ,4,4,4,4, , , ,2, , , , , , , , , , ,2, , ,2,1, , , , , , , , , , , , , , , , , , , , , , , , , , , , , , , , , , , , , , , , , , , , , , , , , , , , , , , , , , , , , , , , , , , , , , , , , , , , , , , , , , , , , , , , , , , , , , , , , , , , , , , , , , , , , , , , ,1, ,66, , , , , , , , , , , , , , , , , , , , , , , , , , , , , , , , , , , , , , , ,6, , , , , , , , , , , , , , , , , , , , , , , , , , , , , , , , , ,2, , , , , , ,8, , , , , , , , , , , , , , , , , , , , , , , , , , , , , , , , , , , , , , , , , , , , , , , , , , , , , , , , , , , , , , , , , , , , ,2,2, , , , ,5, , , , , , , , , , , , , , , , , , , , , , , , , , , , , , , , , , , , , , , , , , , , , , , , , , , , , , , , , , , , , , ,3, , , ,1, , , , , , , , ,3, , , , , , , , , , , , , , , , , , , , , , , , , , , , , , , , , , , , , ,2/14/2024,2/14/2024,1
1202401,2,.768000409549667,8025034,4,2,4,2,3,2,3,3,2, , , , , , , , , , , , , , , , , , , , , , , , , , , , , , , , , ,4,1,4, , , , , , , , , , , , , , , , , , , , , , , , , , , , , , , , , , , , , , , , , , , , , , , , , , , , , , , , , , , , , , , , , , , , , , , , , , , , , , , , , , , , , , , , , , , , , , , , , , , , , , , , , , , , , , , , , , , , , , , , , , ,4, ,4, ,4, ,4, ,2, ,2, , ,4,3,4,4,3,3,4,4,4,1,1,4,4,4,1,1,1,4,4,4,3,3,1, , ,99,99,99, , , ,2, ,1,3,2, ,8,4,2,2,2,1,2,2,2,1,2,2,2,2,2,1,1, , , , , ,1,4,1,1,1, , ,1, , , , , , , , , , ,1, , ,4, , , , , , , , , , , , , , , , , , , , , , , , , , , , , , , , , , , , , , , , , , , , , , , , , , , , , , , , , , , , , , , , , , , , , , , , , , , , , , , , , , , , , , , , , , , , , , , , , , , , , , , , , , , , , , , , , ,1, ,65, , , , , , , , , , , , , , , , , , , , , , , , , , , , , , , , , , , , , , , ,6, , , , , , , , , , , , , , , , , , , , , , , , , , , , , , , , , ,4, , , , , , ,9, , , , , , , , , , , , , , , , , , , , , , , , , , , , , , , , , , , , , , , , , , , , , , , , , , , , , , , , , , , , , , , , , , , , ,2,2, , , , ,2, , , , , , , , , , , , , , , , , , , , , , , , , , , , , , , , , , , , , , , , , , , , , , , , , , , , , , , , , , , , , , ,6, , , ,1, , , , , , , , ,1, , , , , , , , , , , , , , , , , , , , , , , , , , , , , , , , , , , , , ,1/30/2024,1/30/2024,1
1202401,2,.258625757265398,8025123,4,2,3,3,4,3,3,8,4, , , , , , , , , , , , , , , , , , , , , , , , , , , , , , , , , ,3,3,3, , , , , , , , , , , , , , , , , , , , , , , , , , , , , , , , , , , , , , , , , , , , , , , , , , , , , , , , , , , , , , , , , , , , , , , , , , , , , , , , , , , , , , , , , , , , , , , , , , , , , , , , , , , , , , , , , , , , , , , , , , ,4, ,4, ,4, ,4, ,4, ,4, , ,3,4,4,4,4,2,2,2,2,3,2,2,2,2,2,2,2,2,2,2,1,1,2, , ,7,99,3, , , ,2, ,4,7,7, ,2,2,2,2,1,2,2,1,2,2,2,2,1,2,2,1,4, , , , , ,4,1,4,4, , , ,2, , , , , , , , , , ,2, , ,1,2, , , , , , , , , , , , , , , , , , , , , , , , , , , , , , , , , , , , , , , , , , , , , , , , , , , , , , , , , , , , , , , , , , , , , , , , , , , , , , , , , , , , , , , , , , , , , , , , , , , , , , , , , , , , , , , , ,1, ,47, , , , , , , , , , , , , , , , , , , , , , , , , , , , , , , , , , , , , , , ,11, , , , , , , , , , , , , , , , , , , , , , , , , , , , , , , , , ,2, , , , , , ,11, , , , , , , , , , , , , , , , , , , , , , , , , , , , , , , , , , , , , , , , , , , , , , , , , , , , , , , , , , , , , , , , , , , , ,3,2, , , , ,5, , , , , , , , , , , , , , , , , , , , , , , , , , , , , , , , , , , , , , , , , , , , , , , , , , , , , , , , , , , , , , ,3, , , ,1, , , , , , , , ,9, , , , , , , , , , , , , , , , , , , , , , , , , , , , , , , , , , , , , ,2/6/2024,2/6/2024,1
1202401,2,.452291278786622,8025313,2,1,2,2,3,1,1,1,4, , , , , , , , , , , , , , , , , , , , , , , , , , , , , , , , , ,2,4,1, , , , , , , , , , , , , , , , , , , , , , , , , , , , , , , , , , , , , , , , , , , , , , , , , , , , , , , , , , , , , , , , , , , , , , , , , , , , , , , , , , , , , , , , , , , , , , , , , , , , , , , , , , , , , , , , , , , , , , , , , , ,2, ,4, ,3, ,4, ,2, ,2, , ,2,2,8,2,3,2,3,3,3,1,4,1,4,1,1,1,1,1,1,3,1,1,3, , ,7,99,3, , , ,1, ,3,6,7, ,1,2,1,8,1,2,1,1,2,2,2,2,1,1,2,2,4, , , , , ,4,4,8,4, , , ,3, , , , , , , , , , ,3, , ,1,8, , , , , , , , , , , , , , , , , , , , , , , , , , , , , , , , , , , , , , , , , , , , , , , , , , , , , , , , , , , , , , , , , , , , , , , , , , , , , , , , , , , , , , , , , , , , , , , , , , , , , , , , , , , , , , , , ,2, ,73, , , , , , , , , , , , , , , , , , , , , , , , , , , , , , , , , , , , , , , ,11, , , , , , , , , , , , , , , , , , , , , , , , , , , , , , , , , ,2, , , , , , ,11, , , , , , , , , , , , , , , , , , , , , , , , , , , , , , , , , , , , , , , , , , , , , , , , , , , , , , , , , , , , , , , , , , , , ,2,2, , , , ,1, , , , , , , , , , , , , , , , , , , , , , , , , , , , , , , , , , , , , , , , , , , , , , , , , , , , , , , , , , , , , , ,3, , , ,1, , , , , , , , ,9, , , , , , , , , , , , , , , , , , , , , , , , , , , , , , , , , , , , , ,4/18/2024,4/18/2024,1
1202401,2,.258625757265398,8025418,2,2,1,2,4,1,4,1,4, , , , , , , , , , , , , , , , , , , , , , , , , , , , , , , , , ,1,4,2, , , , , , , , , , , , , , , , , , , , , , , , , , , , , , , , , , , , , , , , , , , , , , , , , , , , , , , , , , , , , , , , , , , , , , , , , , , , , , , , , , , , , , , , , , , , , , , , , , , , , , , , , , , , , , , , , , , , , , , , , , ,1, ,4, ,4, ,4, ,2, ,2, , ,1,1,1,2,1,3,3,3,4,2,1,1,4,1,1,1,2,2,4,4,1,3,3, , ,7,99,1, , , ,2, ,4,7,7, ,2,2,1,2,1,2,2,2,2,2,2,2,1,2,2,2,4, , , , , ,4,1,1,4, , , ,4, , , , , , , , , , ,1, , ,1,2, , , , , , , , , , , , , , , , , , , , , , , , , , , , , , , , , , , , , , , , , , , , , , , , , , , , , , , , , , , , , , , , , , , , , , , , , , , , , , , , , , , , , , , , , , , , , , , , , , , , , , , , , , , , , , , , ,1, ,65, , , , , , , , , , , , , , , , , , , , , , , , , , , , , , , , , , , , , , , ,10, , , , , , , , , , , , , , , , , , , , , , , , , , , , , , , , , ,2, , , , , , ,5, , , , , , , , , , , , , , , , , , , , , , , , , , , , , , , , , , , , , , , , , , , , , , , , , , , , , , , , , , , , , , , , , , , , ,1, , , , , ,1, , , , , , , , , , , , , , , , , , , , , , , , , , , , , , , , , , , , , , , , , , , , , , , , , , , , , , , , , , , , , , ,3, , , ,1, , , , , , , , ,9, , , , , , , , , , , , , , , , , , , , , , , , , , , , , , , , , , , , , ,1/30/2024,1/30/2024,1
1202401,2,1.17590416408907,8025443,8,1,3,3,4,8,4,8,4, , , , , , , , , , , , , , , , , , , , , , , , , , , , , , , , , ,4,1,4, , , , , , , , , , , , , , , , , , , , , , , , , , , , , , , , , , , , , , , , , , , , , , , , , , , , , , , , , , , , , , , , , , , , , , , , , , , , , , , , , , , , , , , , , , , , , , , , , , , , , , , , , , , , , , , , , , , , , , , , , , ,4, ,1, ,4, ,3, ,8, ,2, , ,3,4,4,4,4,8,8,2,2,1,1,1,1,2,2,2,2,8,2,1,2,1,2, , ,1,2,99, , , ,2, ,1,3,1, ,1,1,2,2,2,2,2,2,1,1,2,2,1,1,1,2,2, , , , , ,1,1,1,1,1, , ,2, , , , , , , , , , ,2, , ,1,8, , , , , , , , , , , , , , , , , , , , , , , , , , , , , , , , , , , , , , , , , , , , , , , , , , , , , , , , , , , , , , , , , , , , , , , , , , , , , , , , , , , , , , , , , , , , , , , , , , , , , , , , , , , , , , , , ,2, ,58, , , , , , , , , , , , , , , , , , , , , , , , , , , , , , , , , , , , , , , ,6, , , , , , , , , , , , , , , , , , , , , , , , , , , , , , , , , ,2, , , , , , ,98,8, , , , , , , , , , , , , , , , , , , , , , , , , , , , , , , , , , , , , , , , , , , , , , , , , , , , , , , , , , , , , , , , , , , ,2,2, , , , ,2, , , , , , , , , , , , , , , , , , , , , , , , , , , , , , , , , , , , , , , , , , , , , , , , , , , , , , , , , , , , , , ,5, , ,2, , , , , , , , , ,1, , , , , , , , , , , , , , , , , , , , , , , , , , , , , , , , , , , , , ,2/15/2024,2/15/2024,1
1202401,2,.710631781595481,8025635,2,1,4,2,3,2,2,2,3, , , , , , , , , , , , , , , , , , , , , , , , , , , , , , , , , ,9,9,9, , , , , , , , , , , , , , , , , , , , , , , , , , , , , , , , , , , , , , , , , , , , , , , , , , , , , , , , , , , , , , , , , , , , , , , , , , , , , , , , , , , , , , , , , , , , , , , , , , , , , , , , , , , , , , , , , , , , , , , , , , ,4, ,1, ,3, ,3, ,3, ,3, , ,3,3,4,9,9,2,4,2,3,1,1,1,1,3,2,2,3,3,3,3,1,3,3, , ,7,99,1, , , ,1, ,4,7,7, ,2,4,1,2,2,2,2,2,2,2,2,2,2,2,2,1,4, , , , , ,4,2,4,4, , , ,3, , , , , , , , , , ,2, , ,1,2, , , , , , , , , , , , , , , , , , , , , , , , , , , , , , , , , , , , , , , , , , , , , , , , , , , , , , , , , , , , , , , , , , , , , , , , , , , , , , , , , , , , , , , , , , , , , , , , , , , , , , , , , , , , , , , , ,1, ,65, , , , , , , , , , , , , , , , , , , , , , , , , , , , , , , , , , , , , , , ,6, , , , , , , , , , , , , , , , , , , , , , , , , , , , , , , , , ,2, , , , , , ,5, , , , , , , , , , , , , , , , , , , , , , , , , , , , , , , , , , , , , , , , , , , , , , , , , , , , , , , , , , , , , , , , , , , , ,2,2, , , , ,99, , , , , , , , , , , , , , , , , , , , , , , , , , , , ,1, , , , ,99, , , , , , , , , , , , , , , , , , , , , , , , , , , , ,9, , , ,1, , , , , , , , ,9, , , , , , , , , , , , , , , , , , , , , , , , , , , , , , , , , , , , , ,1/31/2024,1/31/2024,1
1202401,2,.845797364400903,8025720,3,2,4,2,3,2,2,2,3, , , , , , , , , , , , , , , , , , , , , , , , , , , , , , , , , ,4,2,2, , , , , , , , , , , , , , , , , , , , , , , , , , , , , , , , , , , , , , , , , , , , , , , , , , , , , , , , , , , , , , , , , , , , , , , , , , , , , , , , , , , , , , , , , , , , , , , , , , , , , , , , , , , , , , , , , , , , , , , , , , ,2, ,3, ,4, ,3, ,2, ,2, , ,2,2,2,2,2,1,3,3,2,2,2,2,2,2,4,2,1,1,3,1,1,1,3, , ,1,2,99, , , ,2, ,2,6,6, ,1,2,1,1,1,2,1,1,2,1,1,2,1,1,1,2,4, , , , , ,3,2,2,4, , , ,1, , , , , , , , , , ,2, , ,2,2, , , , , , , , , , , , , , , , , , , , , , , , , , , , , , , , , , , , , , , , , , , , , , , , , , , , , , , , , , , , , , , , , , , , , , , , , , , , , , , , , , , , , , , , , , , , , , , , , , , , , , , , , , , , , , , , ,2, ,61, , , , , , , , , , , , , , , , , , , , , , , , , , , , , , , , , , , , , , , ,6, , , , , , , , , , , , , , , , , , , , , , , , , , , , , , , , , ,5, , , , , , ,2, , , , , , , , , , , , , , , , , , , , , , , , , , , , , , , , , , , , , , , , , , , , , , , , , , , , , , , , , , , , , , , , , , , , ,1, , , , , ,97, , , , , , , , , , , , , , , , , , , , , , , , , , , , ,2, , , , , , , , , , , , , , , , , , , , , , , , , , , , , , , , , ,3, , , ,1, , , , , , , , ,6, , , , , , , , , , , , , , , , , , , , , , , , , , , , , , , , , , , , , ,2/1/2024,2/1/2024,1
1202401,2,1.06276831142024,8025873,4,2,4,4,4,4,4,4,4, , , , , , , , , , , , , , , , , , , , , , , , , , , , , , , , , ,3,4,3, , , , , , , , , , , , , , , , , , , , , , , , , , , , , , , , , , , , , , , , , , , , , , , , , , , , , , , , , , , , , , , , , , , , , , , , , , , , , , , , , , , , , , , , , , , , , , , , , , , , , , , , , , , , , , , , , , , , , , , , , , ,3, ,4, ,4, ,4, ,3, ,2, , ,3,4,3,4,4,1,1,2,3,1,4,1,4,4,2,2,4,1,2,4,2,1,2, , ,1,1,99, , , ,2, ,4,6,6, ,9,4,1,1,2,1,1,1,2,2,2,1,1,2,2,1,4, , , , , ,4,4,4,4, , , ,2, , , , , , , , , , ,3, , ,2,2, , , , , , , , , , , , , , , , , , , , , , , , , , , , , , , , , , , , , , , , , , , , , , , , , , , , , , , , , , , , , , , , , , , , , , , , , , , , , , , , , , , , , , , , , , , , , , , , , , , , , , , , , , , , , , , , ,2, ,61, , , , , , , , , , , , , , , , , , , , , , , , , , , , , , , , , , , , , , , ,10, , , , , , , , , , , , , , , , , , , , , , , , , , , , , , , , , ,3, , , , , , ,5, , , , , , , , , , , , , , , , , , , , , , , , , , , , , , , , , , , , , , , , , , , , , , , , , , , , , , , , , , , , , , , , , , , , ,2,2, , , , ,97, , , , , , , , , , , , , , , , , , , , , , , , , , , , ,2, , , , , , , , , , , , , , , , , , , , , , , , , , , , , , , , , ,3, , , ,2, , , , , , , , ,3, , , , , , , , , , , , , , , , , , , , , , , , , , , , , , , , , , , , , ,2/8/2024,2/8/2024,1
1202401,2,.290568824232012,8025888,2,2,3,3,3,8,3,2,3, , , , , , , , , , , , , , , , , , , , , , , , , , , , , , , , , ,4,3,3, , , , , , , , , , , , , , , , , , , , , , , , , , , , , , , , , , , , , , , , , , , , , , , , , , , , , , , , , , , , , , , , , , , , , , , , , , , , , , , , , , , , , , , , , , , , , , , , , , , , , , , , , , , , , , , , , , , , , , , , , , ,2, ,3, ,3, ,4, ,8, ,2, , ,2,2,3,2,3,2,2,2,2,1,1,1,1,1,1,1,2,2,3,3,3,2,3, , ,7,99,3, , , ,1, ,3,7,7, ,2,2,1,2,1,2,2,1,2,2,2,2,1,2,1,1,4, , , , , ,4,3,4,4, , , ,3, , , , , , , , , , ,2, , ,2,1, , , , , , , , , , , , , , , , , , , , , , , , , , , , , , , , , , , , , , , , , , , , , , , , , , , , , , , , , , , , , , , , , , , , , , , , , , , , , , , , , , , , , , , , , , , , , , , , , , , , , , , , , , , , , , , , ,1, ,72, , , , , , , , , , , , , , , , , , , , , , , , , , , , , , , , , , , , , , , ,10, , , , , , , , , , , , , , , , , , , , , , , , , , , , , , , , , ,2, , , , , , ,7, , , , , , , , , , , , , , , , , , , , , , , , , , , , , , , , , , , , , , , , , , , , , , , , , , , , , , , , , , , , , , , , , , , , ,2,2, , , , ,97, , , , , , , , , , , , , , , , , , , , , , , , , , , , ,2, , , , , , , , , , , , , , , , , , , , , , , , , , , , , , , , , ,2, , ,2, , , , , , , , , ,9, , , , , , , , , , , , , , , , , , , , , , , , , , , , , , , , , , , , , ,2/2/2024,2/2/2024,1
1202401,2,1.46335706174596,8025917,1,1,3,1,3,3,2,8,4, , , , , , , , , , , , , , , , , , , , , , , , , , , , , , , , , ,3,3,3, , , , , , , , , , , , , , , , , , , , , , , , , , , , , , , , , , , , , , , , , , , , , , , , , , , , , , , , , , , , , , , , , , , , , , , , , , , , , , , , , , , , , , , , , , , , , , , , , , , , , , , , , , , , , , , , , , , , , , , , , , ,1, ,4, ,4, ,4, ,2, ,2, , ,2,2,2,2,2,3,3,2,3,3,3,4,4,1,1,1,4,8,4,2,2,3,3, , ,7,99,1, , , ,1, ,4,7,7, ,2,4,2,2,2,2,2,2,2,2,2,2,2,1,1,1,4, , , , , ,3,3,3,4, , , ,4, , , , , , , , , , ,2, , ,3,9, , , , , , , , , , , , , , , , , , , , , , , , , , , , , , , , , , , , , , , , , , , , , , , , , , , , , , , , , , , , , , , , , , , , , , , , , , , , , , , , , , , , , , , , , , , , , , , , , , , , , , , , , , , , , , , , ,1, ,84, , , , , , , , , , , , , , , , , , , , , , , , , , , , , , , , , , , , , , , ,6, , , , , , , , , , , , , , , , , , , , , , , , , , , , , , , , , ,3, , , , , , ,98,8, , , , , , , , , , , , , , , , , , , , , , , , , , , , , , , , , , , , , , , , , , , , , , , , , , , , , , , , , , , , , , , , , , , ,2,2, , , , ,97, , , , , , , , , , , , , , , , , , , , , , , , , , , , ,1, , , , ,1, , , , , , , , , , , , , , , , , , , , , , , , , , , , ,9, , , ,2, , , , , , , , ,9, , , , , , , , , , , , , , , , , , , , , , , , , , , , , , , , , , , , , ,1/25/2024,1/25/2024,1
1202401,2,.370784047249791,8026105,3,2,3,2,2,2,2,2,4, , , , , , , , , , , , , , , , , , , , , , , , , , , , , , , , , ,3,2,2, , , , , , , , , , , , , , , , , , , , , , , , , , , , , , , , , , , , , , , , , , , , , , , , , , , , , , , , , , , , , , , , , , , , , , , , , , , , , , , , , , , , , , , , , , , , , , , , , , , , , , , , , , , , , , , , , , , , , , , , , , ,2, ,4, ,8, ,4, ,8, ,2, , ,2,2,2,2,2,1,2,2,3,2,1,2,2,2,2,1,1,2,3,1,1,1,3, , ,1,1,99, , , ,2, ,2,6,3, ,1,1,1,2,1,2,1,1,2,2,1,2,1,1,1,2,4, , , , , ,3,2,2,3, , , ,3, , , , , , , , , , ,2, , ,2,2, , , , , , , , , , , , , , , , , , , , , , , , , , , , , , , , , , , , , , , , , , , , , , , , , , , , , , , , , , , , , , , , , , , , , , , , , , , , , , , , , , , , , , , , , , , , , , , , , , , , , , , , , , , , , , , , ,2, ,38, , , , , , , , , , , , , , , , , , , , , , , , , , , , , , , , , , , , , , , ,11, , , , , , , , , , , , , , , , , , , , , , , , , , , , , , , , , ,4, , , , , , ,8, , , , , , , , , , , , , , , , , , , , , , , , , , , , , , , , , , , , , , , , , , , , , , , , , , , , , , , , , , , , , , , , , , , , ,2,2, , , , ,2, , , , , , , , , , , , , , , , , , , , , , , , , , , , , , , , , , , , , , , , , , , , , , , , , , , , , , , , , , , , , , ,4, , , ,1, , , , , , , , ,4, , , , , , , , , , , , , , , , , , , , , , , , , , , , , , , , , , , , , ,2/13/2024,2/13/2024,1
1202401,2,.293709220226053,8026217,3,2,3,3,4,3,3,2,4, , , , , , , , , , , , , , , , , , , , , , , , , , , , , , , , , ,4,2,3, , , , , , , , , , , , , , , , , , , , , , , , , , , , , , , , , , , , , , , , , , , , , , , , , , , , , , , , , , , , , , , , , , , , , , , , , , , , , , , , , , , , , , , , , , , , , , , , , , , , , , , , , , , , , , , , , , , , , , , , , , ,4, ,4, ,4, ,4, ,4, ,2, , ,3,4,4,4,4,1,1,1,1,1,1,1,1,2,3,2,1,1,1,1,2,1,2, , ,1,1,99, , , ,2, ,2,5,3, ,1,4,1,1,1,2,1,1,2,2,2,2,1,2,1,2,4, , , , , ,3,2,1,4, , , ,3, , , , , , , , , , ,2, , ,1,2, , , , , , , , , , , , , , , , , , , , , , , , , , , , , , , , , , , , , , , , , , , , , , , , , , , , , , , , , , , , , , , , , , , , , , , , , , , , , , , , , , , , , , , , , , , , , , , , , , , , , , , , , , , , , , , , ,2, ,44, , , , , , , , , , , , , , , , , , , , , , , , , , , , , , , , , , , , , , , ,10, , , , , , , , , , , , , , , , , , , , , , , , , , , , , , , , , ,2, , , , , , ,6, , , , , , , , , , , , , , , , , , , , , , , , , , , , , , , , , , , , , , , , , , , , , , , , , , , , , , , , , , , , , , , , , , , , ,1, , , , , ,2, , , , , , , , , , , , , , , , , , , , , , , , , , , , , , , , , , , , , , , , , , , , , , , , , , , , , , , , , , , , , , ,3, , , ,1, , , , , , , , ,3, , , , , , , , , , , , , , , , , , , , , , , , , , , , , , , , , , , , , ,2/17/2024,2/17/2024,1
1202401,2,.323764879624263,8026296,3,2,1,1,4,2,1,1,4, , , , , , , , , , , , , , , , , , , , , , , , , , , , , , , , , ,4,1,2, , , , , , , , , , , , , , , , , , , , , , , , , , , , , , , , , , , , , , , , , , , , , , , , , , , , , , , , , , , , , , , , , , , , , , , , , , , , , , , , , , , , , , , , , , , , , , , , , , , , , , , , , , , , , , , , , , , , , , , , , , ,2, ,4, ,4, ,4, ,2, ,2, , ,2,2,2,2,2,2,3,3,2,1,1,1,2,2,1,1,4,2,2,1,2,1,4, , ,7,99,3, , , ,2, ,4,7,7, ,2,2,1,2,1,2,1,1,2,2,1,2,1,2,2,2,4, , , , , ,4,4,4,4, , , ,2, , , , , , , , , , ,1, , ,1,2, , , , , , , , , , , , , , , , , , , , , , , , , , , , , , , , , , , , , , , , , , , , , , , , , , , , , , , , , , , , , , , , , , , , , , , , , , , , , , , , , , , , , , , , , , , , , , , , , , , , , , , , , , , , , , , , ,2, ,69, , , , , , , , , , , , , , , , , , , , , , , , , , , , , , , , , , , , , , , ,10, , , , , , , , , , , , , , , , , , , , , , , , , , , , , , , , , ,3, , , , , , ,5, , , , , , , , , , , , , , , , , , , , , , , , , , , , , , , , , , , , , , , , , , , , , , , , , , , , , , , , , , , , , , , , , , , , ,1, , , , , ,2, , , , , , , , , , , , , , , , , , , , , , , , , , , , , , , , , , , , , , , , , , , , , , , , , , , , , , , , , , , , , , ,4, , , ,1, , , , , , , , ,1, , , , , , , , , , , , , , , , , , , , , , , , , , , , , , , , , , , , , ,2/4/2024,2/4/2024,1
1202401,2,.716837261529345,8026600,2,1,1,2,4,3,3,3,3, , , , , , , , , , , , , , , , , , , , , , , , , , , , , , , , , ,3,3,8, , , , , , , , , , , , , , , , , , , , , , , , , , , , , , , , , , , , , , , , , , , , , , , , , , , , , , , , , , , , , , , , , , , , , , , , , , , , , , , , , , , , , , , , , , , , , , , , , , , , , , , , , , , , , , , , , , , , , , , , , , ,2, ,4, ,1, ,3, ,4, ,3, , ,4,2,2,2,2,2,1,1,1,1,1,1,1,1,1,1,2,2,2,1,4,1,3, , ,1,1,99, , , ,2, ,1,3,2, ,1,2,2,2,1,1,2,2,1,2,2,2,8,1,1,1,4, , , , , ,3,4,3,3, , , ,2, , , , , , , , , , ,3, , ,1,1, , , , , , , , , , , , , , , , , , , , , , , , , , , , , , , , , , , , , , , , , , , , , , , , , , , , , , , , , , , , , , , , , , , , , , , , , , , , , , , , , , , , , , , , , , , , , , , , , , , , , , , , , , , , , , , , ,2, ,39, , , , , , , , , , , , , , , , , , , , , , , , , , , , , , , , , , , , , , , ,10, , , , , , , , , , , , , , , , , , , , , , , , , , , , , , , , , ,4, , , , , , ,11, , , , , , , , , , , , , , , , , , , , , , , , , , , , , , , , , , , , , , , , , , , , , , , , , , , , , , , , , , , , , , , , , , , , ,8,8, , , , ,97, , , , , , , , , , , , , , , , , , , , , , , , , , , , ,1, , , , ,1, , , , , , , , , , , , , , , , , , , , , , , , , , , , ,0, , , ,1, , , , , , , , ,3, , , , , , , , , , , , , , , , , , , , , , , , , , , , , , , , , , , , , ,2/14/2024,2/14/2024,1
1202401,2,1.00370274946427,8026716,4,2,3,2,4,3,2,8,4, , , , , , , , , , , , , , , , , , , , , , , , , , , , , , , , , ,4,3,3, , , , , , , , , , , , , , , , , , , , , , , , , , , , , , , , , , , , , , , , , , , , , , , , , , , , , , , , , , , , , , , , , , , , , , , , , , , , , , , , , , , , , , , , , , , , , , , , , , , , , , , , , , , , , , , , , , , , , , , , , , ,3, ,4, ,4, ,4, ,2, ,1, , ,3,3,2,2,2,1,1,1,1,3,2,3,2,3,3,1,1,3,2,2,1,2,2, , ,1,1,99, , , ,2, ,2,5,7, ,1,2,2,2,1,2,2,2,1,1,1,2,2,2,1,1,4, , , , , ,3,4,2,4, , , ,4, , , , , , , , , , ,2, , ,2,8, , , , , , , , , , , , , , , , , , , , , , , , , , , , , , , , , , , , , , , , , , , , , , , , , , , , , , , , , , , , , , , , , , , , , , , , , , , , , , , , , , , , , , , , , , , , , , , , , , , , , , , , , , , , , , , , ,2, ,73, , , , , , , , , , , , , , , , , , , , , , , , , , , , , , , , , , , , , , , ,5, , , , , , , , , , , , , , , , , , , , , , , , , , , , , , , , , ,3, , , , , , ,1, , , , , , , , , , , , , , , , , , , , , , , , , , , , , , , , , , , , , , , , , , , , , , , , , , , , , , , , , , , , , , , , , , , , ,2,2, , , , ,4, , , , , , , , , , , , , , , , , , , , , , , , , , , , , , , , , , , , , , , , , , , , , , , , , , , , , , , , , , , , , , ,8, , ,2, , , , , , , , , ,3, , , , , , , , , , , , , , , , , , , , , , , , , , , , , , , , , , , , , ,2/10/2024,2/10/2024,1
1202401,2,.511011855157413,8026951,4,2,4,2,3,3,3,3,2, , , , , , , , , , , , , , , , , , , , , , , , , , , , , , , , , ,4,2,4, , , , , , , , , , , , , , , , , , , , , , , , , , , , , , , , , , , , , , , , , , , , , , , , , , , , , , , , , , , , , , , , , , , , , , , , , , , , , , , , , , , , , , , , , , , , , , , , , , , , , , , , , , , , , , , , , , , , , , , , , , ,4, ,2, ,4, ,2, ,3, ,4, , ,4,4,4,4,4,1,1,1,3,1,1,1,1,4,4,4,4,2,2,2,2,1,3, , ,7,99,3, , , ,2, ,4,7,7, ,2,2,1,2,1,2,1,2,2,2,2,2,1,1,1,2,4, , , , , ,4,4,4,4, , , ,8, , , , , , , , , , ,2, , ,1,2, , , , , , , , , , , , , , , , , , , , , , , , , , , , , , , , , , , , , , , , , , , , , , , , , , , , , , , , , , , , , , , , , , , , , , , , , , , , , , , , , , , , , , , , , , , , , , , , , , , , , , , , , , , , , , , , ,2, ,46, , , , , , , , , , , , , , , , , , , , , , , , , , , , , , , , , , , , , , , ,10, , , , , , , , , , , , , , , , , , , , , , , , , , , , , , , , , ,3, , , , , , ,4, , , , , , , , , , , , , , , , , , , , , , , , , , , , , , , , , , , , , , , , , , , , , , , , , , , , , , , , , , , , , , , , , , , , ,4,2, , , , ,2, , , , , , , , , , , , , , , , , , , , , , , , , , , , , , , , , , , , , , , , , , , , , , , , , , , , , , , , , , , , , , ,3, , , ,1, , , , , , , , ,1, , , , , , , , , , , , , , , , , , , , , , , , , , , , , , , , , , , , , ,4/19/2024,4/19/2024,1
1202401,2,.675862784022459,8027078,3,8,3,2,3,9,8,9,4, , , , , , , , , , , , , , , , , , , , , , , , , , , , , , , , , ,4,1,8, , , , , , , , , , , , , , , , , , , , , , , , , , , , , , , , , , , , , , , , , , , , , , , , , , , , , , , , , , , , , , , , , , , , , , , , , , , , , , , , , , , , , , , , , , , , , , , , , , , , , , , , , , , , , , , , , , , , , , , , , , ,2, ,2, ,4, ,4, ,3, ,1, , ,4,2,8,1,8,1,1,1,1,1,1,1,1,4,2,2,3,4,4,2,2,2,9, , ,1,1,99, , , ,2, ,4,7,7, ,1,4,8,1,1,1,2,1,1,2,2,2,8,2,2,1,4, , , , , ,2,1,1,4, , , ,8, , , , , , , , , , ,1, , ,2,2, , , , , , , , , , , , , , , , , , , , , , , , , , , , , , , , , , , , , , , , , , , , , , , , , , , , , , , , , , , , , , , , , , , , , , , , , , , , , , , , , , , , , , , , , , , , , , , , , , , , , , , , , , , , , , , , ,2, ,68, , , , , , , , , , , , , , , , , , , , , , , , , , , , , , , , , , , , , , , ,6, , , , , , , , , , , , , , , , , , , , , , , , , , , , , , , , , ,4, , , , , , ,1, , , , , , , , , , , , , , , , , , , , , , , , , , , , , , , , , , , , , , , , , , , , , , , , , , , , , , , , , , , , , , , , , , , , ,1, , , , , ,2, , , , , , , , , , , , , , , , , , , , , , , , , , , , , , , , , , , , , , , , , , , , , , , , , , , , , , , , , , , , , , ,4, , ,2, , , , , , , , , ,3, , , , , , , , , , , , , , , , , , , , , , , , , , , , , , , , , , , , , ,1/27/2024,1/27/2024,1
1202401,2,.289041103192771,8027173,2,1,2,2,3,2,2,1,4, , , , , , , , , , , , , , , , , , , , , , , , , , , , , , , , , ,2,3,2, , , , , , , , , , , , , , , , , , , , , , , , , , , , , , , , , , , , , , , , , , , , , , , , , , , , , , , , , , , , , , , , , , , , , , , , , , , , , , , , , , , , , , , , , , , , , , , , , , , , , , , , , , , , , , , , , , , , , , , , , , ,2, ,4, ,3, ,4, ,2, ,2, , ,2,2,2,2,2,2,3,2,2,2,1,2,2,1,2,1,2,3,1,2,1,1,3, , ,7,99,2, , , ,1, ,3,7,7, ,2,3,1,2,2,2,2,2,2,2,2,2,1,2,2,1,4, , , , , ,4,4,4,4, , , ,2, , , , , , , , , , ,2, , ,2,2, , , , , , , , , , , , , , , , , , , , , , , , , , , , , , , , , , , , , , , , , , , , , , , , , , , , , , , , , , , , , , , , , , , , , , , , , , , , , , , , , , , , , , , , , , , , , , , , , , , , , , , , , , , , , , , , ,2, ,71, , , , , , , , , , , , , , , , , , , , , , , , , , , , , , , , , , , , , , , ,11, , , , , , , , , , , , , , , , , , , , , , , , , , , , , , , , , ,2, , , , , , ,7, , , , , , , , , , , , , , , , , , , , , , , , , , , , , , , , , , , , , , , , , , , , , , , , , , , , , , , , , , , , , , , , , , , , ,2,2, , , , ,1, , , , , , , , , , , , , , , , , , , , , , , , , , , , , , , , , , , , , , , , , , , , , , , , , , , , , , , , , , , , , , ,2, , , ,1, , , , , , , , ,9, , , , , , , , , , , , , , , , , , , , , , , , , , , , , , , , , , , , , ,2/11/2024,2/11/2024,1
1202401,2,.30616887798823,8027992,4,2,4,3,3,3,4,2,4, , , , , , , , , , , , , , , , , , , , , , , , , , , , , , , , , ,4,2,4, , , , , , , , , , , , , , , , , , , , , , , , , , , , , , , , , , , , , , , , , , , , , , , , , , , , , , , , , , , , , , , , , , , , , , , , , , , , , , , , , , , , , , , , , , , , , , , , , , , , , , , , , , , , , , , , , , , , , , , , , , ,3, ,3, ,1, ,4, ,2, ,1, , ,3,4,3,3,3,2,3,2,2,1,2,2,1,2,1,1,1,4,3,4,1,4,2, , ,1,2,99, , , ,2, ,3,6,6, ,2,4,2,2,2,2,2,2,2,2,2,2,2,2,2,1,4, , , , , ,4,4,4,4, , , ,3, , , , , , , , , , ,2, , ,1,1, , , , , , , , , , , , , , , , , , , , , , , , , , , , , , , , , , , , , , , , , , , , , , , , , , , , , , , , , , , , , , , , , , , , , , , , , , , , , , , , , , , , , , , , , , , , , , , , , , , , , , , , , , , , , , , , ,1, ,75, , , , , , , , , , , , , , , , , , , , , , , , , , , , , , , , , , , , , , , ,10, , , , , , , , , , , , , , , , , , , , , , , , , , , , , , , , , ,2, , , , , , ,11, , , , , , , , , , , , , , , , , , , , , , , , , , , , , , , , , , , , , , , , , , , , , , , , , , , , , , , , , , , , , , , , , , , , ,2,1, , , , ,2, , , , , , , , , , , , , , , , , , , , , , , , , , , , , , , , , , , , , , , , , , , , , , , , , , , , , , , , , , , , , , ,5, , , ,1, , , , , , , , ,9, , , , , , , , , , , , , , , , , , , , , , , , , , , , , , , , , , , , , ,1/27/2024,1/27/2024,1
1202401,2,.44141598506093,8028323,2,1,3,3,2,2,2,2,2, , , , , , , , , , , , , , , , , , , , , , , , , , , , , , , , , ,2,3,2, , , , , , , , , , , , , , , , , , , , , , , , , , , , , , , , , , , , , , , , , , , , , , , , , , , , , , , , , , , , , , , , , , , , , , , , , , , , , , , , , , , , , , , , , , , , , , , , , , , , , , , , , , , , , , , , , , , , , , , , , , ,1, ,4, ,2, ,2, ,2, ,2, , ,3,3,3,3,3,2,1,1,1,2,1,2,1,2,1,1,1,2,2,4,1,1,3, , ,7,99,1, , , ,1, ,3,6,7, ,2,4,1,2,1,2,2,2,2,2,2,2,8,2,1,1,4, , , , , ,8,8,1,4, , , ,2, , , , , , , , , , ,2, , ,1,1, , , , , , , , , , , , , , , , , , , , , , , , , , , , , , , , , , , , , , , , , , , , , , , , , , , , , , , , , , , , , , , , , , , , , , , , , , , , , , , , , , , , , , , , , , , , , , , , , , , , , , , , , , , , , , , , ,1, ,69, , , , , , , , , , , , , , , , , , , , , , , , , , , , , , , , , , , , , , , ,6, , , , , , , , , , , , , , , , , , , , , , , , , , , , , , , , , ,2, , , , , , ,3, , , , , , , , , , , , , , , , , , , , , , , , , , , , , , , , , , , , , , , , , , , , , , , , , , , , , , , , , , , , , , , , , , , , ,1, , , , , ,3, , , , , , , , , , , , , , , , , , , , , , , , , , , , , , , , , , , , , , , , , , , , , , , , , , , , , , , , , , , , , , ,3, , ,2, , , , , , , , , ,3, , , , , , , , , , , , , , , , , , , , , , , , , , , , , , , , , , , , , ,2/12/2024,2/12/2024,1
1202401,2,.289041103192771,8028424,1,3,2,3,3,2,1,1,4, , , , , , , , , , , , , , , , , , , , , , , , , , , , , , , , , ,2,4,2, , , , , , , , , , , , , , , , , , , , , , , , , , , , , , , , , , , , , , , , , , , , , , , , , , , , , , , , , , , , , , , , , , , , , , , , , , , , , , , , , , , , , , , , , , , , , , , , , , , , , , , , , , , , , , , , , , , , , , , , , , ,2, ,4, ,4, ,4, ,2, ,2, , ,2,2,2,2,2,1,2,2,2,1,1,2,2,2,2,1,3,3,3,3,3,1,3, , ,1,1,99, , , ,2, ,2,3,2, ,1,2,2,2,2,2,2,2,2,2,2,2,1,9,1,1,4, , , , , ,4,4,9,3, , , ,2, , , , , , , , , , ,2, , ,2,2, , , , , , , , , , , , , , , , , , , , , , , , , , , , , , , , , , , , , , , , , , , , , , , , , , , , , , , , , , , , , , , , , , , , , , , , , , , , , , , , , , , , , , , , , , , , , , , , , , , , , , , , , , , , , , , , ,2, ,65, , , , , , , , , , , , , , , , , , , , , , , , , , , , , , , , , , , , , , , ,11, , , , , , , , , , , , , , , , , , , , , , , , , , , , , , , , , ,2, , , , , , ,9, , , , , , , , , , , , , , , , , , , , , , , , , , , , , , , , , , , , , , , , , , , , , , , , , , , , , , , , , , , , , , , , , , , , ,2,2, , , , ,1, , , , , , , , , , , , , , , , , , , , , , , , , , , , , , , , , , , , , , , , , , , , , , , , , , , , , , , , , , , , , , ,3, , ,2, , , , , , , , , ,9, , , , , , , , , , , , , , , , , , , , , , , , , , , , , , , , , , , , , ,2/6/2024,2/6/2024,1
1202401,2,.697336153782145,8028526,2,2,2,2,8,8,8,8,8, , , , , , , , , , , , , , , , , , , , , , , , , , , , , , , , , ,8,8,8, , , , , , , , , , , , , , , , , , , , , , , , , , , , , , , , , , , , , , , , , , , , , , , , , , , , , , , , , , , , , , , , , , , , , , , , , , , , , , , , , , , , , , , , , , , , , , , , , , , , , , , , , , , , , , , , , , , , , , , , , , ,9, ,8, ,9, ,9, ,9, ,8, , ,8,8,8,8,8,3,4,3,4,3,2,1,2,2,2,1,1,3,3,1,3,2,3, , ,1,2,99, , , ,2, ,1,3,2, ,1,1,2,2,2,1,2,2,2,2,2,2,1,1,1,1,1, , , , , ,2,1,2,1,1, , ,3, , , , , , , , , , ,8, , ,8, , , , , , , , , , , , , , , , , , , , , , , , , , , , , , , , , , , , , , , , , , , , , , , , , , , , , , , , , , , , , , , , , , , , , , , , , , , , , , , , , , , , , , , , , , , , , , , , , , , , , , , , , , , , , , , , , ,2, ,31, , , , , , , , , , , , , , , , , , , , , , , , , , , , , , , , , , , , , , , ,10, , , , , , , , , , , , , , , , , , , , , , , , , , , , , , , , , ,4, , , , , , ,11, , , , , , , , , , , , , , , , , , , , , , , , , , , , , , , , , , , , , , , , , , , , , , , , , , , , , , , , , , , , , , , , , , , , ,5,5, , , , ,99, , , , , , , , , , , , , , , , , , , , , , , , , , , , ,9, , , , , , , , , , , , , , , , , , , , , , , , , , , , , , , , , ,8, , , ,1, , , , , , , , ,9, , , , , , , , , , , , , , , , , , , , , , , , , , , , , , , , , , , , , ,2/5/2024,2/5/2024,1
1202401,2,.345836412158108,8028690,2,2,1,4,3,8,8,1,4, , , , , , , , , , , , , , , , , , , , , , , , , , , , , , , , , ,3,3,8, , , , , , , , , , , , , , , , , , , , , , , , , , , , , , , , , , , , , , , , , , , , , , , , , , , , , , , , , , , , , , , , , , , , , , , , , , , , , , , , , , , , , , , , , , , , , , , , , , , , , , , , , , , , , , , , , , , , , , , , , , ,2, ,4, ,4, ,4, ,8, ,1, , ,1,2,2,2,2,2,2,2,2,2,1,2,3,2,2,1,3,3,3,1,1,1,8, , ,1,1,99, , , ,2, ,1,2,2, ,1,2,2,2,2,1,1,2,1,1,2,1,1,1,1,2,3, , , , , ,3,2,4,4, , , ,3, , , , , , , , , , ,2, , ,2,8, , , , , , , , , , , , , , , , , , , , , , , , , , , , , , , , , , , , , , , , , , , , , , , , , , , , , , , , , , , , , , , , , , , , , , , , , , , , , , , , , , , , , , , , , , , , , , , , , , , , , , , , , , , , , , , , ,2, ,71, , , , , , , , , , , , , , , , , , , , , , , , , , , , , , , , , , , , , , , ,10, , , , , , , , , , , , , , , , , , , , , , , , , , , , , , , , , ,2, , , , , , ,98,2, , , , , , , , , , , , , , , , , , , , , , , , , , , , , , , , , , , , , , , , , , , , , , , , , , , , , , , , , , , , , , , , , , , ,1, , , , , ,97, , , , , , , , , , , , , , , , , , , , , , , , , , , , ,2, , , , , , , , , , , , , , , , , , , , , , , , , , , , , , , , , ,5, , , ,1, , , , , , , , ,5, , , , , , , , , , , , , , , , , , , , , , , , , , , , , , , , , , , , , ,2/13/2024,2/13/2024,1
1202401,2,1.44009002529,8028916,3,2,2,4,4,2,1,1,4, , , , , , , , , , , , , , , , , , , , , , , , , , , , , , , , , ,2,4,1, , , , , , , , , , , , , , , , , , , , , , , , , , , , , , , , , , , , , , , , , , , , , , , , , , , , , , , , , , , , , , , , , , , , , , , , , , , , , , , , , , , , , , , , , , , , , , , , , , , , , , , , , , , , , , , , , , , , , , , , , , ,2, ,4, ,4, ,4, ,2, ,2, , ,1,1,2,2,8,1,2,2,2,2,1,1,1,1,1,1,1,2,1,1,2,1,3, , ,7,99,1, , , ,2, ,4,7,7, ,2,3,2,2,2,2,2,2,2,2,2,2,2,2,2,1,4, , , , , ,4,4,1,4, , , ,3, , , , , , , , , , ,3, , ,2,8, , , , , , , , , , , , , , , , , , , , , , , , , , , , , , , , , , , , , , , , , , , , , , , , , , , , , , , , , , , , , , , , , , , , , , , , , , , , , , , , , , , , , , , , , , , , , , , , , , , , , , , , , , , , , , , , ,2, ,50, , , , , , , , , , , , , , , , , , , , , , , , , , , , , , , , , , , , , , , ,9, , , , , , , , , , , , , , , , , , , , , , , , , , , , , , , , , ,2, , , , , , ,10, , , , , , , , , , , , , , , , , , , , , , , , , , , , , , , , , , , , , , , , , , , , , , , , , , , , , , , , , , , , , , , , , , , , ,4,4, , , , ,1, , , , , , , , , , , , , , , , , , , , , , , , , , , , , , , , , , , , , , , , , , , , , , , , , , , , , , , , , , , , , , ,2, , , ,1, , , , , , , , ,9, , , , , , , , , , , , , , , , , , , , , , , , , , , , , , , , , , , , , ,1/30/2024,1/30/2024,1
1202401,2,1.17887938954339,8028947,3,2,3,2,4,8,2,3,4, , , , , , , , , , , , , , , , , , , , , , , , , , , , , , , , , ,4,1,2, , , , , , , , , , , , , , , , , , , , , , , , , , , , , , , , , , , , , , , , , , , , , , , , , , , , , , , , , , , , , , , , , , , , , , , , , , , , , , , , , , , , , , , , , , , , , , , , , , , , , , , , , , , , , , , , , , , , , , , , , , ,4, ,1, ,4, ,4, ,3, ,3, , ,4,4,4,4,3,1,3,3,3,2,1,1,1,2,2,1,1,1,2,1,1,1,2, , ,1,2,99, , , ,2, ,2,6,3, ,1,2,1,2,1,2,2,2,2,2,2,2,1,1,1,2,1, , , , , ,4,2,2,1,1, , ,3, , , , , , , , , , ,2, , ,1,2, , , , , , , , , , , , , , , , , , , , , , , , , , , , , , , , , , , , , , , , , , , , , , , , , , , , , , , , , , , , , , , , , , , , , , , , , , , , , , , , , , , , , , , , , , , , , , , , , , , , , , , , , , , , , , , , ,2, ,80, , , , , , , , , , , , , , , , , , , , , , , , , , , , , , , , , , , , , , , ,7, , , , , , , , , , , , , , , , , , , , , , , , , , , , , , , , , ,4, , , , , , ,2, , , , , , , , , , , , , , , , , , , , , , , , , , , , , , , , , , , , , , , , , , , , , , , , , , , , , , , , , , , , , , , , , , , , ,2,2, , , , ,2, , , , , , , , , , , , , , , , , , , , , , , , , , , , , , , , , , , , , , , , , , , , , , , , , , , , , , , , , , , , , , ,8, , , ,1, , , , , , , , ,1, , , , , , , , , , , , , , , , , , , , , , , , , , , , , , , , , , , , , ,2/21/2024,2/21/2024,1
1202401,2,.768000409549667,8028950,4,2,4,1,2,3,4,1,1, , , , , , , , , , , , , , , , , , , , , , , , , , , , , , , , , ,4,1,4, , , , , , , , , , , , , , , , , , , , , , , , , , , , , , , , , , , , , , , , , , , , , , , , , , , , , , , , , , , , , , , , , , , , , , , , , , , , , , , , , , , , , , , , , , , , , , , , , , , , , , , , , , , , , , , , , , , , , , , , , , ,4, ,1, ,2, ,2, ,4, ,4, , ,4,4,4,4,3,2,3,2,2,1,1,1,1,4,2,3,1,2,3,4,2,1,2, , ,1,1,99, , , ,2, ,2,5,1, ,1,2,2,2,2,2,1,2,1,1,2,2,1,1,2,2,1, , , , , ,4,2,4,2,8, , ,4, , , , , , , , , , ,2, , ,2,2, , , , , , , , , , , , , , , , , , , , , , , , , , , , , , , , , , , , , , , , , , , , , , , , , , , , , , , , , , , , , , , , , , , , , , , , , , , , , , , , , , , , , , , , , , , , , , , , , , , , , , , , , , , , , , , , ,1, ,70, , , , , , , , , , , , , , , , , , , , , , , , , , , , , , , , , , , , , , , ,6, , , , , , , , , , , , , , , , , , , , , , , , , , , , , , , , , ,4, , , , , , ,5, , , , , , , , , , , , , , , , , , , , , , , , , , , , , , , , , , , , , , , , , , , , , , , , , , , , , , , , , , , , , , , , , , , , ,2,2, , , , ,2, , , , , , , , , , , , , , , , , , , , , , , , , , , , , , , , , , , , , , , , , , , , , , , , , , , , , , , , , , , , , , ,5, , , ,1, , , , , , , , ,1, , , , , , , , , , , , , , , , , , , , , , , , , , , , , , , , , , , , , ,2/2/2024,2/2/2024,1
1202401,2,.472839936712872,8029428,4,2,4,1,2,8,2,2,3, , , , , , , , , , , , , , , , , , , , , , , , , , , , , , , , , ,3,2,2, , , , , , , , , , , , , , , , , , , , , , , , , , , , , , , , , , , , , , , , , , , , , , , , , , , , , , , , , , , , , , , , , , , , , , , , , , , , , , , , , , , , , , , , , , , , , , , , , , , , , , , , , , , , , , , , , , , , , , , , , , ,2, ,4, ,8, ,4, ,8, ,2, , ,2,1,2,2,8,1,2,2,2,1,1,2,1,2,1,2,3,1,2,1,1,8,2, , ,7,99,3, , , ,2, ,4,7,7, ,9,9,9,9,9,9,9,9,9,2,2,2,9,9,9,9,4, , , , , ,4,4,9,4, , , ,8, , , , , , , , , , ,8, , ,8, , , , , , , , , , , , , , , , , , , , , , , , , , , , , , , , , , , , , , , , , , , , , , , , , , , , , , , , , , , , , , , , , , , , , , , , , , , , , , , , , , , , , , , , , , , , , , , , , , , , , , , , , , , , , , , , , ,2, ,45, , , , , , , , , , , , , , , , , , , , , , , , , , , , , , , , , , , , , , , ,10, , , , , , , , , , , , , , , , , , , , , , , , , , , , , , , , , ,9, , , , , , ,99,2, , , , , , , , , , , , , , , , , , , , , , , , , , , , , , , , , , , , , , , , , , , , , , , , , , , , , , , , , , , , , , , , , , , ,4,2, , , , ,97, , , , , , , , , , , , , , , , , , , , , , , , , , , , ,2, , , , , , , , , , , , , , , , , , , , , , , , , , , , , , , , , ,9, , , ,1, , , , , , , , ,9, , , , , , , , , , , , , , , , , , , , , , , , , , , , , , , , , , , , , ,2/5/2024,2/5/2024,1
1202401,2,1.04158594963534,8029738,4,2,3,2,4,1,3,3,4, , , , , , , , , , , , , , , , , , , , , , , , , , , , , , , , , ,4,3,3, , , , , , , , , , , , , , , , , , , , , , , , , , , , , , , , , , , , , , , , , , , , , , , , , , , , , , , , , , , , , , , , , , , , , , , , , , , , , , , , , , , , , , , , , , , , , , , , , , , , , , , , , , , , , , , , , , , , , , , , , , ,3, ,2, ,4, ,4, ,1, ,4, , ,3,3,4,4,4,2,3,3,3,2,1,1,1,1,1,1,2,4,2,3,4,3,2, , ,99,99,99, , , ,2, ,2,6,9, ,9,1,1,2,1,8,1,1,1,2,2,2,9,9,8,9,9, , , , , ,4,4,2,4, , , ,8, , , , , , , , , , ,2, , ,1,2, , , , , , , , , , , , , , , , , , , , , , , , , , , , , , , , , , , , , , , , , , , , , , , , , , , , , , , , , , , , , , , , , , , , , , , , , , , , , , , , , , , , , , , , , , , , , , , , , , , , , , , , , , , , , , , , ,2, ,35, , , , , , , , , , , , , , , , , , , , , , , , , , , , , , , , , , , , , , , ,99, , , , , , , , , , , , , , , , , , , , , , , , , , , , , , , , , ,4, , , , , , ,99,9, , , , , , , , , , , , , , , , , , , , , , , , , , , , , , , , , , , , , , , , , , , , , , , , , , , , , , , , , , , , , , , , , , , ,7,7, , , , ,99, , , , , , , , , , , , , , , , , , , , , , , , , , , , ,2, , , , , , , , , , , , , , , , , , , , , , , , , , , , , , , , , ,3, , , ,1, , , , , , , , ,9, , , , , , , , , , , , , , , , , , , , , , , , , , , , , , , , , , , , , ,2/2/2024,2/2/2024,1
1202401,2,.678796662203523,8029766,2,2,3,4,3,2,1,1,4, , , , , , , , , , , , , , , , , , , , , , , , , , , , , , , , , ,2,4,1, , , , , , , , , , , , , , , , , , , , , , , , , , , , , , , , , , , , , , , , , , , , , , , , , , , , , , , , , , , , , , , , , , , , , , , , , , , , , , , , , , , , , , , , , , , , , , , , , , , , , , , , , , , , , , , , , , , , , , , , , , ,2, ,4, ,3, ,4, ,2, ,1, , ,1,1,2,1,4,1,2,2,2,1,1,1,2,1,1,1,3,1,1,1,3,1,3, , ,7,99,3, , , ,1, ,4,7,7, ,2,4,2,2,2,2,2,2,2,2,2,2,2,2,2,2,4, , , , , ,4,2,4,4, , , ,2, , , , , , , , , , ,2, , ,1,1, , , , , , , , , , , , , , , , , , , , , , , , , , , , , , , , , , , , , , , , , , , , , , , , , , , , , , , , , , , , , , , , , , , , , , , , , , , , , , , , , , , , , , , , , , , , , , , , , , , , , , , , , , , , , , , , ,1, ,60, , , , , , , , , , , , , , , , , , , , , , , , , , , , , , , , , , , , , , , ,6, , , , , , , , , , , , , , , , , , , , , , , , , , , , , , , , , ,3, , , , , , ,6, , , , , , , , , , , , , , , , , , , , , , , , , , , , , , , , , , , , , , , , , , , , , , , , , , , , , , , , , , , , , , , , , , , , ,1, , , , , ,99, , , , , , , , , , , , , , , , , , , , , , , , , , , , ,1, , , , ,99, , , , , , , , , , , , , , , , , , , , , , , , , , , , ,2, , , ,1, , , , , , , , ,8, , , , , , , , , , , , , , , , , , , , , , , , , , , , , , , , , , , , , ,1/25/2024,1/25/2024,1
1202401,2,.299580065797553,8029783,2,2,1,3,4,3,3,1,4, , , , , , , , , , , , , , , , , , , , , , , , , , , , , , , , , ,2,3,1, , , , , , , , , , , , , , , , , , , , , , , , , , , , , , , , , , , , , , , , , , , , , , , , , , , , , , , , , , , , , , , , , , , , , , , , , , , , , , , , , , , , , , , , , , , , , , , , , , , , , , , , , , , , , , , , , , , , , , , , , , ,1, ,4, ,4, ,4, ,1, ,2, , ,2,2,2,2,2,1,3,1,3,3,1,1,1,1,1,1,1,1,1,2,2,1,3, , ,7,99,2, , , ,1, ,4,7,7, ,2,3,1,2,1,2,2,2,2,2,2,2,2,1,2,1,4, , , , , ,3,3,3,3, , , ,3, , , , , , , , , , ,2, , ,1,2, , , , , , , , , , , , , , , , , , , , , , , , , , , , , , , , , , , , , , , , , , , , , , , , , , , , , , , , , , , , , , , , , , , , , , , , , , , , , , , , , , , , , , , , , , , , , , , , , , , , , , , , , , , , , , , , ,2, ,83, , , , , , , , , , , , , , , , , , , , , , , , , , , , , , , , , , , , , , , ,10, , , , , , , , , , , , , , , , , , , , , , , , , , , , , , , , , ,3, , , , , , ,1, , , , , , , , , , , , , , , , , , , , , , , , , , , , , , , , , , , , , , , , , , , , , , , , , , , , , , , , , , , , , , , , , , , , ,1, , , , , ,3, , , , , , , , , , , , , , , , , , , , , , , , , , , , , , , , , , , , , , , , , , , , , , , , , , , , , , , , , , , , , , ,0, , , ,1, , , , , , , , ,9, , , , , , , , , , , , , , , , , , , , , , , , , , , , , , , , , , , , , ,4/17/2024,4/17/2024,1
1202401,2,.258625757265398,8029876,2,2,2,2,4,2,4,2,4, , , , , , , , , , , , , , , , , , , , , , , , , , , , , , , , , ,3,3,3, , , , , , , , , , , , , , , , , , , , , , , , , , , , , , , , , , , , , , , , , , , , , , , , , , , , , , , , , , , , , , , , , , , , , , , , , , , , , , , , , , , , , , , , , , , , , , , , , , , , , , , , , , , , , , , , , , , , , , , , , , ,2, ,4, ,4, ,4, ,2, ,2, , ,2,2,2,2,2,1,4,4,2,2,1,3,1,2,2,1,1,2,2,2,2,1,2, , ,7,99,3, , , ,1, ,4,7,1, ,2,1,1,1,1,2,1,1,2,2,1,2,1,2,2,1,4, , , , , ,3,3,3,4, , , ,2, , , , , , , , , , ,2, , ,3,2, , , , , , , , , , , , , , , , , , , , , , , , , , , , , , , , , , , , , , , , , , , , , , , , , , , , , , , , , , , , , , , , , , , , , , , , , , , , , , , , , , , , , , , , , , , , , , , , , , , , , , , , , , , , , , , , ,1, ,79, , , , , , , , , , , , , , , , , , , , , , , , , , , , , , , , , , , , , , , ,11, , , , , , , , , , , , , , , , , , , , , , , , , , , , , , , , , ,2, , , , , , ,6, , , , , , , , , , , , , , , , , , , , , , , , , , , , , , , , , , , , , , , , , , , , , , , , , , , , , , , , , , , , , , , , , , , , ,1, , , , , ,1, , , , , , , , , , , , , , , , , , , , , , , , , , , , , , , , , , , , , , , , , , , , , , , , , , , , , , , , , , , , , , ,3, , , ,2, , , , , , , , ,9, , , , , , , , , , , , , , , , , , , , , , , , , , , , , , , , , , , , , ,2/5/2024,2/5/2024,1
1202401,2,1.42195148617242,8030024,2,2,3,3,4,2,8,8,4, , , , , , , , , , , , , , , , , , , , , , , , , , , , , , , , , ,4,2,1, , , , , , , , , , , , , , , , , , , , , , , , , , , , , , , , , , , , , , , , , , , , , , , , , , , , , , , , , , , , , , , , , , , , , , , , , , , , , , , , , , , , , , , , , , , , , , , , , , , , , , , , , , , , , , , , , , , , , , , , , , ,2, ,4, ,4, ,4, ,2, ,2, , ,2,8,4,2,4,2,2,2,2,2,1,2,1,2,2,8,2,1,1,2,1,2,2, , ,1,1,99, , , ,2, ,1,4,2, ,1,4,2,2,2,2,1,2,2,2,2,2,1,1,2,2,1, , , , , ,1,1,1,1,1, , ,3, , , , , , , , , , ,3, , ,1,1, , , , , , , , , , , , , , , , , , , , , , , , , , , , , , , , , , , , , , , , , , , , , , , , , , , , , , , , , , , , , , , , , , , , , , , , , , , , , , , , , , , , , , , , , , , , , , , , , , , , , , , , , , , , , , , , ,2, ,99, , , , ,9, , , , , , , , , , , , , , , , , , , , , , , , , , , , , , , , , , ,5, , , , , , , , , , , , , , , , , , , , , , , , , , , , , , , , , ,4, , , , , , ,2, , , , , , , , , , , , , , , , , , , , , , , , , , , , , , , , , , , , , , , , , , , , , , , , , , , , , , , , , , , , , , , , , , , , ,1, , , , , ,2, , , , , , , , , , , , , , , , , , , , , , , , , , , , , , , , , , , , , , , , , , , , , , , , , , , , , , , , , , , , , , ,4, , , ,2, , , , , , , , ,10, , , , , , , , , , , , , , , , , , , , , , , , , , , , , , , , , , , , , ,1/30/2024,1/30/2024,1
1202401,2,.657191721122012,8030071,2,2,3,2,4,3,3,3,3, , , , , , , , , , , , , , , , , , , , , , , , , , , , , , , , , ,3,3,3, , , , , , , , , , , , , , , , , , , , , , , , , , , , , , , , , , , , , , , , , , , , , , , , , , , , , , , , , , , , , , , , , , , , , , , , , , , , , , , , , , , , , , , , , , , , , , , , , , , , , , , , , , , , , , , , , , , , , , , , , , ,3, ,4, ,4, ,4, ,3, ,3, , ,3,4,3,3,2,2,1,1,1,1,1,1,1,2,2,1,2,2,3,2,2,1,2, , ,1,1,99, , , ,2, ,3,5,5, ,2,2,2,2,2,1,1,1,2,2,2,2,1,2,2,1,4, , , , , ,4,4,4,4, , , ,3, , , , , , , , , , ,2, , ,1,2, , , , , , , , , , , , , , , , , , , , , , , , , , , , , , , , , , , , , , , , , , , , , , , , , , , , , , , , , , , , , , , , , , , , , , , , , , , , , , , , , , , , , , , , , , , , , , , , , , , , , , , , , , , , , , , , ,1, ,76, , , , , , , , , , , , , , , , , , , , , , , , , , , , , , , , , , , , , , , ,7, , , , , , , , , , , , , , , , , , , , , , , , , , , , , , , , , ,2, , , , , , ,6, , , , , , , , , , , , , , , , , , , , , , , , , , , , , , , , , , , , , , , , , , , , , , , , , , , , , , , , , , , , , , , , , , , , ,2,2, , , , ,2, , , , , , , , , , , , , , , , , , , , , , , , , , , , , , , , , , , , , , , , , , , , , , , , , , , , , , , , , , , , , , ,4, , ,2, , , , , , , , , ,3, , , , , , , , , , , , , , , , , , , , , , , , , , , , , , , , , , , , , ,1/31/2024,1/31/2024,1
1202401,2,.258625757265398,8030108,2,1,4,2,3,1,3,3,4, , , , , , , , , , , , , , , , , , , , , , , , , , , , , , , , , ,3,3,2, , , , , , , , , , , , , , , , , , , , , , , , , , , , , , , , , , , , , , , , , , , , , , , , , , , , , , , , , , , , , , , , , , , , , , , , , , , , , , , , , , , , , , , , , , , , , , , , , , , , , , , , , , , , , , , , , , , , , , , , , , ,2, ,4, ,4, ,4, ,3, ,2, , ,3,2,8,1,4,1,3,2,4,1,1,1,1,1,1,1,4,1,2,3,1,1,2, , ,7,99,2, , , ,1, ,4,7,7, ,8,3,8,2,8,8,2,2,2,2,2,2,1,2,2,1,4, , , , , ,4,4,3,4, , , ,2, , , , , , , , , , ,2, , ,1,2, , , , , , , , , , , , , , , , , , , , , , , , , , , , , , , , , , , , , , , , , , , , , , , , , , , , , , , , , , , , , , , , , , , , , , , , , , , , , , , , , , , , , , , , , , , , , , , , , , , , , , , , , , , , , , , , ,1, ,54, , , , , , , , , , , , , , , , , , , , , , , , , , , , , , , , , , , , , , , ,10, , , , , , , , , , , , , , , , , , , , , , , , , , , , , , , , , ,4, , , , , , ,7, , , , , , , , , , , , , , , , , , , , , , , , , , , , , , , , , , , , , , , , , , , , , , , , , , , , , , , , , , , , , , , , , , , , ,1, , , , , ,4, , , , , , , , , , , , , , , , , , , , , , , , , , , , , , , , , , , , , , , , , , , , , , , , , , , , , , , , , , , , , , ,3, , ,2, , , , , , , , , ,3, , , , , , , , , , , , , , , , , , , , , , , , , , , , , , , , , , , , , ,2/7/2024,2/7/2024,1
1202401,2,.779504916991497,8030530,3,2,3,3,3,2,1,1,3, , , , , , , , , , , , , , , , , , , , , , , , , , , , , , , , , ,3,2,4, , , , , , , , , , , , , , , , , , , , , , , , , , , , , , , , , , , , , , , , , , , , , , , , , , , , , , , , , , , , , , , , , , , , , , , , , , , , , , , , , , , , , , , , , , , , , , , , , , , , , , , , , , , , , , , , , , , , , , , , , , ,3, ,4, ,4, ,4, ,2, ,2, , ,8,8,3,2,2,1,2,1,2,1,1,2,2,2,1,1,1,1,1,2,1,1,2, , ,7,99,2, , , ,1, ,2,5,2, ,1,1,1,1,1,2,1,1,2,2,2,2,1,2,2,2,4, , , , , ,4,2,2,4, , , ,2, , , , , , , , , , ,2, , ,1,2, , , , , , , , , , , , , , , , , , , , , , , , , , , , , , , , , , , , , , , , , , , , , , , , , , , , , , , , , , , , , , , , , , , , , , , , , , , , , , , , , , , , , , , , , , , , , , , , , , , , , , , , , , , , , , , , ,2, ,24, , , , , , , , , , , , , , , , , , , , , , , , , , , , , , , , , , , , , , , ,10, , , , , , , , , , , , , , , , , , , , , , , , , , , , , , , , , ,5, , , , , , ,98,1, , , , , , , , , , , , , , , , , , , , , , , , , , , , , , , , , , , , , , , , , , , , , , , , , , , , , , , , , , , , , , , , , , , ,6,5, , , , ,2, , , , , , , , , , , , , , , , , , , , , , , , , , , , , , , , , , , , , , , , , , , , , , , , , , , , , , , , , , , , , , ,8, , , ,1, , , , , , , , ,10, , , , , , , , , , , , , , , , , , , , , , , , , , , , , , , , , , , , , ,4/19/2024,4/19/2024,1
1202401,2,.347054855044005,8030608,2,2,2,3,3,2,2,2,4, , , , , , , , , , , , , , , , , , , , , , , , , , , , , , , , , ,3,4,3, , , , , , , , , , , , , , , , , , , , , , , , , , , , , , , , , , , , , , , , , , , , , , , , , , , , , , , , , , , , , , , , , , , , , , , , , , , , , , , , , , , , , , , , , , , , , , , , , , , , , , , , , , , , , , , , , , , , , , , , , , ,2, ,4, ,4, ,4, ,3, ,2, , ,8,3,2,2,2,1,1,1,1,1,1,1,1,1,1,1,2,1,1,2,1,1,2, , ,7,99,3, , , ,2, ,4,7,7, ,2,1,2,2,2,2,2,2,2,2,2,2,2,8,8,8,4, , , , , ,4,4,3,4, , , ,3, , , , , , , , , , ,2, , ,2,2, , , , , , , , , , , , , , , , , , , , , , , , , , , , , , , , , , , , , , , , , , , , , , , , , , , , , , , , , , , , , , , , , , , , , , , , , , , , , , , , , , , , , , , , , , , , , , , , , , , , , , , , , , , , , , , , ,1, ,65, , , , , , , , , , , , , , , , , , , , , , , , , , , , , , , , , , , , , , , ,10, , , , , , , , , , , , , , , , , , , , , , , , , , , , , , , , , ,3, , , , , , ,3, , , , , , , , , , , , , , , , , , , , , , , , , , , , , , , , , , , , , , , , , , , , , , , , , , , , , , , , , , , , , , , , , , , , ,1, , , , , ,4, , , , , , , , , , , , , , , , , , , , , , , , , , , , , , , , , , , , , , , , , , , , , , , , , , , , , , , , , , , , , , ,3, , , ,2, , , , , , , , ,3, , , , , , , , , , , , , , , , , , , , , , , , , , , , , , , , , , , , , ,4/18/2024,4/18/2024,1
1202401,2,2.24058169899315,8030732,4,2,3,2,2,2,2,2,4, , , , , , , , , , , , , , , , , , , , , , , , , , , , , , , , , ,3,3,3, , , , , , , , , , , , , , , , , , , , , , , , , , , , , , , , , , , , , , , , , , , , , , , , , , , , , , , , , , , , , , , , , , , , , , , , , , , , , , , , , , , , , , , , , , , , , , , , , , , , , , , , , , , , , , , , , , , , , , , , , , ,2, ,4, ,4, ,2, ,2, ,4, , ,3,2,3,2,2,1,1,1,2,3,1,1,1,1,1,1,1,3,2,1,1,1,2, , ,1,2,99, , , ,2, ,3,4,5, ,2,4,2,2,2,2,2,2,2,2,2,2,2,2,2,2,3, , , , , ,1,1,1,3, , , ,3, , , , , , , , , , ,2, , ,3,2, , , , , , , , , , , , , , , , , , , , , , , , , , , , , , , , , , , , , , , , , , , , , , , , , , , , , , , , , , , , , , , , , , , , , , , , , , , , , , , , , , , , , , , , , , , , , , , , , , , , , , , , , , , , , , , , ,2, ,79, , , , , , , , , , , , , , , , , , , , , , , , , , , , , , , , , , , , , , , ,6, , , , , , , , , , , , , , , , , , , , , , , , , , , , , , , , , ,3, , , , , , ,2, , , , , , , , , , , , , , , , , , , , , , , , , , , , , , , , , , , , , , , , , , , , , , , , , , , , , , , , , , , , , , , , , , , , ,2,2, , , , ,1, , , , , , , , , , , , , , , , , , , , , , , , , , , , , , , , , , , , , , , , , , , , , , , , , , , , , , , , , , , , , , ,6, , , ,2, , , , , , , , ,9, , , , , , , , , , , , , , , , , , , , , , , , , , , , , , , , , , , , , ,4/19/2024,4/19/2024,1
1202401,2,1.08806565819692,8031115,4,2,3,4,4,8,4,3,4, , , , , , , , , , , , , , , , , , , , , , , , , , , , , , , , , ,4,1,4, , , , , , , , , , , , , , , , , , , , , , , , , , , , , , , , , , , , , , , , , , , , , , , , , , , , , , , , , , , , , , , , , , , , , , , , , , , , , , , , , , , , , , , , , , , , , , , , , , , , , , , , , , , , , , , , , , , , , , , , , , ,3, ,4, ,4, ,4, ,8, ,1, , ,2,2,2,2,2,1,2,2,2,4,1,1,2,1,2,1,1,2,2,2,3,2,4, , ,1,2,99, , , ,2, ,2,6,6, ,1,1,2,2,2,1,2,2,2,2,2,2,1,1,2,2,2, , , , , ,4,3,1,4, , , ,4, , , , , , , , , , ,2, , ,1,2, , , , , , , , , , , , , , , , , , , , , , , , , , , , , , , , , , , , , , , , , , , , , , , , , , , , , , , , , , , , , , , , , , , , , , , , , , , , , , , , , , , , , , , , , , , , , , , , , , , , , , , , , , , , , , , , ,2, ,70, , , , , , , , , , , , , , , , , , , , , , , , , , , , , , , , , , , , , , , ,6, , , , , , , , , , , , , , , , , , , , , , , , , , , , , , , , , ,3, , , , , , ,5, , , , , , , , , , , , , , , , , , , , , , , , , , , , , , , , , , , , , , , , , , , , , , , , , , , , , , , , , , , , , , , , , , , , ,2,2, , , , ,2, , , , , , , , , , , , , , , , , , , , , , , , , , , , , , , , , , , , , , , , , , , , , , , , , , , , , , , , , , , , , , ,4, , , ,1, , , , , , , , ,9, , , , , , , , , , , , , , , , , , , , , , , , , , , , , , , , , , , , , ,1/27/2024,1/27/2024,1
1202401,2,1.08806565819692,8031492,2,2,4,9,3,9,9,9,9, , , , , , , , , , , , , , , , , , , , , , , , , , , , , , , , , ,3,2,2, , , , , , , , , , , , , , , , , , , , , , , , , , , , , , , , , , , , , , , , , , , , , , , , , , , , , , , , , , , , , , , , , , , , , , , , , , , , , , , , , , , , , , , , , , , , , , , , , , , , , , , , , , , , , , , , , , , , , , , , , , ,4, ,4, ,3, ,4, ,9, ,4, , ,9,4,4,4,4,4,3,8,4,3,8,1,2,1,1,2,2,8,8,1,1,8,3, , ,99,99,99, , , ,2, ,1,2,1, ,1,1,1,2,9,1,2,2,1,2,2,2,1,1,1,2,2, , , , , ,1,2,9,2,9, , ,9, , , , , , , , , , ,2, , ,2,2, , , , , , , , , , , , , , , , , , , , , , , , , , , , , , , , , , , , , , , , , , , , , , , , , , , , , , , , , , , , , , , , , , , , , , , , , , , , , , , , , , , , , , , , , , , , , , , , , , , , , , , , , , , , , , , , ,2, ,60, , , , , , , , , , , , , , , , , , , , , , , , , , , , , , , , , , , , , , , ,6, , , , , , , , , , , , , , , , , , , , , , , , , , , , , , , , , ,2, , , , , , ,99,9, , , , , , , , , , , , , , , , , , , , , , , , , , , , , , , , , , , , , , , , , , , , , , , , , , , , , , , , , , , , , , , , , , , ,2,2, , , , ,99, , , , , , , , , , , , , , , , , , , , , , , , , , , , ,1, , , , ,2, , , , , , , , , , , , , , , , , , , , , , , , , , , , ,9, , , ,1, , , , , , , , ,9, , , , , , , , , , , , , , , , , , , , , , , , , , , , , , , , , , , , , ,2/7/2024,2/7/2024,1
1202401,2,1.00624227782038,8031705,3,2,3,3,3,2,3,8,3, , , , , , , , , , , , , , , , , , , , , , , , , , , , , , , , , ,3,3,8, , , , , , , , , , , , , , , , , , , , , , , , , , , , , , , , , , , , , , , , , , , , , , , , , , , , , , , , , , , , , , , , , , , , , , , , , , , , , , , , , , , , , , , , , , , , , , , , , , , , , , , , , , , , , , , , , , , , , , , , , , ,3, ,4, ,4, ,4, ,2, ,2, , ,8,3,8,8,8,1,1,2,2,1,1,2,1,3,1,1,4,2,1,2,4,1,2, , ,1,1,99, , , ,2, ,3,6,3, ,1,2,2,2,1,2,1,1,2,2,2,2,1,1,1,1,4, , , , , ,4,3,3,4, , , ,2, , , , , , , , , , ,2, , ,1,2, , , , , , , , , , , , , , , , , , , , , , , , , , , , , , , , , , , , , , , , , , , , , , , , , , , , , , , , , , , , , , , , , , , , , , , , , , , , , , , , , , , , , , , , , , , , , , , , , , , , , , , , , , , , , , , , ,2, ,64, , , , , , , , , , , , , , , , , , , , , , , , , , , , , , , , , , , , , , , ,7, , , , , , , , , , , , , , , , , , , , , , , , , , , , , , , , , ,2, , , , , , ,9, , , , , , , , , , , , , , , , , , , , , , , , , , , , , , , , , , , , , , , , , , , , , , , , , , , , , , , , , , , , , , , , , , , , ,3,2, , , , ,98, , , , , , , , , , , , , , , , , , , , , , , , , , , , ,2, , , , , , , , , , , , , , , , , , , , , , , , , , , , , , , , , ,3, , ,2, , , , , , , , , ,3, , , , , , , , , , , , , , , , , , , , , , , , , , , , , , , , , , , , , ,2/14/2024,2/14/2024,1
1202401,2,.258625757265398,8031861,2,1,1,3,2,2,2,3,4, , , , , , , , , , , , , , , , , , , , , , , , , , , , , , , , , ,2,3,2, , , , , , , , , , , , , , , , , , , , , , , , , , , , , , , , , , , , , , , , , , , , , , , , , , , , , , , , , , , , , , , , , , , , , , , , , , , , , , , , , , , , , , , , , , , , , , , , , , , , , , , , , , , , , , , , , , , , , , , , , , ,2, ,4, ,2, ,4, ,3, ,2, , ,2,2,2,3,3,2,3,2,2,2,1,2,2,2,1,1,3,2,2,3,2,2,3, , ,7,99,1, , , ,2, ,3,7,7, ,2,4,2,2,2,2,2,2,2,2,2,2,2,1,2,1,4, , , , , ,2,3,4,4, , , ,3, , , , , , , , , , ,2, , ,2,1, , , , , , , , , , , , , , , , , , , , , , , , , , , , , , , , , , , , , , , , , , , , , , , , , , , , , , , , , , , , , , , , , , , , , , , , , , , , , , , , , , , , , , , , , , , , , , , , , , , , , , , , , , , , , , , , ,1, ,47, , , , , , , , , , , , , , , , , , , , , , , , , , , , , , , , , , , , , , , ,10, , , , , , , , , , , , , , , , , , , , , , , , , , , , , , , , , ,3, , , , , , ,4, , , , , , , , , , , , , , , , , , , , , , , , , , , , , , , , , , , , , , , , , , , , , , , , , , , , , , , , , , , , , , , , , , , , ,1, , , , , ,3, , , , , , , , , , , , , , , , , , , , , , , , , , , , , , , , , , , , , , , , , , , , , , , , , , , , , , , , , , , , , , ,3, , ,2, , , , , , , , , ,3, , , , , , , , , , , , , , , , , , , , , , , , , , , , , , , , , , , , , ,2/17/2024,2/17/2024,1
1202401,2,2.42704259907372,8032058,3,2,3,3,9,2,8,9,9, , , , , , , , , , , , , , , , , , , , , , , , , , , , , , , , , ,3,3,3, , , , , , , , , , , , , , , , , , , , , , , , , , , , , , , , , , , , , , , , , , , , , , , , , , , , , , , , , , , , , , , , , , , , , , , , , , , , , , , , , , , , , , , , , , , , , , , , , , , , , , , , , , , , , , , , , , , , , , , , , , ,3, ,3, ,9, ,9, ,9, ,2, , ,9,9,9,9,9,1,1,1,1,1,1,1,2,3,3,2,4,1,1,2,1,1,2, , ,1,99,99, , , ,1, ,1,3,1, ,1,1,1,2,1,2,2,2,1,2,2,2,1,1,1,1,3, , , , , ,4,2,9,3, , , ,3, , , , , , , , , , ,2, , ,2,9, , , , , , , , , , , , , , , , , , , , , , , , , , , , , , , , , , , , , , , , , , , , , , , , , , , , , , , , , , , , , , , , , , , , , , , , , , , , , , , , , , , , , , , , , , , , , , , , , , , , , , , , , , , , , , , , ,2, ,45, , , , , , , , , , , , , , , , , , , , , , , , , , , , , , , , , , , , , , , ,6, , , , , , , , , , , , , , , , , , , , , , , , , , , , , , , , , ,4, , , , , , ,3, , , , , , , , , , , , , , , , , , , , , , , , , , , , , , , , , , , , , , , , , , , , , , , , , , , , , , , , , , , , , , , , , , , , ,3,3, , , , ,99, , , , , , , , , , , , , , , , , , , , , , , , , , , , ,2, , , , , , , , , , , , , , , , , , , , , , , , , , , , , , , , , ,9, , ,2, , , , , , , , , ,1, , , , , , , , , , , , , , , , , , , , , , , , , , , , , , , , , , , , , ,2/1/2024,2/1/2024,2
1202401,2,1.27627098730338,8032226,2,2,2,2,3,2,2,2,4, , , , , , , , , , , , , , , , , , , , , , , , , , , , , , , , , ,3,2,4, , , , , , , , , , , , , , , , , , , , , , , , , , , , , , , , , , , , , , , , , , , , , , , , , , , , , , , , , , , , , , , , , , , , , , , , , , , , , , , , , , , , , , , , , , , , , , , , , , , , , , , , , , , , , , , , , , , , , , , , , , ,2, ,3, ,3, ,4, ,2, ,2, , ,2,2,2,2,2,4,2,2,1,3,1,2,2,2,1,1,1,2,1,1,2,2,2, , ,1,1,99, , , ,2, ,2,4,7, ,1,2,2,2,2,1,1,1,2,2,1,2,1,1,1,1,4, , , , , ,2,2,2,2,2, , ,3, , , , , , , , , , ,1, , ,2,2, , , , , , , , , , , , , , , , , , , , , , , , , , , , , , , , , , , , , , , , , , , , , , , , , , , , , , , , , , , , , , , , , , , , , , , , , , , , , , , , , , , , , , , , , , , , , , , , , , , , , , , , , , , , , , , , ,1, ,73, , , , , , , , , , , , , , , , , , , , , , , , , , , , , , , , , , , , , , , ,8, , , , , , , , , , , , , , , , , , , , , , , , , , , , , , , , , ,2, , , , , , ,2, , , , , , , , , , , , , , , , , , , , , , , , , , , , , , , , , , , , , , , , , , , , , , , , , , , , , , , , , , , , , , , , , , , , ,1, , , , , ,97, , , , , , , , , , , , , , , , , , , , , , , , , , , , ,2, , , , , , , , , , , , , , , , , , , , , , , , , , , , , , , , , ,8, , ,2, , , , , , , , , ,3, , , , , , , , , , , , , , , , , , , , , , , , , , , , , , , , , , , , , ,2/6/2024,2/6/2024,2
1202401,2,1.16747244293022,8032401,3,1,2,4,4,1,1,1,4, , , , , , , , , , , , , , , , , , , , , , , , , , , , , , , , , ,4,1,4, , , , , , , , , , , , , , , , , , , , , , , , , , , , , , , , , , , , , , , , , , , , , , , , , , , , , , , , , , , , , , , , , , , , , , , , , , , , , , , , , , , , , , , , , , , , , , , , , , , , , , , , , , , , , , , , , , , , , , , , , , ,2, ,4, ,4, ,4, ,2, ,1, , ,2,2,2,1,1,3,4,3,3,3,1,1,1,2,1,1,1,2,3,3,3,3,2, , ,7,99,3, , , ,1, ,3,7,6, ,1,1,2,2,2,2,2,2,2,2,2,2,1,1,1,1,4, , , , , ,4,2,2,4, , , ,3, , , , , , , , , , ,2, , ,1,2, , , , , , , , , , , , , , , , , , , , , , , , , , , , , , , , , , , , , , , , , , , , , , , , , , , , , , , , , , , , , , , , , , , , , , , , , , , , , , , , , , , , , , , , , , , , , , , , , , , , , , , , , , , , , , , , ,2, ,54, , , , , , , , , , , , , , , , , , , , , , , , , , , , , , , , , , , , , , , ,10, , , , , , , , , , , , , , , , , , , , , , , , , , , , , , , , , ,2, , , , , , ,11, , , , , , , , , , , , , , , , , , , , , , , , , , , , , , , , , , , , , , , , , , , , , , , , , , , , , , , , , , , , , , , , , , , , ,3,3, , , , ,2, , , , , , , , , , , , , , , , , , , , , , , , , , , , , , , , , , , , , , , , , , , , , , , , , , , , , , , , , , , , , , ,5, , ,2, , , , , , , , , ,8, , , , , , , , , , , , , , , , , , , , , , , , , , , , , , , , , , , , , ,1/31/2024,1/31/2024,2
1202401,2,1.00226768563144,8032600,4,2,2,4,4,4,2,8,4, , , , , , , , , , , , , , , , , , , , , , , , , , , , , , , , , ,4,4,8, , , , , , , , , , , , , , , , , , , , , , , , , , , , , , , , , , , , , , , , , , , , , , , , , , , , , , , , , , , , , , , , , , , , , , , , , , , , , , , , , , , , , , , , , , , , , , , , , , , , , , , , , , , , , , , , , , , , , , , , , , ,4, ,4, ,4, ,4, ,4, ,4, , ,8,8,4,4,4,1,2,1,1,1,1,1,1,2,1,1,1,1,1,1,2,1,2, , ,99,99,99, , , ,2, ,1,1,2, ,1,1,1,2,1,2,2,2,1,2,2,1,1,2,1,8,1, , , , , ,3,3,1,1,1, , ,3, , , , , , , , , , ,2, , ,1,8, , , , , , , , , , , , , , , , , , , , , , , , , , , , , , , , , , , , , , , , , , , , , , , , , , , , , , , , , , , , , , , , , , , , , , , , , , , , , , , , , , , , , , , , , , , , , , , , , , , , , , , , , , , , , , , , ,2, ,61, , , , , , , , , , , , , , , , , , , , , , , , , , , , , , , , , , , , , , , ,10, , , , , , , , , , , , , , , , , , , , , , , , , , , , , , , , , ,4, , , , , , ,99,1, , , , , , , , , , , , , , , , , , , , , , , , , , , , , , , , , , , , , , , , , , , , , , , , , , , , , , , , , , , , , , , , , , , ,1, , , , , ,1, , , , , , , , , , , , , , , , , , , , , , , , , , , , , , , , , , , , , , , , , , , , , , , , , , , , , , , , , , , , , , ,4, , ,2, , , , , , , , , ,3, , , , , , , , , , , , , , , , , , , , , , , , , , , , , , , , , , , , , ,2/10/2024,2/10/2024,2
1202401,2,1.59716833481789,8032744,3,2,2,1,3,2,2,1,3, , , , , , , , , , , , , , , , , , , , , , , , , , , , , , , , , ,4,2,3, , , , , , , , , , , , , , , , , , , , , , , , , , , , , , , , , , , , , , , , , , , , , , , , , , , , , , , , , , , , , , , , , , , , , , , , , , , , , , , , , , , , , , , , , , , , , , , , , , , , , , , , , , , , , , , , , , , , , , , , , , ,2, ,4, ,4, ,4, ,2, ,2, , ,2,3,2,2,2,1,2,2,2,1,1,1,1,2,2,2,1,1,3,3,1,1,2, , ,1,2,99, , , ,2, ,1,5,9, ,1,2,1,1,1,8,1,1,2,2,2,2,1,2,1,1,2, , , , , ,2,4,2,4, , , ,2, , , , , , , , , , ,2, , ,2,2, , , , , , , , , , , , , , , , , , , , , , , , , , , , , , , , , , , , , , , , , , , , , , , , , , , , , , , , , , , , , , , , , , , , , , , , , , , , , , , , , , , , , , , , , , , , , , , , , , , , , , , , , , , , , , , , ,1, ,52, , , , , , , , , , , , , , , , , , , , , , , , , , , , , , , , , , , , , , , ,9, , , , , , , , , , , , , , , , , , , , , , , , , , , , , , , , , ,4, , , , , , ,5, , , , , , , , , , , , , , , , , , , , , , , , , , , , , , , , , , , , , , , , , , , , , , , , , , , , , , , , , , , , , , , , , , , , ,1, , , , , ,99, , , , , , , , , , , , , , , , , , , , , , , , , , , , ,1, , , , ,99, , , , , , , , , , , , , , , , , , , , , , , , , , , , ,3, , ,2, , , , , , , , , ,6, , , , , , , , , , , , , , , , , , , , , , , , , , , , , , , , , , , , , ,1/27/2024,1/27/2024,2
1202401,2,.858611338420029,8032752,2,2,2,2,3,1,2,2,4, , , , , , , , , , , , , , , , , , , , , , , , , , , , , , , , , ,2,4,1, , , , , , , , , , , , , , , , , , , , , , , , , , , , , , , , , , , , , , , , , , , , , , , , , , , , , , , , , , , , , , , , , , , , , , , , , , , , , , , , , , , , , , , , , , , , , , , , , , , , , , , , , , , , , , , , , , , , , , , , , , ,2, ,4, ,3, ,4, ,2, ,2, , ,2,2,2,1,2,3,3,2,2,1,1,2,1,1,2,1,3,1,1,4,1,3,3, , ,7,99,3, , , ,1, ,4,7,7, ,2,4,2,2,2,2,2,2,2,2,2,2,2,2,2,1,4, , , , , ,4,4,1,4, , , ,1, , , , , , , , , , ,2, , ,1,2, , , , , , , , , , , , , , , , , , , , , , , , , , , , , , , , , , , , , , , , , , , , , , , , , , , , , , , , , , , , , , , , , , , , , , , , , , , , , , , , , , , , , , , , , , , , , , , , , , , , , , , , , , , , , , , , ,2, ,35, , , , , , , , , , , , , , , , , , , , , , , , , , , , , , , , , , , , , , , ,10, , , , , , , , , , , , , , , , , , , , , , , , , , , , , , , , , ,2, , , , , , ,11, , , , , , , , , , , , , , , , , , , , , , , , , , , , , , , , , , , , , , , , , , , , , , , , , , , , , , , , , , , , , , , , , , , , ,3,2, , , , ,3, , , , , , , , , , , , , , , , , , , , , , , , , , , , , , , , , , , , , , , , , , , , , , , , , , , , , , , , , , , , , , ,2, , ,2, , , , , , , , , ,2, , , , , , , , , , , , , , , , , , , , , , , , , , , , , , , , , , , , , ,1/31/2024,1/31/2024,2
1202401,2,1.71425626670406,8033289,3,2,3,3,4,2,2,2,4, , , , , , , , , , , , , , , , , , , , , , , , , , , , , , , , , ,3,3,2, , , , , , , , , , , , , , , , , , , , , , , , , , , , , , , , , , , , , , , , , , , , , , , , , , , , , , , , , , , , , , , , , , , , , , , , , , , , , , , , , , , , , , , , , , , , , , , , , , , , , , , , , , , , , , , , , , , , , , , , , , ,2, ,4, ,2, ,4, ,2, ,2, , ,2,2,2,2,3,1,2,2,2,1,1,1,1,2,1,1,3,2,2,3,1,1,2, , ,1,2,99, , , ,2, ,1,3,2, ,1,1,2,2,1,2,2,2,1,2,2,1,1,1,1,1,4, , , , , ,3,4,1,4, , , ,3, , , , , , , , , , ,3, , ,3,2, , , , , , , , , , , , , , , , , , , , , , , , , , , , , , , , , , , , , , , , , , , , , , , , , , , , , , , , , , , , , , , , , , , , , , , , , , , , , , , , , , , , , , , , , , , , , , , , , , , , , , , , , , , , , , , , ,1, ,25, , , , , , , , , , , , , , , , , , , , , , , , , , , , , , , , , , , , , , , ,6, , , , , , , , , , , , , , , , , , , , , , , , , , , , , , , , , ,4, , , , , , ,3, , , , , , , , , , , , , , , , , , , , , , , , , , , , , , , , , , , , , , , , , , , , , , , , , , , , , , , , , , , , , , , , , , , , ,2,2, , , , ,3, , , , , , , , , , , , , , , , , , , , , , , , , , , , , , , , , , , , , , , , , , , , , , , , , , , , , , , , , , , , , , ,2, , ,2, , , , , , , , , ,10, , , , , , , , , , , , , , , , , , , , , , , , , , , , , , , , , , , , , ,2/6/2024,2/6/2024,2
1202401,2,.553228439389457,8033367,2,1,3,1,4,2,1,8,8, , , , , , , , , , , , , , , , , , , , , , , , , , , , , , , , , ,2,2,3, , , , , , , , , , , , , , , , , , , , , , , , , , , , , , , , , , , , , , , , , , , , , , , , , , , , , , , , , , , , , , , , , , , , , , , , , , , , , , , , , , , , , , , , , , , , , , , , , , , , , , , , , , , , , , , , , , , , , , , , , , ,4, ,1, ,4, ,4, ,2, ,2, , ,3,2,4,4,4,1,2,2,2,2,1,1,1,2,2,1,4,2,4,4,2,8,3, , ,1,1,99, , , ,2, ,1,5,5, ,1,4,1,2,2,2,2,2,2,2,2,1,1,1,1,1,2, , , , , ,4,4,4,4, , , ,2, , , , , , , , , , ,2, , ,1,2, , , , , , , , , , , , , , , , , , , , , , , , , , , , , , , , , , , , , , , , , , , , , , , , , , , , , , , , , , , , , , , , , , , , , , , , , , , , , , , , , , , , , , , , , , , , , , , , , , , , , , , , , , , , , , , , ,1, ,47, , , , , , , , , , , , , , , , , , , , , , , , , , , , , , , , , , , , , , , ,10, , , , , , , , , , , , , , , , , , , , , , , , , , , , , , , , , ,2, , , , , , ,11, , , , , , , , , , , , , , , , , , , , , , , , , , , , , , , , , , , , , , , , , , , , , , , , , , , , , , , , , , , , , , , , , , , , ,4,2, , , , ,1, , , , , , , , , , , , , , , , , , , , , , , , , , , , , , , , , , , , , , , , , , , , , , , , , , , , , , , , , , , , , , ,4, , ,2, , , , , , , , , ,3, , , , , , , , , , , , , , , , , , , , , , , , , , , , , , , , , , , , , ,4/20/2024,4/20/2024,2
1202401,2,2.43256932414706,8033400,1,2,2,4,4,1,4,1,4, , , , , , , , , , , , , , , , , , , , , , , , , , , , , , , , , ,1,4,2, , , , , , , , , , , , , , , , , , , , , , , , , , , , , , , , , , , , , , , , , , , , , , , , , , , , , , , , , , , , , , , , , , , , , , , , , , , , , , , , , , , , , , , , , , , , , , , , , , , , , , , , , , , , , , , , , , , , , , , , , , ,1, ,4, ,4, ,4, ,2, ,1, , ,1,1,2,1,2,1,1,1,1,1,1,1,2,1,1,1,3,1,1,2,3,1,3, , ,1,2,99, , , ,1, ,3,6,3, ,1,2,1,1,1,2,1,1,2,2,2,2,1,2,2,2,4, , , , , ,4,4,4,4, , , ,4, , , , , , , , , , ,2, , ,1,2, , , , , , , , , , , , , , , , , , , , , , , , , , , , , , , , , , , , , , , , , , , , , , , , , , , , , , , , , , , , , , , , , , , , , , , , , , , , , , , , , , , , , , , , , , , , , , , , , , , , , , , , , , , , , , , , ,2, ,59, , , , , , , , , , , , , , , , , , , , , , , , , , , , , , , , , , , , , , , ,9, , , , , , , , , , , , , , , , , , , , , , , , , , , , , , , , , ,4, , , , , , ,1, , , , , , , , , , , , , , , , , , , , , , , , , , , , , , , , , , , , , , , , , , , , , , , , , , , , , , , , , , , , , , , , , , , , ,1, , , , , ,1, , , , , , , , , , , , , , , , , , , , , , , , , , , , , , , , , , , , , , , , , , , , , , , , , , , , , , , , , , , , , , ,2, , ,2, , , , , , , , , ,8, , , , , , , , , , , , , , , , , , , , , , , , , , , , , , , , , , , , , ,2/3/2024,2/3/2024,2
1202401,2,1.23417891857994,8033753,4,2,3,2,4,3,4,3,3, , , , , , , , , , , , , , , , , , , , , , , , , , , , , , , , , ,4,1,4, , , , , , , , , , , , , , , , , , , , , , , , , , , , , , , , , , , , , , , , , , , , , , , , , , , , , , , , , , , , , , , , , , , , , , , , , , , , , , , , , , , , , , , , , , , , , , , , , , , , , , , , , , , , , , , , , , , , , , , , , , ,3, ,2, ,3, ,2, ,4, ,3, , ,3,3,3,2,1,2,3,3,2,1,1,1,1,3,3,2,3,3,3,2,1,2,2, , ,1,99,99, , , ,1, ,1,3,2, ,1,1,2,2,2,9,2,2,2,1,2,2,1,1,9,2,2, , , , , ,2,2,1,1,1, , ,4, , , , , , , , , , ,2, , ,1,2, , , , , , , , , , , , , , , , , , , , , , , , , , , , , , , , , , , , , , , , , , , , , , , , , , , , , , , , , , , , , , , , , , , , , , , , , , , , , , , , , , , , , , , , , , , , , , , , , , , , , , , , , , , , , , , , ,1, ,54, , , , , , , , , , , , , , , , , , , , , , , , , , , , , , , , , , , , , , , ,6, , , , , , , , , , , , , , , , , , , , , , , , , , , , , , , , , ,4, , , , , , ,8, , , , , , , , , , , , , , , , , , , , , , , , , , , , , , , , , , , , , , , , , , , , , , , , , , , , , , , , , , , , , , , , , , , , ,3,3, , , , ,2, , , , , , , , , , , , , , , , , , , , , , , , , , , , , , , , , , , , , , , , , , , , , , , , , , , , , , , , , , , , , , ,4, , ,2, , , , , , , , , ,2, , , , , , , , , , , , , , , , , , , , , , , , , , , , , , , , , , , , , ,2/4/2024,2/4/2024,2
1202401,2,.36660631566998,8033811,3,2,2,2,3,4,4,1,3, , , , , , , , , , , , , , , , , , , , , , , , , , , , , , , , , ,4,2,3, , , , , , , , , , , , , , , , , , , , , , , , , , , , , , , , , , , , , , , , , , , , , , , , , , , , , , , , , , , , , , , , , , , , , , , , , , , , , , , , , , , , , , , , , , , , , , , , , , , , , , , , , , , , , , , , , , , , , , , , , , ,2, ,2, ,3, ,3, ,4, ,2, , ,3,3,2,2,2,1,2,2,3,4,2,1,2,2,1,2,2,1,3,4,2,2,3, , ,1,2,99, , , ,2, ,1,4,1, ,1,1,2,2,2,2,2,2,2,2,2,2,1,1,1,1,4, , , , , ,3,2,3,3, , , ,3, , , , , , , , , , ,1, , ,2,2, , , , , , , , , , , , , , , , , , , , , , , , , , , , , , , , , , , , , , , , , , , , , , , , , , , , , , , , , , , , , , , , , , , , , , , , , , , , , , , , , , , , , , , , , , , , , , , , , , , , , , , , , , , , , , , , ,1, ,60, , , , , , , , , , , , , , , , , , , , , , , , , , , , , , , , , , , , , , , ,11, , , , , , , , , , , , , , , , , , , , , , , , , , , , , , , , , ,2, , , , , , ,11, , , , , , , , , , , , , , , , , , , , , , , , , , , , , , , , , , , , , , , , , , , , , , , , , , , , , , , , , , , , , , , , , , , , ,1, , , , , ,2, , , , , , , , , , , , , , , , , , , , , , , , , , , , , , , , , , , , , , , , , , , , , , , , , , , , , , , , , , , , , , ,4, , ,2, , , , , , , , , ,9, , , , , , , , , , , , , , , , , , , , , , , , , , , , , , , , , , , , , ,2/13/2024,2/13/2024,2
1202401,2,.776948461058335,8033906,4,2,2,2,4,2,2,2,4, , , , , , , , , , , , , , , , , , , , , , , , , , , , , , , , , ,2,2,2, , , , , , , , , , , , , , , , , , , , , , , , , , , , , , , , , , , , , , , , , , , , , , , , , , , , , , , , , , , , , , , , , , , , , , , , , , , , , , , , , , , , , , , , , , , , , , , , , , , , , , , , , , , , , , , , , , , , , , , , , , ,2, ,4, ,4, ,4, ,8, ,2, , ,2,2,1,1,2,2,3,2,4,3,1,1,1,1,1,2,1,2,1,2,1,3,3, , ,1,2,99, , , ,2, ,2,3,4, ,1,3,1,2,2,2,1,2,2,2,2,2,1,1,1,2,2, , , , , ,3,2,2,2,2, , ,3, , , , , , , , , , ,1, , ,2,2, , , , , , , , , , , , , , , , , , , , , , , , , , , , , , , , , , , , , , , , , , , , , , , , , , , , , , , , , , , , , , , , , , , , , , , , , , , , , , , , , , , , , , , , , , , , , , , , , , , , , , , , , , , , , , , , ,1, ,99, , , , ,4, , , , , , , , , , , , , , , , , , , , , , , , , , , , , , , , , , ,99, , , , , , , , , , , , , , , , , , , , , , , , , , , , , , , , , ,4, , , , , , ,99,9, , , , , , , , , , , , , , , , , , , , , , , , , , , , , , , , , , , , , , , , , , , , , , , , , , , , , , , , , , , , , , , , , , , ,2,2, , , , ,97, , , , , , , , , , , , , , , , , , , , , , , , , , , , ,2, , , , , , , , , , , , , , , , , , , , , , , , , , , , , , , , , ,3, , ,2, , , , , , , , , ,9, , , , , , , , , , , , , , , , , , , , , , , , , , , , , , , , , , , , , ,1/30/2024,1/30/2024,2
1202401,2,.352373213466759,8033923,3,2,2,1,3,1,2,1,3, , , , , , , , , , , , , , , , , , , , , , , , , , , , , , , , , ,2,1,2, , , , , , , , , , , , , , , , , , , , , , , , , , , , , , , , , , , , , , , , , , , , , , , , , , , , , , , , , , , , , , , , , , , , , , , , , , , , , , , , , , , , , , , , , , , , , , , , , , , , , , , , , , , , , , , , , , , , , , , , , , ,1, ,2, ,2, ,4, ,1, ,2, , ,2,1,2,2,2,2,2,1,1,3,1,1,1,2,1,1,2,2,2,2,3,2,3, , ,1,1,99, , , ,2, ,1,3,5, ,1,2,2,2,1,2,1,8,2,1,2,1,1,1,1,2,1, , , , , ,2,2,1,2,2, , ,4, , , , , , , , , , ,1, , ,2,2, , , , , , , , , , , , , , , , , , , , , , , , , , , , , , , , , , , , , , , , , , , , , , , , , , , , , , , , , , , , , , , , , , , , , , , , , , , , , , , , , , , , , , , , , , , , , , , , , , , , , , , , , , , , , , , , ,1, ,66, , , , , , , , , , , , , , , , , , , , , , , , , , , , , , , , , , , , , , , ,11, , , , , , , , , , , , , , , , , , , , , , , , , , , , , , , , , ,2, , , , , , ,9, , , , , , , , , , , , , , , , , , , , , , , , , , , , , , , , , , , , , , , , , , , , , , , , , , , , , , , , , , , , , , , , , , , , ,3,3, , , , ,2, , , , , , , , , , , , , , , , , , , , , , , , , , , , , , , , , , , , , , , , , , , , , , , , , , , , , , , , , , , , , , ,4, , ,1, , , , , , , , , ,9, , , , , , , , , , , , , , , , , , , , , , , , , , , , , , , , , , , , , ,2/6/2024,2/6/2024,2
1202401,2,.918258513413267,8033939,3,2,4,4,3,3,2,2,4, , , , , , , , , , , , , , , , , , , , , , , , , , , , , , , , , ,2,4,2, , , , , , , , , , , , , , , , , , , , , , , , , , , , , , , , , , , , , , , , , , , , , , , , , , , , , , , , , , , , , , , , , , , , , , , , , , , , , , , , , , , , , , , , , , , , , , , , , , , , , , , , , , , , , , , , , , , , , , , , , , ,2, ,4, ,3, ,4, ,3, ,2, , ,2,3,3,3,3,1,1,1,1,1,1,2,2,1,1,1,1,1,1,2,1,1,2, , ,7,99,1, , , ,1, ,4,7,7, ,2,4,2,2,2,2,2,2,2,2,2,2,2,2,2,1,4, , , , , ,4,4,4,4, , , ,3, , , , , , , , , , ,3, , ,1,2, , , , , , , , , , , , , , , , , , , , , , , , , , , , , , , , , , , , , , , , , , , , , , , , , , , , , , , , , , , , , , , , , , , , , , , , , , , , , , , , , , , , , , , , , , , , , , , , , , , , , , , , , , , , , , , , ,2, ,42, , , , , , , , , , , , , , , , , , , , , , , , , , , , , , , , , , , , , , , ,10, , , , , , , , , , , , , , , , , , , , , , , , , , , , , , , , , ,3, , , , , , ,8, , , , , , , , , , , , , , , , , , , , , , , , , , , , , , , , , , , , , , , , , , , , , , , , , , , , , , , , , , , , , , , , , , , , ,3,2, , , , ,3, , , , , , , , , , , , , , , , , , , , , , , , , , , , , , , , , , , , , , , , , , , , , , , , , , , , , , , , , , , , , , ,0, , ,2, , , , , , , , , ,9, , , , , , , , , , , , , , , , , , , , , , , , , , , , , , , , , , , , , ,2/12/2024,2/12/2024,2
1202401,2,1.50235491608357,8034093,2,1,2,2,3,2,2,2,3, , , , , , , , , , , , , , , , , , , , , , , , , , , , , , , , , ,2,3,2, , , , , , , , , , , , , , , , , , , , , , , , , , , , , , , , , , , , , , , , , , , , , , , , , , , , , , , , , , , , , , , , , , , , , , , , , , , , , , , , , , , , , , , , , , , , , , , , , , , , , , , , , , , , , , , , , , , , , , , , , , ,2, ,3, ,3, ,3, ,2, ,2, , ,2,2,2,2,8,2,4,4,4,4,2,2,2,1,1,2,4,2,8,4,2,8,8, , ,99,99,99, , , ,2, ,1,4,4, ,1,8,2,2,8,2,2,2,2,2,2,1,2,1,1,2,3, , , , , ,4,4,4,3, , , ,8, , , , , , , , , , ,8, , ,8, , , , , , , , , , , , , , , , , , , , , , , , , , , , , , , , , , , , , , , , , , , , , , , , , , , , , , , , , , , , , , , , , , , , , , , , , , , , , , , , , , , , , , , , , , , , , , , , , , , , , , , , , , , , , , , , , ,2, ,35, , , , , , , , , , , , , , , , , , , , , , , , , , , , , , , , , , , , , , , ,10, , , , , , , , , , , , , , , , , , , , , , , , , , , , , , , , , ,3, , , , , , ,8, , , , , , , , , , , , , , , , , , , , , , , , , , , , , , , , , , , , , , , , , , , , , , , , , , , , , , , , , , , , , , , , , , , , ,4,2, , , , ,97, , , , , , , , , , , , , , , , , , , , , , , , , , , , ,8, , , , , , , , , , , , , , , , , , , , , , , , , , , , , , , , , ,4, , ,2, , , , , , , , , ,9, , , , , , , , , , , , , , , , , , , , , , , , , , , , , , , , , , , , , ,2/2/2024,2/2/2024,2
1202401,2,1.05909223411274,8034208,3,2,2,3,3,2,3,4,4, , , , , , , , , , , , , , , , , , , , , , , , , , , , , , , , , ,3,4,2, , , , , , , , , , , , , , , , , , , , , , , , , , , , , , , , , , , , , , , , , , , , , , , , , , , , , , , , , , , , , , , , , , , , , , , , , , , , , , , , , , , , , , , , , , , , , , , , , , , , , , , , , , , , , , , , , , , , , , , , , , ,3, ,4, ,3, ,4, ,3, ,2, , ,3,3,2,2,4,1,2,2,3,2,1,2,1,1,1,1,3,1,2,2,1,1,2, , ,7,99,3, , , ,2, ,4,7,7, ,2,3,2,2,2,2,2,2,2,2,2,2,2,2,2,1,4, , , , , ,4,4,4,4, , , ,2, , , , , , , , , , ,3, , ,1,1, , , , , , , , , , , , , , , , , , , , , , , , , , , , , , , , , , , , , , , , , , , , , , , , , , , , , , , , , , , , , , , , , , , , , , , , , , , , , , , , , , , , , , , , , , , , , , , , , , , , , , , , , , , , , , , , ,1, ,29, , , , , , , , , , , , , , , , , , , , , , , , , , , , , , , , , , , , , , , ,10, , , , , , , , , , , , , , , , , , , , , , , , , , , , , , , , , ,2, , , , , , ,5, , , , , , , , , , , , , , , , , , , , , , , , , , , , , , , , , , , , , , , , , , , , , , , , , , , , , , , , , , , , , , , , , , , , ,3,3, , , , ,3, , , , , , , , , , , , , , , , , , , , , , , , , , , , , , , , , , , , , , , , , , , , , , , , , , , , , , , , , , , , , , ,0, , ,2, , , , , , , , , ,8, , , , , , , , , , , , , , , , , , , , , , , , , , , , , , , , , , , , , ,1/28/2024,1/28/2024,2
1202401,2,1.59313744249191,8034239,3,2,3,9,4,4,3,4,4, , , , , , , , , , , , , , , , , , , , , , , , , , , , , , , , , ,4,1,2, , , , , , , , , , , , , , , , , , , , , , , , , , , , , , , , , , , , , , , , , , , , , , , , , , , , , , , , , , , , , , , , , , , , , , , , , , , , , , , , , , , , , , , , , , , , , , , , , , , , , , , , , , , , , , , , , , , , , , , , , , ,2, ,4, ,2, ,2, ,2, ,8, , ,2,3,2,3,3,1,4,2,4,3,1,2,1,2,2,1,1,2,2,2,2,1,1, , ,1,2,99, , , ,2, ,2,5,3, ,1,2,2,2,2,2,2,2,2,2,2,2,2,1,2,2,2, , , , , ,3,1,2,3, , , ,2, , , , , , , , , , ,2, , ,1,1, , , , , , , , , , , , , , , , , , , , , , , , , , , , , , , , , , , , , , , , , , , , , , , , , , , , , , , , , , , , , , , , , , , , , , , , , , , , , , , , , , , , , , , , , , , , , , , , , , , , , , , , , , , , , , , , ,1, ,78, , , , , , , , , , , , , , , , , , , , , , , , , , , , , , , , , , , , , , , ,5, , , , , , , , , , , , , , , , , , , , , , , , , , , , , , , , , ,4, , , , , , ,3, , , , , , , , , , , , , , , , , , , , , , , , , , , , , , , , , , , , , , , , , , , , , , , , , , , , , , , , , , , , , , , , , , , , ,1, , , , , ,97, , , , , , , , , , , , , , , , , , , , , , , , , , , , ,1, , , , ,2, , , , , , , , , , , , , , , , , , , , , , , , , , , , ,4, , ,2, , , , , , , , , ,6, , , , , , , , , , , , , , , , , , , , , , , , , , , , , , , , , , , , , ,1/30/2024,1/30/2024,2
1202401,2,.520534884321788,8034349,2,1,2,4,4,2,2,2,4, , , , , , , , , , , , , , , , , , , , , , , , , , , , , , , , , ,2,3,2, , , , , , , , , , , , , , , , , , , , , , , , , , , , , , , , , , , , , , , , , , , , , , , , , , , , , , , , , , , , , , , , , , , , , , , , , , , , , , , , , , , , , , , , , , , , , , , , , , , , , , , , , , , , , , , , , , , , , , , , , , ,4, ,4, ,2, ,4, ,2, ,1, , ,3,3,2,2,2,1,1,4,1,2,2,1,1,1,1,1,2,2,2,1,1,1,3, , ,7,99,3, , , ,1, ,8,7,3, ,8,4,1,1,2,1,1,1,2,2,2,1,1,2,2,1,2, , , , , ,4,2,2,2,2, , ,4, , , , , , , , , , ,3, , ,2,1, , , , , , , , , , , , , , , , , , , , , , , , , , , , , , , , , , , , , , , , , , , , , , , , , , , , , , , , , , , , , , , , , , , , , , , , , , , , , , , , , , , , , , , , , , , , , , , , , , , , , , , , , , , , , , , , ,1, ,66, , , , , , , , , , , , , , , , , , , , , , , , , , , , , , , , , , , , , , , ,10, , , , , , , , , , , , , , , , , , , , , , , , , , , , , , , , , ,2, , , , , , ,10, , , , , , , , , , , , , , , , , , , , , , , , , , , , , , , , , , , , , , , , , , , , , , , , , , , , , , , , , , , , , , , , , , , , ,2,2, , , , ,1, , , , , , , , , , , , , , , , , , , , , , , , , , , , , , , , , , , , , , , , , , , , , , , , , , , , , , , , , , , , , , ,3, , ,2, , , , , , , , , ,3, , , , , , , , , , , , , , , , , , , , , , , , , , , , , , , , , , , , , ,2/10/2024,2/10/2024,2
1202401,2,.449792702869248,8034359,2,2,1,3,3,2,1,1,4, , , , , , , , , , , , , , , , , , , , , , , , , , , , , , , , , ,2,4,2, , , , , , , , , , , , , , , , , , , , , , , , , , , , , , , , , , , , , , , , , , , , , , , , , , , , , , , , , , , , , , , , , , , , , , , , , , , , , , , , , , , , , , , , , , , , , , , , , , , , , , , , , , , , , , , , , , , , , , , , , , ,2, ,4, ,2, ,4, ,2, ,2, , ,2,2,2,2,3,2,1,1,2,1,1,2,2,1,1,1,1,1,1,3,1,1,3, , ,7,99,3, , , ,2, ,4,6,7, ,2,3,2,2,1,2,2,2,2,2,2,2,2,2,2,1,4, , , , , ,4,3,1,4, , , ,3, , , , , , , , , , ,2, , ,2,2, , , , , , , , , , , , , , , , , , , , , , , , , , , , , , , , , , , , , , , , , , , , , , , , , , , , , , , , , , , , , , , , , , , , , , , , , , , , , , , , , , , , , , , , , , , , , , , , , , , , , , , , , , , , , , , , ,1, ,40, , , , , , , , , , , , , , , , , , , , , , , , , , , , , , , , , , , , , , , ,11, , , , , , , , , , , , , , , , , , , , , , , , , , , , , , , , , ,2, , , , , , ,11, , , , , , , , , , , , , , , , , , , , , , , , , , , , , , , , , , , , , , , , , , , , , , , , , , , , , , , , , , , , , , , , , , , , ,4,2, , , , ,1, , , , , , , , , , , , , , , , , , , , , , , , , , , , , , , , , , , , , , , , , , , , , , , , , , , , , , , , , , , , , , ,2, , ,2, , , , , , , , , ,4, , , , , , , , , , , , , , , , , , , , , , , , , , , , , , , , , , , , , ,2/13/2024,2/13/2024,2
1202401,2,.550477920613309,8034399,2,1,2,2,3,3,1,2,4, , , , , , , , , , , , , , , , , , , , , , , , , , , , , , , , , ,3,2,2, , , , , , , , , , , , , , , , , , , , , , , , , , , , , , , , , , , , , , , , , , , , , , , , , , , , , , , , , , , , , , , , , , , , , , , , , , , , , , , , , , , , , , , , , , , , , , , , , , , , , , , , , , , , , , , , , , , , , , , , , , ,2, ,4, ,3, ,4, ,3, ,2, , ,3,2,2,2,3,2,3,3,3,2,1,1,1,2,2,2,2,2,3,3,2,3,3, , ,1,1,99, , , ,2, ,1,3,1, ,1,1,2,2,2,2,2,2,1,2,2,2,1,1,1,2,2, , , , , ,2,2,1,2,2, , ,2, , , , , , , , , , ,2, , ,3,2, , , , , , , , , , , , , , , , , , , , , , , , , , , , , , , , , , , , , , , , , , , , , , , , , , , , , , , , , , , , , , , , , , , , , , , , , , , , , , , , , , , , , , , , , , , , , , , , , , , , , , , , , , , , , , , , ,1, ,30, , , , , , , , , , , , , , , , , , , , , , , , , , , , , , , , , , , , , , , ,11, , , , , , , , , , , , , , , , , , , , , , , , , , , , , , , , , ,4, , , , , , ,1, , , , , , , , , , , , , , , , , , , , , , , , , , , , , , , , , , , , , , , , , , , , , , , , , , , , , , , , , , , , , , , , , , , , ,2,2, , , , ,97, , , , , , , , , , , , , , , , , , , , , , , , , , , , ,1, , , , ,3, , , , , , , , , , , , , , , , , , , , , , , , , , , , ,3, , ,2, , , , , , , , , ,8, , , , , , , , , , , , , , , , , , , , , , , , , , , , , , , , , , , , , ,2/6/2024,2/6/2024,2
1202401,2,1.24079860367861,8034457,2,1,2,2,9,9,2,9,9, , , , , , , , , , , , , , , , , , , , , , , , , , , , , , , , , ,9,9,9, , , , , , , , , , , , , , , , , , , , , , , , , , , , , , , , , , , , , , , , , , , , , , , , , , , , , , , , , , , , , , , , , , , , , , , , , , , , , , , , , , , , , , , , , , , , , , , , , , , , , , , , , , , , , , , , , , , , , , , , , , ,2, ,3, ,9, ,9, ,9, ,9, , ,2,2,9,2,3,3,3,3,4,4,1,1,3,2,1,1,1,3,2,3,3,2,3, , ,1,1,99, , , ,2, ,2,6,3, ,1,2,2,2,1,1,2,2,2,1,2,1,1,1,1,2,1, , , , , ,3,3,3,3, , , ,2, , , , , , , , , , ,1, , ,2,1, , , , , , , , , , , , , , , , , , , , , , , , , , , , , , , , , , , , , , , , , , , , , , , , , , , , , , , , , , , , , , , , , , , , , , , , , , , , , , , , , , , , , , , , , , , , , , , , , , , , , , , , , , , , , , , , ,2, ,40, , , , , , , , , , , , , , , , , , , , , , , , , , , , , , , , , , , , , , , ,10, , , , , , , , , , , , , , , , , , , , , , , , , , , , , , , , , ,3, , , , , , ,1, , , , , , , , , , , , , , , , , , , , , , , , , , , , , , , , , , , , , , , , , , , , , , , , , , , , , , , , , , , , , , , , , , , , ,2,2, , , , ,99, , , , , , , , , , , , , , , , , , , , , , , , , , , , ,9, , , , , , , , , , , , , , , , , , , , , , , , , , , , , , , , , ,3, , ,2, , , , , , , , , ,8, , , , , , , , , , , , , , , , , , , , , , , , , , , , , , , , , , , , , ,1/28/2024,1/28/2024,2
1202401,2,1.22001915259389,8034593,3,2,2,4,8,2,3,8,4, , , , , , , , , , , , , , , , , , , , , , , , , , , , , , , , , ,2,4,8, , , , , , , , , , , , , , , , , , , , , , , , , , , , , , , , , , , , , , , , , , , , , , , , , , , , , , , , , , , , , , , , , , , , , , , , , , , , , , , , , , , , , , , , , , , , , , , , , , , , , , , , , , , , , , , , , , , , , , , , , , ,2, ,4, ,3, ,4, ,2, ,2, , ,2,3,8,2,4,1,4,3,3,2,1,2,1,1,2,1,3,2,1,2,2,1,2, , ,99,99,99, , , ,2, ,2,6,5, ,8,3,2,2,1,2,2,2,2,1,2,2,1,2,2,1,4, , , , , ,4,4,2,4, , , ,2, , , , , , , , , , ,2, , ,2,8, , , , , , , , , , , , , , , , , , , , , , , , , , , , , , , , , , , , , , , , , , , , , , , , , , , , , , , , , , , , , , , , , , , , , , , , , , , , , , , , , , , , , , , , , , , , , , , , , , , , , , , , , , , , , , , , ,2, ,28, , , , , , , , , , , , , , , , , , , , , , , , , , , , , , , , , , , , , , , ,11, , , , , , , , , , , , , , , , , , , , , , , , , , , , , , , , , ,2, , , , , , ,8, , , , , , , , , , , , , , , , , , , , , , , , , , , , , , , , , , , , , , , , , , , , , , , , , , , , , , , , , , , , , , , , , , , , ,1, , , , , ,99, , , , , , , , , , , , , , , , , , , , , , , , , , , , ,2, , , , , , , , , , , , , , , , , , , , , , , , , , , , , , , , , ,4, , ,2, , , , , , , , , ,9, , , , , , , , , , , , , , , , , , , , , , , , , , , , , , , , , , , , , ,2/12/2024,2/12/2024,2
1202401,2,1.41465024596246,8034728,2,1,2,2,3,1,1,2,3, , , , , , , , , , , , , , , , , , , , , , , , , , , , , , , , , ,9,9,9, , , , , , , , , , , , , , , , , , , , , , , , , , , , , , , , , , , , , , , , , , , , , , , , , , , , , , , , , , , , , , , , , , , , , , , , , , , , , , , , , , , , , , , , , , , , , , , , , , , , , , , , , , , , , , , , , , , , , , , , , , ,2, ,4, ,4, ,4, ,2, ,2, , ,2,9,2,2,2,1,3,2,1,1,1,1,1,2,1,1,3,2,3,3,3,1,2, , ,1,1,99, , , ,2, ,2,5,2, ,1,4,1,2,1,2,1,1,2,1,1,1,1,9,1,1,4, , , , , ,4,3,4,4, , , ,3, , , , , , , , , , ,1, , ,1,2, , , , , , , , , , , , , , , , , , , , , , , , , , , , , , , , , , , , , , , , , , , , , , , , , , , , , , , , , , , , , , , , , , , , , , , , , , , , , , , , , , , , , , , , , , , , , , , , , , , , , , , , , , , , , , , , ,1, ,33, , , , , , , , , , , , , , , , , , , , , , , , , , , , , , , , , , , , , , , ,6, , , , , , , , , , , , , , , , , , , , , , , , , , , , , , , , , ,4, , , , , , ,1, , , , , , , , , , , , , , , , , , , , , , , , , , , , , , , , , , , , , , , , , , , , , , , , , , , , , , , , , , , , , , , , , , , , ,3,3, , , , ,97, , , , , , , , , , , , , , , , , , , , , , , , , , , , ,1, , , , ,4, , , , , , , , , , , , , , , , , , , , , , , , , , , , ,9, , ,2, , , , , , , , , ,3, , , , , , , , , , , , , , , , , , , , , , , , , , , , , , , , , , , , , ,4/19/2024,4/19/2024,2
1202401,2,.909223963942293,8034752,2,2,4,1,4,4,3,2,2, , , , , , , , , , , , , , , , , , , , , , , , , , , , , , , , , ,3,2,3, , , , , , , , , , , , , , , , , , , , , , , , , , , , , , , , , , , , , , , , , , , , , , , , , , , , , , , , , , , , , , , , , , , , , , , , , , , , , , , , , , , , , , , , , , , , , , , , , , , , , , , , , , , , , , , , , , , , , , , , , , ,3, ,1, ,4, ,3, ,4, ,4, , ,4,2,3,3,4,2,1,2,2,1,1,1,1,2,4,1,4,1,1,4,1,3,2, , ,7,99,1, , , ,1, ,4,6,7, ,2,3,2,2,1,2,2,2,2,2,2,2,2,2,2,1,4, , , , , ,4,4,4,4, , , ,2, , , , , , , , , , ,2, , ,1,2, , , , , , , , , , , , , , , , , , , , , , , , , , , , , , , , , , , , , , , , , , , , , , , , , , , , , , , , , , , , , , , , , , , , , , , , , , , , , , , , , , , , , , , , , , , , , , , , , , , , , , , , , , , , , , , , ,1, ,26, , , , , , , , , , , , , , , , , , , , , , , , , , , , , , , , , , , , , , , ,10, , , , , , , , , , , , , , , , , , , , , , , , , , , , , , , , , ,2, , , , , , ,7, , , , , , , , , , , , , , , , , , , , , , , , , , , , , , , , , , , , , , , , , , , , , , , , , , , , , , , , , , , , , , , , , , , , ,1, , , , , ,2, , , , , , , , , , , , , , , , , , , , , , , , , , , , , , , , , , , , , , , , , , , , , , , , , , , , , , , , , , , , , , ,5, , ,2, , , , , , , , , ,3, , , , , , , , , , , , , , , , , , , , , , , , , , , , , , , , , , , , , ,1/25/2024,1/25/2024,2
1202401,2,.4808131288496,8034805,3,9,3,3,4,2,2,2,4, , , , , , , , , , , , , , , , , , , , , , , , , , , , , , , , , ,3,4,3, , , , , , , , , , , , , , , , , , , , , , , , , , , , , , , , , , , , , , , , , , , , , , , , , , , , , , , , , , , , , , , , , , , , , , , , , , , , , , , , , , , , , , , , , , , , , , , , , , , , , , , , , , , , , , , , , , , , , , , , , , ,3, ,4, ,4, ,4, ,3, ,3, , ,2,2,3,2,4,1,3,1,1,1,1,2,1,1,2,1,3,1,2,3,1,2,4, , ,7,99,1, , , ,2, ,4,7,7, ,2,4,2,2,2,2,2,2,2,2,2,2,2,2,2,1,4, , , , , ,4,4,1,4, , , ,4, , , , , , , , , , ,2, , ,2,2, , , , , , , , , , , , , , , , , , , , , , , , , , , , , , , , , , , , , , , , , , , , , , , , , , , , , , , , , , , , , , , , , , , , , , , , , , , , , , , , , , , , , , , , , , , , , , , , , , , , , , , , , , , , , , , , ,2, ,69, , , , , , , , , , , , , , , , , , , , , , , , , , , , , , , , , , , , , , , ,10, , , , , , , , , , , , , , , , , , , , , , , , , , , , , , , , , ,2, , , , , , ,99,2, , , , , , , , , , , , , , , , , , , , , , , , , , , , , , , , , , , , , , , , , , , , , , , , , , , , , , , , , , , , , , , , , , , ,2,2, , , , ,97, , , , , , , , , , , , , , , , , , , , , , , , , , , , ,9, , , , , , , , , , , , , , , , , , , , , , , , , , , , , , , , , ,3, , ,1, , , , , , , , , ,1, , , , , , , , , , , , , , , , , , , , , , , , , , , , , , , , , , , , , ,1/28/2024,1/28/2024,2
1202401,2,2.43256932414706,8034865,2,2,3,2,3,2,2,3,4, , , , , , , , , , , , , , , , , , , , , , , , , , , , , , , , , ,3,2,2, , , , , , , , , , , , , , , , , , , , , , , , , , , , , , , , , , , , , , , , , , , , , , , , , , , , , , , , , , , , , , , , , , , , , , , , , , , , , , , , , , , , , , , , , , , , , , , , , , , , , , , , , , , , , , , , , , , , , , , , , , ,3, ,3, ,3, ,4, ,8, ,2, , ,3,2,4,4,2,1,3,2,2,2,2,1,1,2,2,1,1,1,3,3,1,1,2, , ,1,1,99, , , ,2, ,3,5,1, ,2,2,1,1,1,2,1,1,2,1,2,2,1,2,1,1,3, , , , , ,4,4,2,3, , , ,3, , , , , , , , , , ,2, , ,3,2, , , , , , , , , , , , , , , , , , , , , , , , , , , , , , , , , , , , , , , , , , , , , , , , , , , , , , , , , , , , , , , , , , , , , , , , , , , , , , , , , , , , , , , , , , , , , , , , , , , , , , , , , , , , , , , , ,2, ,55, , , , , , , , , , , , , , , , , , , , , , , , , , , , , , , , , , , , , , , ,6, , , , , , , , , , , , , , , , , , , , , , , , , , , , , , , , , ,3, , , , , , ,1, , , , , , , , , , , , , , , , , , , , , , , , , , , , , , , , , , , , , , , , , , , , , , , , , , , , , , , , , , , , , , , , , , , , ,1, , , , , ,97, , , , , , , , , , , , , , , , , , , , , , , , , , , , ,1, , , , ,1, , , , , , , , , , , , , , , , , , , , , , , , , , , , ,6, , ,2, , , , , , , , , ,3, , , , , , , , , , , , , , , , , , , , , , , , , , , , , , , , , , , , , ,2/29/2024,2/29/2024,2
1202401,2,.609841049408629,8035055,3,2,2,2,4,2,3,1,4, , , , , , , , , , , , , , , , , , , , , , , , , , , , , , , , , ,3,1,4, , , , , , , , , , , , , , , , , , , , , , , , , , , , , , , , , , , , , , , , , , , , , , , , , , , , , , , , , , , , , , , , , , , , , , , , , , , , , , , , , , , , , , , , , , , , , , , , , , , , , , , , , , , , , , , , , , , , , , , , , , ,1, ,4, ,4, ,4, ,2, ,1, , ,2,2,2,1,2,3,4,3,3,1,1,1,2,1,1,1,2,2,2,2,2,3,2, , ,7,99,3, , , ,1, ,4,7,7, ,2,4,2,2,2,2,2,2,2,2,2,2,2,2,1,2,4, , , , , ,4,4,2,3, , , ,3, , , , , , , , , , ,1, , ,2,2, , , , , , , , , , , , , , , , , , , , , , , , , , , , , , , , , , , , , , , , , , , , , , , , , , , , , , , , , , , , , , , , , , , , , , , , , , , , , , , , , , , , , , , , , , , , , , , , , , , , , , , , , , , , , , , , ,1, ,72, , , , , , , , , , , , , , , , , , , , , , , , , , , , , , , , , , , , , , , ,10, , , , , , , , , , , , , , , , , , , , , , , , , , , , , , , , , ,2, , , , , , ,5, , , , , , , , , , , , , , , , , , , , , , , , , , , , , , , , , , , , , , , , , , , , , , , , , , , , , , , , , , , , , , , , , , , , ,1, , , , , ,2, , , , , , , , , , , , , , , , , , , , , , , , , , , , , , , , , , , , , , , , , , , , , , , , , , , , , , , , , , , , , , ,3, , ,2, , , , , , , , , ,1, , , , , , , , , , , , , , , , , , , , , , , , , , , , , , , , , , , , , ,4/19/2024,4/19/2024,2
1202401,2,2.08061511798355,8035152,4,1,9,9,9,9,4,9,9, , , , , , , , , , , , , , , , , , , , , , , , , , , , , , , , , ,9,9,9, , , , , , , , , , , , , , , , , , , , , , , , , , , , , , , , , , , , , , , , , , , , , , , , , , , , , , , , , , , , , , , , , , , , , , , , , , , , , , , , , , , , , , , , , , , , , , , , , , , , , , , , , , , , , , , , , , , , , , , , , , ,9, ,9, ,9, ,9, ,9, ,9, , ,9,9,9,9,9,1,4,3,2,3,1,1,1,2,1,1,1,2,2,2,1,9,2, , ,1,99,99, , , ,1, ,1,2,3, ,1,1,2,2,2,2,2,2,2,2,2,2,1,2,1,2,9, , , , , ,9,9,9,9, , , ,9, , , , , , , , , , ,9, , ,9, , , , , , , , , , , , , , , , , , , , , , , , , , , , , , , , , , , , , , , , , , , , , , , , , , , , , , , , , , , , , , , , , , , , , , , , , , , , , , , , , , , , , , , , , , , , , , , , , , , , , , , , , , , , , , , , , ,1, ,40, , , , , , , , , , , , , , , , , , , , , , , , , , , , , , , , , , , , , , , ,6, , , , , , , , , , , , , , , , , , , , , , , , , , , , , , , , , ,3, , , , , , ,8, , , , , , , , , , , , , , , , , , , , , , , , , , , , , , , , , , , , , , , , , , , , , , , , , , , , , , , , , , , , , , , , , , , , ,5,4, , , , ,99, , , , , , , , , , , , , , , , , , , , , , , , , , , , ,9, , , , , , , , , , , , , , , , , , , , , , , , , , , , , , , , , ,9, , ,2, , , , , , , , , ,8, , , , , , , , , , , , , , , , , , , , , , , , , , , , , , , , , , , , , ,2/9/2024,2/9/2024,2
1202401,2,.407383628213795,8035438,4,2,4,2,2,2,2,2,2, , , , , , , , , , , , , , , , , , , , , , , , , , , , , , , , , ,4,4,2, , , , , , , , , , , , , , , , , , , , , , , , , , , , , , , , , , , , , , , , , , , , , , , , , , , , , , , , , , , , , , , , , , , , , , , , , , , , , , , , , , , , , , , , , , , , , , , , , , , , , , , , , , , , , , , , , , , , , , , , , , ,4, ,4, ,4, ,4, ,4, ,4, , ,4,4,8,4,4,1,1,1,1,1,1,1,1,3,2,2,4,1,1,1,1,1,3, , ,7,99,2, , , ,1, ,4,6,7, ,2,3,1,2,1,2,2,2,2,2,2,2,1,2,2,1,4, , , , , ,2,4,2,4, , , ,3, , , , , , , , , , ,3, , ,2,9, , , , , , , , , , , , , , , , , , , , , , , , , , , , , , , , , , , , , , , , , , , , , , , , , , , , , , , , , , , , , , , , , , , , , , , , , , , , , , , , , , , , , , , , , , , , , , , , , , , , , , , , , , , , , , , , ,1, ,35, , , , , , , , , , , , , , , , , , , , , , , , , , , , , , , , , , , , , , , ,11, , , , , , , , , , , , , , , , , , , , , , , , , , , , , , , , , ,3, , , , , , ,10, , , , , , , , , , , , , , , , , , , , , , , , , , , , , , , , , , , , , , , , , , , , , , , , , , , , , , , , , , , , , , , , , , , , ,4,4, , , , ,97, , , , , , , , , , , , , , , , , , , , , , , , , , , , ,1, , , , ,3, , , , , , , , , , , , , , , , , , , , , , , , , , , , ,2, , , ,1, , , , , , , , ,9, , , , , , , , , , , , , , , , , , , , , , , , , , , , , , , , , , , , , ,4/17/2024,4/17/2024,2
1202401,2,1.43689016095195,8035563,2,2,3,4,4,3,3,4,4, , , , , , , , , , , , , , , , , , , , , , , , , , , , , , , , , ,3,3,3, , , , , , , , , , , , , , , , , , , , , , , , , , , , , , , , , , , , , , , , , , , , , , , , , , , , , , , , , , , , , , , , , , , , , , , , , , , , , , , , , , , , , , , , , , , , , , , , , , , , , , , , , , , , , , , , , , , , , , , , , , ,4, ,4, ,4, ,4, ,2, ,2, , ,2,8,8,8,8,1,1,1,1,1,2,2,2,2,2,2,2,1,1,2,2,1,2, , ,1,2,99, , , ,2, ,2,5,2, ,1,1,1,2,2,1,1,1,2,2,2,2,1,1,1,2,2, , , , , ,1,2,2,1,1, , ,3, , , , , , , , , , ,3, , ,3,2, , , , , , , , , , , , , , , , , , , , , , , , , , , , , , , , , , , , , , , , , , , , , , , , , , , , , , , , , , , , , , , , , , , , , , , , , , , , , , , , , , , , , , , , , , , , , , , , , , , , , , , , , , , , , , , , ,2, ,47, , , , , , , , , , , , , , , , , , , , , , , , , , , , , , , , , , , , , , , ,10, , , , , , , , , , , , , , , , , , , , , , , , , , , , , , , , , ,4, , , , , , ,11, , , , , , , , , , , , , , , , , , , , , , , , , , , , , , , , , , , , , , , , , , , , , , , , , , , , , , , , , , , , , , , , , , , , ,5,3, , , , ,1, , , , , , , , , , , , , , , , , , , , , , , , , , , , , , , , , , , , , , , , , , , , , , , , , , , , , , , , , , , , , , ,4, , ,2, , , , , , , , , ,9, , , , , , , , , , , , , , , , , , , , , , , , , , , , , , , , , , , , , ,2/8/2024,2/8/2024,2
1202401,2,1.96365050076984,8035724,2,1,2,2,3,1,2,1,4, , , , , , , , , , , , , , , , , , , , , , , , , , , , , , , , , ,2,2,3, , , , , , , , , , , , , , , , , , , , , , , , , , , , , , , , , , , , , , , , , , , , , , , , , , , , , , , , , , , , , , , , , , , , , , , , , , , , , , , , , , , , , , , , , , , , , , , , , , , , , , , , , , , , , , , , , , , , , , , , , , ,2, ,4, ,3, ,4, ,8, ,2, , ,2,2,1,1,2,2,3,2,3,2,1,2,1,1,1,1,3,3,3,2,3,2,3, , ,7,99,3, , , ,1, ,4,7,7, ,2,3,2,2,2,2,2,2,2,2,2,2,2,2,2,1,4, , , , , ,4,4,2,4, , , ,3, , , , , , , , , , ,2, , ,1,2, , , , , , , , , , , , , , , , , , , , , , , , , , , , , , , , , , , , , , , , , , , , , , , , , , , , , , , , , , , , , , , , , , , , , , , , , , , , , , , , , , , , , , , , , , , , , , , , , , , , , , , , , , , , , , , , ,1, ,99, , , , ,9, , , , , , , , , , , , , , , , , , , , , , , , , , , , , , , , , , ,9, , , , , , , , , , , , , , , , , , , , , , , , , , , , , , , , , ,2, , , , , , ,99,2, , , , , , , , , , , , , , , , , , , , , , , , , , , , , , , , , , , , , , , , , , , , , , , , , , , , , , , , , , , , , , , , , , , ,4,4, , , , ,1, , , , , , , , , , , , , , , , , , , , , , , , , , , , , , , , , , , , , , , , , , , , , , , , , , , , , , , , , , , , , , ,3, , ,2, , , , , , , , , ,9, , , , , , , , , , , , , , , , , , , , , , , , , , , , , , , , , , , , , ,3/3/2024,3/3/2024,2
1202401,2,.258625757265398,8036056,3,2,4,4,3,2,3,8,4, , , , , , , , , , , , , , , , , , , , , , , , , , , , , , , , , ,2,4,3, , , , , , , , , , , , , , , , , , , , , , , , , , , , , , , , , , , , , , , , , , , , , , , , , , , , , , , , , , , , , , , , , , , , , , , , , , , , , , , , , , , , , , , , , , , , , , , , , , , , , , , , , , , , , , , , , , , , , , , , , , ,2, ,4, ,2, ,4, ,1, ,2, , ,2,2,2,2,2,1,2,2,2,1,1,1,1,1,1,1,4,2,1,2,1,1,2, , ,1,2,99, , , ,2, ,3,7,1, ,1,1,1,1,1,2,1,1,2,2,1,2,1,2,2,2,4, , , , , ,4,4,4,4, , , ,3, , , , , , , , , , ,2, , ,3,2, , , , , , , , , , , , , , , , , , , , , , , , , , , , , , , , , , , , , , , , , , , , , , , , , , , , , , , , , , , , , , , , , , , , , , , , , , , , , , , , , , , , , , , , , , , , , , , , , , , , , , , , , , , , , , , , ,2, ,99, , , , ,4, , , , , , , , , , , , , , , , , , , , , , , , , , , , , , , , , , ,11, , , , , , , , , , , , , , , , , , , , , , , , , , , , , , , , , ,2, , , , , , ,7, , , , , , , , , , , , , , , , , , , , , , , , , , , , , , , , , , , , , , , , , , , , , , , , , , , , , , , , , , , , , , , , , , , , ,1, , , , , ,3, , , , , , , , , , , , , , , , , , , , , , , , , , , , , , , , , , , , , , , , , , , , , , , , , , , , , , , , , , , , , , ,3, , ,1, , , , , , , , , ,1, , , , , , , , , , , , , , , , , , , , , , , , , , , , , , , , , , , , , ,2/5/2024,2/5/2024,2
1202401,2,.976051326207801,8036678,2,2,3,4,3,2,2,3,4, , , , , , , , , , , , , , , , , , , , , , , , , , , , , , , , , ,3,4,2, , , , , , , , , , , , , , , , , , , , , , , , , , , , , , , , , , , , , , , , , , , , , , , , , , , , , , , , , , , , , , , , , , , , , , , , , , , , , , , , , , , , , , , , , , , , , , , , , , , , , , , , , , , , , , , , , , , , , , , , , , ,3, ,4, ,4, ,4, ,3, ,9, , ,2,2,9,3,4,2,2,1,2,2,1,2,2,1,1,2,4,1,1,4,2,1,3, , ,99,99,99, , , ,1, ,4,7,7, ,2,4,1,1,1,1,1,2,2,2,2,1,2,2,2,1,4, , , , , ,4,4,4,4, , , ,2, , , , , , , , , , ,3, , ,2,2, , , , , , , , , , , , , , , , , , , , , , , , , , , , , , , , , , , , , , , , , , , , , , , , , , , , , , , , , , , , , , , , , , , , , , , , , , , , , , , , , , , , , , , , , , , , , , , , , , , , , , , , , , , , , , , , ,2, ,30, , , , , , , , , , , , , , , , , , , , , , , , , , , , , , , , , , , , , , , ,11, , , , , , , , , , , , , , , , , , , , , , , , , , , , , , , , , ,2, , , , , , ,7, , , , , , , , , , , , , , , , , , , , , , , , , , , , , , , , , , , , , , , , , , , , , , , , , , , , , , , , , , , , , , , , , , , , ,2,2, , , , ,3, , , , , , , , , , , , , , , , , , , , , , , , , , , , , , , , , , , , , , , , , , , , , , , , , , , , , , , , , , , , , , ,1, , ,2, , , , , , , , , ,9, , , , , , , , , , , , , , , , , , , , , , , , , , , , , , , , , , , , , ,2/6/2024,2/6/2024,2
1202401,2,1.39213499367304,8036852,3,2,2,3,4,2,2,2,4, , , , , , , , , , , , , , , , , , , , , , , , , , , , , , , , , ,3,2,3, , , , , , , , , , , , , , , , , , , , , , , , , , , , , , , , , , , , , , , , , , , , , , , , , , , , , , , , , , , , , , , , , , , , , , , , , , , , , , , , , , , , , , , , , , , , , , , , , , , , , , , , , , , , , , , , , , , , , , , , , , ,4, ,4, ,4, ,4, ,3, ,3, , ,3,4,3,4,3,2,2,1,3,2,3,3,3,2,2,2,1,3,2,3,1,1,2, , ,7,99,3, , , ,1, ,4,7,7, ,2,3,2,2,2,2,2,2,2,2,2,2,2,2,2,1,4, , , , , ,4,4,3,4, , , ,3, , , , , , , , , , ,2, , ,1,1, , , , , , , , , , , , , , , , , , , , , , , , , , , , , , , , , , , , , , , , , , , , , , , , , , , , , , , , , , , , , , , , , , , , , , , , , , , , , , , , , , , , , , , , , , , , , , , , , , , , , , , , , , , , , , , , ,2, ,22, , , , , , , , , , , , , , , , , , , , , , , , , , , , , , , , , , , , , , , ,10, , , , , , , , , , , , , , , , , , , , , , , , , , , , , , , , , ,3, , , , , , ,98,2, , , , , , , , , , , , , , , , , , , , , , , , , , , , , , , , , , , , , , , , , , , , , , , , , , , , , , , , , , , , , , , , , , , ,5,4, , , , ,2, , , , , , , , , , , , , , , , , , , , , , , , , , , , , , , , , , , , , , , , , , , , , , , , , , , , , , , , , , , , , , ,4, , ,2, , , , , , , , , ,3, , , , , , , , , , , , , , , , , , , , , , , , , , , , , , , , , , , , , ,2/13/2024,2/13/2024,2
1202401,2,.470285270745014,8036861,1,2,1,3,4,1,2,2,4, , , , , , , , , , , , , , , , , , , , , , , , , , , , , , , , , ,2,4,1, , , , , , , , , , , , , , , , , , , , , , , , , , , , , , , , , , , , , , , , , , , , , , , , , , , , , , , , , , , , , , , , , , , , , , , , , , , , , , , , , , , , , , , , , , , , , , , , , , , , , , , , , , , , , , , , , , , , , , , , , , ,2, ,4, ,4, ,4, ,2, ,1, , ,2,1,2,2,3,1,2,2,4,1,2,3,3,1,1,1,3,2,2,2,2,1,3, , ,7,99,1, , , ,1, ,4,7,7, ,2,3,2,2,2,2,2,2,2,2,2,2,2,2,2,1,4, , , , , ,4,4,4,4, , , ,3, , , , , , , , , , ,3, , ,2,2, , , , , , , , , , , , , , , , , , , , , , , , , , , , , , , , , , , , , , , , , , , , , , , , , , , , , , , , , , , , , , , , , , , , , , , , , , , , , , , , , , , , , , , , , , , , , , , , , , , , , , , , , , , , , , , , ,1, ,36, , , , , , , , , , , , , , , , , , , , , , , , , , , , , , , , , , , , , , , ,11, , , , , , , , , , , , , , , , , , , , , , , , , , , , , , , , , ,4, , , , , , ,1, , , , , , , , , , , , , , , , , , , , , , , , , , , , , , , , , , , , , , , , , , , , , , , , , , , , , , , , , , , , , , , , , , , , ,1, , , , , ,3, , , , , , , , , , , , , , , , , , , , , , , , , , , , , , , , , , , , , , , , , , , , , , , , , , , , , , , , , , , , , , ,1, , ,2, , , , , , , , , ,4, , , , , , , , , , , , , , , , , , , , , , , , , , , , , , , , , , , , , ,1/26/2024,1/26/2024,2
1202401,2,.72301525658324,8037135,8,1,1,8,2,2,4,2,8, , , , , , , , , , , , , , , , , , , , , , , , , , , , , , , , , ,8,8,8, , , , , , , , , , , , , , , , , , , , , , , , , , , , , , , , , , , , , , , , , , , , , , , , , , , , , , , , , , , , , , , , , , , , , , , , , , , , , , , , , , , , , , , , , , , , , , , , , , , , , , , , , , , , , , , , , , , , , , , , , , ,3, ,3, ,3, ,3, ,4, ,1, , ,2,2,2,1,4,4,8,1,1,2,1,1,2,8,2,1,2,4,1,3,4,8,8, , ,1,1,99, , , ,2, ,1,5,1, ,1,1,1,1,1,1,1,2,1,1,2,2,1,1,1,8,3, , , , , ,1,1,2,2,2, , ,3, , , , , , , , , , ,1, , ,3,1, , , , , , , , , , , , , , , , , , , , , , , , , , , , , , , , , , , , , , , , , , , , , , , , , , , , , , , , , , , , , , , , , , , , , , , , , , , , , , , , , , , , , , , , , , , , , , , , , , , , , , , , , , , , , , , , ,1, ,27, , , , , , , , , , , , , , , , , , , , , , , , , , , , , , , , , , , , , , , ,10, , , , , , , , , , , , , , , , , , , , , , , , , , , , , , , , , ,3, , , , , , ,98,8, , , , , , , , , , , , , , , , , , , , , , , , , , , , , , , , , , , , , , , , , , , , , , , , , , , , , , , , , , , , , , , , , , , ,4,4, , , , ,98, , , , , , , , , , , , , , , , , , , , , , , , , , , , ,2, , , , , , , , , , , , , , , , , , , , , , , , , , , , , , , , , ,8, , ,2, , , , , , , , , ,3, , , , , , , , , , , , , , , , , , , , , , , , , , , , , , , , , , , , , ,2/6/2024,2/6/2024,2
1202401,2,1.60496774525107,8037371,2,2,4,2,9,8,2,3,4, , , , , , , , , , , , , , , , , , , , , , , , , , , , , , , , , ,4,4,4, , , , , , , , , , , , , , , , , , , , , , , , , , , , , , , , , , , , , , , , , , , , , , , , , , , , , , , , , , , , , , , , , , , , , , , , , , , , , , , , , , , , , , , , , , , , , , , , , , , , , , , , , , , , , , , , , , , , , , , , , , ,4, ,2, ,4, ,4, ,4, ,3, , ,4,4,4,4,4,2,2,2,1,1,1,1,1,3,3,2,2,3,3,2,8,2,2, , ,7,99,3, , , ,1, ,4,7,7, ,2,3,8,8,8,2,1,1,2,2,2,2,1,2,2,1,4, , , , , ,9,4,4,4, , , ,2, , , , , , , , , , ,2, , ,1,2, , , , , , , , , , , , , , , , , , , , , , , , , , , , , , , , , , , , , , , , , , , , , , , , , , , , , , , , , , , , , , , , , , , , , , , , , , , , , , , , , , , , , , , , , , , , , , , , , , , , , , , , , , , , , , , , ,1, ,50, , , , , , , , , , , , , , , , , , , , , , , , , , , , , , , , , , , , , , , ,8, , , , , , , , , , , , , , , , , , , , , , , , , , , , , , , , , ,4, , , , , , ,9, , , , , , , , , , , , , , , , , , , , , , , , , , , , , , , , , , , , , , , , , , , , , , , , , , , , , , , , , , , , , , , , , , , , ,4,4, , , , ,97, , , , , , , , , , , , , , , , , , , , , , , , , , , , ,1, , , , ,98, , , , , , , , , , , , , , , , , , , , , , , , , , , , ,8, , ,2, , , , , , , , , ,3, , , , , , , , , , , , , , , , , , , , , , , , , , , , , , , , , , , , , ,3/1/2024,3/1/2024,2
1202401,2,1.70577194289781,8037373,4,2,3,1,2,2,2,2,2, , , , , , , , , , , , , , , , , , , , , , , , , , , , , , , , , ,2,2,1, , , , , , , , , , , , , , , , , , , , , , , , , , , , , , , , , , , , , , , , , , , , , , , , , , , , , , , , , , , , , , , , , , , , , , , , , , , , , , , , , , , , , , , , , , , , , , , , , , , , , , , , , , , , , , , , , , , , , , , , , , ,3, ,4, ,2, ,2, ,2, ,3, , ,2,1,2,2,1,2,3,2,3,4,1,1,1,2,1,2,2,2,2,2,4,2,2, , ,7,99,2, , , ,1, ,4,7,7, ,2,1,2,2,2,2,2,2,2,2,2,2,2,1,1,2,4, , , , , ,4,4,4,4, , , ,4, , , , , , , , , , ,1, , ,2,1, , , , , , , , , , , , , , , , , , , , , , , , , , , , , , , , , , , , , , , , , , , , , , , , , , , , , , , , , , , , , , , , , , , , , , , , , , , , , , , , , , , , , , , , , , , , , , , , , , , , , , , , , , , , , , , , ,1, ,43, , , , , , , , , , , , , , , , , , , , , , , , , , , , , , , , , , , , , , , ,8, , , , , , , , , , , , , , , , , , , , , , , , , , , , , , , , , ,3, , , , , , ,8, , , , , , , , , , , , , , , , , , , , , , , , , , , , , , , , , , , , , , , , , , , , , , , , , , , , , , , , , , , , , , , , , , , , ,3,1, , , , ,97, , , , , , , , , , , , , , , , , , , , , , , , , , , , ,1, , , , ,2, , , , , , , , , , , , , , , , , , , , , , , , , , , , ,3, , ,2, , , , , , , , , ,3, , , , , , , , , , , , , , , , , , , , , , , , , , , , , , , , , , , , , ,2/6/2024,2/6/2024,2
1202401,2,.425278438993516,8037374,3,1,3,2,4,2,2,8,4, , , , , , , , , , , , , , , , , , , , , , , , , , , , , , , , , ,2,2,3, , , , , , , , , , , , , , , , , , , , , , , , , , , , , , , , , , , , , , , , , , , , , , , , , , , , , , , , , , , , , , , , , , , , , , , , , , , , , , , , , , , , , , , , , , , , , , , , , , , , , , , , , , , , , , , , , , , , , , , , , , ,4, ,1, ,1, ,2, ,2, ,4, , ,2,2,2,3,2,1,1,1,2,1,4,1,4,2,2,1,1,1,3,1,2,1,2, , ,1,1,99, , , ,2, ,2,5,4, ,1,1,2,2,2,2,1,1,2,1,1,2,1,1,1,2,4, , , , , ,4,4,3,4, , , ,3, , , , , , , , , , ,2, , ,1,1, , , , , , , , , , , , , , , , , , , , , , , , , , , , , , , , , , , , , , , , , , , , , , , , , , , , , , , , , , , , , , , , , , , , , , , , , , , , , , , , , , , , , , , , , , , , , , , , , , , , , , , , , , , , , , , , ,1, ,76, , , , , , , , , , , , , , , , , , , , , , , , , , , , , , , , , , , , , , , ,11, , , , , , , , , , , , , , , , , , , , , , , , , , , , , , , , , ,2, , , , , , ,11, , , , , , , , , , , , , , , , , , , , , , , , , , , , , , , , , , , , , , , , , , , , , , , , , , , , , , , , , , , , , , , , , , , , ,1, , , , , ,1, , , , , , , , , , , , , , , , , , , , , , , , , , , , , , , , , , , , , , , , , , , , , , , , , , , , , , , , , , , , , , ,3, , ,2, , , , , , , , , ,3, , , , , , , , , , , , , , , , , , , , , , , , , , , , , , , , , , , , , ,1/31/2024,1/31/2024,2
1202401,2,.515623890192381,8037397,2,1,1,4,4,1,2,1,4, , , , , , , , , , , , , , , , , , , , , , , , , , , , , , , , , ,2,4,2, , , , , , , , , , , , , , , , , , , , , , , , , , , , , , , , , , , , , , , , , , , , , , , , , , , , , , , , , , , , , , , , , , , , , , , , , , , , , , , , , , , , , , , , , , , , , , , , , , , , , , , , , , , , , , , , , , , , , , , , , , ,2, ,4, ,4, ,4, ,2, ,2, , ,1,2,2,2,4,1,1,1,1,2,1,2,2,1,2,1,1,2,1,3,3,1,3, , ,7,99,2, , , ,1, ,4,7,9, ,9,3,2,2,2,2,2,2,1,2,2,2,2,2,2,1,4, , , , , ,4,4,4,4, , , ,4, , , , , , , , , , ,3, , ,1,2, , , , , , , , , , , , , , , , , , , , , , , , , , , , , , , , , , , , , , , , , , , , , , , , , , , , , , , , , , , , , , , , , , , , , , , , , , , , , , , , , , , , , , , , , , , , , , , , , , , , , , , , , , , , , , , , ,2, ,50, , , , , , , , , , , , , , , , , , , , , , , , , , , , , , , , , , , , , , , ,11, , , , , , , , , , , , , , , , , , , , , , , , , , , , , , , , , ,4, , , , , , ,9, , , , , , , , , , , , , , , , , , , , , , , , , , , , , , , , , , , , , , , , , , , , , , , , , , , , , , , , , , , , , , , , , , , , ,4,4, , , , ,97, , , , , , , , , , , , , , , , , , , , , , , , , , , , ,2, , , , , , , , , , , , , , , , , , , , , , , , , , , , , , , , , ,3, , ,1, , , , , , , , , ,8, , , , , , , , , , , , , , , , , , , , , , , , , , , , , , , , , , , , , ,4/17/2024,4/17/2024,2
1202401,2,.8826080984811,8037630,4,2,2,1,4,1,4,2,4, , , , , , , , , , , , , , , , , , , , , , , , , , , , , , , , , ,4,2,4, , , , , , , , , , , , , , , , , , , , , , , , , , , , , , , , , , , , , , , , , , , , , , , , , , , , , , , , , , , , , , , , , , , , , , , , , , , , , , , , , , , , , , , , , , , , , , , , , , , , , , , , , , , , , , , , , , , , , , , , , , ,4, ,4, ,4, ,4, ,2, ,2, , ,3,3,3,2,2,2,3,3,3,2,1,1,1,3,3,2,4,3,3,2,1,1,2, , ,7,99,3, , , ,2, ,4,7,7, ,2,3,2,2,1,2,2,2,2,2,2,2,1,1,2,1,3, , , , , ,3,4,4,2,2, , ,3, , , , , , , , , , ,2, , ,1,2, , , , , , , , , , , , , , , , , , , , , , , , , , , , , , , , , , , , , , , , , , , , , , , , , , , , , , , , , , , , , , , , , , , , , , , , , , , , , , , , , , , , , , , , , , , , , , , , , , , , , , , , , , , , , , , , ,2, ,47, , , , , , , , , , , , , , , , , , , , , , , , , , , , , , , , , , , , , , , ,10, , , , , , , , , , , , , , , , , , , , , , , , , , , , , , , , , ,3, , , , , , ,8, , , , , , , , , , , , , , , , , , , , , , , , , , , , , , , , , , , , , , , , , , , , , , , , , , , , , , , , , , , , , , , , , , , , ,4,3, , , , ,2, , , , , , , , , , , , , , , , , , , , , , , , , , , , , , , , , , , , , , , , , , , , , , , , , , , , , , , , , , , , , , ,4, , ,1, , , , , , , , , ,9, , , , , , , , , , , , , , , , , , , , , , , , , , , , , , , , , , , , , ,2/9/2024,2/9/2024,2
1202401,2,2.11303123153627,8037695,3,2,4,2,3,3,3,3,4, , , , , , , , , , , , , , , , , , , , , , , , , , , , , , , , , ,3,2,3, , , , , , , , , , , , , , , , , , , , , , , , , , , , , , , , , , , , , , , , , , , , , , , , , , , , , , , , , , , , , , , , , , , , , , , , , , , , , , , , , , , , , , , , , , , , , , , , , , , , , , , , , , , , , , , , , , , , , , , , , , ,2, ,4, ,3, ,4, ,2, ,1, , ,2,2,2,2,2,2,3,2,3,3,2,2,2,1,2,1,1,1,2,2,1,1,2, , ,1,1,99, , , ,2, ,1,5,2, ,1,2,2,2,2,1,1,2,2,2,2,2,1,1,1,2,2, , , , , ,2,2,2,2,1, , ,3, , , , , , , , , , ,1, , ,2,1, , , , , , , , , , , , , , , , , , , , , , , , , , , , , , , , , , , , , , , , , , , , , , , , , , , , , , , , , , , , , , , , , , , , , , , , , , , , , , , , , , , , , , , , , , , , , , , , , , , , , , , , , , , , , , , , ,2, ,83, , , , , , , , , , , , , , , , , , , , , , , , , , , , , , , , , , , , , , , ,4, , , , , , , , , , , , , , , , , , , , , , , , , , , , , , , , , ,2, , , , , , ,1, , , , , , , , , , , , , , , , , , , , , , , , , , , , , , , , , , , , , , , , , , , , , , , , , , , , , , , , , , , , , , , , , , , , ,1, , , , , ,3, , , , , , , , , , , , , , , , , , , , , , , , , , , , , , , , , , , , , , , , , , , , , , , , , , , , , , , , , , , , , , ,6, , ,2, , , , , , , , , ,9, , , , , , , , , , , , , , , , , , , , , , , , , , , , , , , , , , , , , ,2/1/2024,2/1/2024,2
1202401,2,.933742509138181,8037719,2,2,1,3,4,1,2,1,4, , , , , , , , , , , , , , , , , , , , , , , , , , , , , , , , , ,1,4,2, , , , , , , , , , , , , , , , , , , , , , , , , , , , , , , , , , , , , , , , , , , , , , , , , , , , , , , , , , , , , , , , , , , , , , , , , , , , , , , , , , , , , , , , , , , , , , , , , , , , , , , , , , , , , , , , , , , , , , , , , , ,2, ,4, ,4, ,4, ,2, ,1, , ,2,2,2,3,3,2,4,3,3,1,1,2,1,1,1,1,3,1,3,3,2,1,2, , ,7,99,3, , , ,1, ,4,7,7, ,2,4,2,2,2,2,2,2,2,2,2,2,2,2,2,1,4, , , , , ,4,4,4,4, , , ,3, , , , , , , , , , ,2, , ,2,2, , , , , , , , , , , , , , , , , , , , , , , , , , , , , , , , , , , , , , , , , , , , , , , , , , , , , , , , , , , , , , , , , , , , , , , , , , , , , , , , , , , , , , , , , , , , , , , , , , , , , , , , , , , , , , , , ,2, ,61, , , , , , , , , , , , , , , , , , , , , , , , , , , , , , , , , , , , , , , ,10, , , , , , , , , , , , , , , , , , , , , , , , , , , , , , , , , ,4, , , , , , ,5, , , , , , , , , , , , , , , , , , , , , , , , , , , , , , , , , , , , , , , , , , , , , , , , , , , , , , , , , , , , , , , , , , , , ,1, , , , , ,1, , , , , , , , , , , , , , , , , , , , , , , , , , , , , , , , , , , , , , , , , , , , , , , , , , , , , , , , , , , , , , ,3, , ,2, , , , , , , , , ,1, , , , , , , , , , , , , , , , , , , , , , , , , , , , , , , , , , , , , ,2/3/2024,2/3/2024,2
1202401,2,.754298644753351,8037809,4,2,4,2,4,4,4,2,8, , , , , , , , , , , , , , , , , , , , , , , , , , , , , , , , , ,4,2,4, , , , , , , , , , , , , , , , , , , , , , , , , , , , , , , , , , , , , , , , , , , , , , , , , , , , , , , , , , , , , , , , , , , , , , , , , , , , , , , , , , , , , , , , , , , , , , , , , , , , , , , , , , , , , , , , , , , , , , , , , , ,4, ,2, ,4, ,3, ,3, ,4, , ,4,4,4,4,3,2,4,4,4,3,1,1,1,3,2,1,3,8,3,2,4,2,3, , ,7,99,3, , , ,2, ,4,6,7, ,8,3,1,2,1,1,1,8,2,2,2,2,8,2,1,1,3, , , , , ,3,9,3,4, , , ,3, , , , , , , , , , ,2, , ,1,2, , , , , , , , , , , , , , , , , , , , , , , , , , , , , , , , , , , , , , , , , , , , , , , , , , , , , , , , , , , , , , , , , , , , , , , , , , , , , , , , , , , , , , , , , , , , , , , , , , , , , , , , , , , , , , , , ,1, ,30, , , , , , , , , , , , , , , , , , , , , , , , , , , , , , , , , , , , , , , ,6, , , , , , , , , , , , , , , , , , , , , , , , , , , , , , , , , ,4, , , , , , ,6, , , , , , , , , , , , , , , , , , , , , , , , , , , , , , , , , , , , , , , , , , , , , , , , , , , , , , , , , , , , , , , , , , , , ,1, , , , , ,2, , , , , , , , , , , , , , , , , , , , , , , , , , , , , , , , , , , , , , , , , , , , , , , , , , , , , , , , , , , , , , ,5, , ,1, , , , , , , , , ,8, , , , , , , , , , , , , , , , , , , , , , , , , , , , , , , , , , , , , ,1/29/2024,1/29/2024,2
1202401,2,.425278438993516,8038115,2,2,2,3,3,2,3,2,4, , , , , , , , , , , , , , , , , , , , , , , , , , , , , , , , , ,2,3,2, , , , , , , , , , , , , , , , , , , , , , , , , , , , , , , , , , , , , , , , , , , , , , , , , , , , , , , , , , , , , , , , , , , , , , , , , , , , , , , , , , , , , , , , , , , , , , , , , , , , , , , , , , , , , , , , , , , , , , , , , , ,2, ,4, ,3, ,4, ,2, ,1, , ,1,2,1,1,2,1,2,2,4,2,1,2,2,2,2,2,2,2,2,2,1,1,3, , ,7,99,2, , , ,1, ,4,6,7, ,2,1,2,2,2,2,2,2,2,2,2,2,2,2,2,1,4, , , , , ,4,4,2,2,2, , ,3, , , , , , , , , , ,2, , ,1,2, , , , , , , , , , , , , , , , , , , , , , , , , , , , , , , , , , , , , , , , , , , , , , , , , , , , , , , , , , , , , , , , , , , , , , , , , , , , , , , , , , , , , , , , , , , , , , , , , , , , , , , , , , , , , , , , ,1, ,62, , , , , , , , , , , , , , , , , , , , , , , , , , , , , , , , , , , , , , , ,11, , , , , , , , , , , , , , , , , , , , , , , , , , , , , , , , , ,2, , , , , , ,99,2, , , , , , , , , , , , , , , , , , , , , , , , , , , , , , , , , , , , , , , , , , , , , , , , , , , , , , , , , , , , , , , , , , , ,2,2, , , , ,1, , , , , , , , , , , , , , , , , , , , , , , , , , , , , , , , , , , , , , , , , , , , , , , , , , , , , , , , , , , , , , ,3, , ,2, , , , , , , , , ,3, , , , , , , , , , , , , , , , , , , , , , , , , , , , , , , , , , , , , ,2/9/2024,2/9/2024,2
1202401,2,.976051326207801,8038404,4,2,2,4,4,1,2,2,4, , , , , , , , , , , , , , , , , , , , , , , , , , , , , , , , , ,2,4,2, , , , , , , , , , , , , , , , , , , , , , , , , , , , , , , , , , , , , , , , , , , , , , , , , , , , , , , , , , , , , , , , , , , , , , , , , , , , , , , , , , , , , , , , , , , , , , , , , , , , , , , , , , , , , , , , , , , , , , , , , , ,2, ,4, ,4, ,4, ,1, ,4, , ,3,2,4,2,2,1,4,2,4,1,2,1,2,3,2,1,1,1,1,1,1,1,2, , ,99,99,99, , , ,1, ,3,5,2, ,1,8,1,1,1,2,1,2,1,2,2,2,1,8,1,2,4, , , , , ,4,4,4,4, , , ,4, , , , , , , , , , ,2, , ,1,2, , , , , , , , , , , , , , , , , , , , , , , , , , , , , , , , , , , , , , , , , , , , , , , , , , , , , , , , , , , , , , , , , , , , , , , , , , , , , , , , , , , , , , , , , , , , , , , , , , , , , , , , , , , , , , , , ,2, ,30, , , , , , , , , , , , , , , , , , , , , , , , , , , , , , , , , , , , , , , ,11, , , , , , , , , , , , , , , , , , , , , , , , , , , , , , , , , ,3, , , , , , ,8, , , , , , , , , , , , , , , , , , , , , , , , , , , , , , , , , , , , , , , , , , , , , , , , , , , , , , , , , , , , , , , , , , , , ,2,2, , , , ,1, , , , , , , , , , , , , , , , , , , , , , , , , , , , , , , , , , , , , , , , , , , , , , , , , , , , , , , , , , , , , , ,3, , ,2, , , , , , , , , ,9, , , , , , , , , , , , , , , , , , , , , , , , , , , , , , , , , , , , , ,4/17/2024,4/17/2024,2
1202401,2,1.94919786395187,8038480,2,2,1,4,4,2,2,1,4, , , , , , , , , , , , , , , , , , , , , , , , , , , , , , , , , ,1,4,2, , , , , , , , , , , , , , , , , , , , , , , , , , , , , , , , , , , , , , , , , , , , , , , , , , , , , , , , , , , , , , , , , , , , , , , , , , , , , , , , , , , , , , , , , , , , , , , , , , , , , , , , , , , , , , , , , , , , , , , , , , ,1, ,4, ,4, ,4, ,2, ,2, , ,1,1,4,1,2,1,2,1,2,1,2,3,1,2,1,1,3,1,1,1,1,1,2, , ,1,2,99, , , ,2, ,4,7,7, ,2,3,1,1,1,2,1,2,2,2,2,2,8,2,2,1,4, , , , , ,4,4,4,4, , , ,3, , , , , , , , , , ,2, , ,2,2, , , , , , , , , , , , , , , , , , , , , , , , , , , , , , , , , , , , , , , , , , , , , , , , , , , , , , , , , , , , , , , , , , , , , , , , , , , , , , , , , , , , , , , , , , , , , , , , , , , , , , , , , , , , , , , , ,2, ,62, , , , , , , , , , , , , , , , , , , , , , , , , , , , , , , , , , , , , , , ,4, , , , , , , , , , , , , , , , , , , , , , , , , , , , , , , , , ,3, , , , , , ,8, , , , , , , , , , , , , , , , , , , , , , , , , , , , , , , , , , , , , , , , , , , , , , , , , , , , , , , , , , , , , , , , , , , , ,2,2, , , , ,1, , , , , , , , , , , , , , , , , , , , , , , , , , , , , , , , , , , , , , , , , , , , , , , , , , , , , , , , , , , , , , ,0, , ,2, , , , , , , , , ,3, , , , , , , , , , , , , , , , , , , , , , , , , , , , , , , , , , , , , ,2/27/2024,2/27/2024,2
1202401,2,.800463404127413,8038514,3,1,1,3,3,1,1,1,4, , , , , , , , , , , , , , , , , , , , , , , , , , , , , , , , , ,9,9,9, , , , , , , , , , , , , , , , , , , , , , , , , , , , , , , , , , , , , , , , , , , , , , , , , , , , , , , , , , , , , , , , , , , , , , , , , , , , , , , , , , , , , , , , , , , , , , , , , , , , , , , , , , , , , , , , , , , , , , , , , , ,2, ,4, ,3, ,4, ,2, ,1, , ,1,1,2,1,2,2,3,3,3,4,1,1,1,1,1,1,1,2,2,2,2,3,3, , ,1,2,99, , , ,2, ,3,7,6, ,1,2,2,2,2,8,2,2,2,2,2,2,1,1,1,2,3, , , , , ,4,4,3,4, , , ,2, , , , , , , , , , ,2, , ,2,1, , , , , , , , , , , , , , , , , , , , , , , , , , , , , , , , , , , , , , , , , , , , , , , , , , , , , , , , , , , , , , , , , , , , , , , , , , , , , , , , , , , , , , , , , , , , , , , , , , , , , , , , , , , , , , , , ,1, ,50, , , , , , , , , , , , , , , , , , , , , , , , , , , , , , , , , , , , , , , ,10, , , , , , , , , , , , , , , , , , , , , , , , , , , , , , , , , ,2, , , , , , ,7, , , , , , , , , , , , , , , , , , , , , , , , , , , , , , , , , , , , , , , , , , , , , , , , , , , , , , , , , , , , , , , , , , , , ,3,2, , , , ,1, , , , , , , , , , , , , , , , , , , , , , , , , , , , , , , , , , , , , , , , , , , , , , , , , , , , , , , , , , , , , , ,3, , ,2, , , , , , , , , ,8, , , , , , , , , , , , , , , , , , , , , , , , , , , , , , , , , , , , , ,2/2/2024,2/2/2024,2
1202401,2,1.58914808569874,8038552,4,2,4,3,3,3,4,4,2, , , , , , , , , , , , , , , , , , , , , , , , , , , , , , , , , ,4,2,2, , , , , , , , , , , , , , , , , , , , , , , , , , , , , , , , , , , , , , , , , , , , , , , , , , , , , , , , , , , , , , , , , , , , , , , , , , , , , , , , , , , , , , , , , , , , , , , , , , , , , , , , , , , , , , , , , , , , , , , , , , ,4, ,3, ,2, ,2, ,3, ,4, , ,4,3,3,4,4,2,4,3,3,1,1,1,1,1,2,1,1,1,3,3,2,1,3, , ,99,99,99, , , ,1, ,9,7,7, ,2,3,1,1,1,1,1,1,2,2,2,1,1,2,1,8,4, , , , , ,4,4,4,4, , , ,3, , , , , , , , , , ,3, , ,1,2, , , , , , , , , , , , , , , , , , , , , , , , , , , , , , , , , , , , , , , , , , , , , , , , , , , , , , , , , , , , , , , , , , , , , , , , , , , , , , , , , , , , , , , , , , , , , , , , , , , , , , , , , , , , , , , , ,1, ,47, , , , , , , , , , , , , , , , , , , , , , , , , , , , , , , , , , , , , , , ,9, , , , , , , , , , , , , , , , , , , , , , , , , , , , , , , , , ,2, , , , , , ,2, , , , , , , , , , , , , , , , , , , , , , , , , , , , , , , , , , , , , , , , , , , , , , , , , , , , , , , , , , , , , , , , , , , , ,2,2, , , , ,2, , , , , , , , , , , , , , , , , , , , , , , , , , , , , , , , , , , , , , , , , , , , , , , , , , , , , , , , , , , , , , ,4, , ,2, , , , , , , , , ,1, , , , , , , , , , , , , , , , , , , , , , , , , , , , , , , , , , , , , ,4/19/2024,4/19/2024,2
1202401,2,.909223963942293,8038595,2,2,1,2,2,2,2,2,3, , , , , , , , , , , , , , , , , , , , , , , , , , , , , , , , , ,8,8,8, , , , , , , , , , , , , , , , , , , , , , , , , , , , , , , , , , , , , , , , , , , , , , , , , , , , , , , , , , , , , , , , , , , , , , , , , , , , , , , , , , , , , , , , , , , , , , , , , , , , , , , , , , , , , , , , , , , , , , , , , , ,3, ,4, ,3, ,4, ,4, ,4, , ,3,4,3,4,4,1,2,1,1,1,3,3,3,1,2,2,2,1,2,2,2,1,3, , ,1,1,99, , , ,2, ,2,5,1, ,1,3,1,2,1,1,1,2,2,1,2,2,1,1,1,2,1, , , , , ,2,2,2,2,2, , ,3, , , , , , , , , , ,2, , ,2,2, , , , , , , , , , , , , , , , , , , , , , , , , , , , , , , , , , , , , , , , , , , , , , , , , , , , , , , , , , , , , , , , , , , , , , , , , , , , , , , , , , , , , , , , , , , , , , , , , , , , , , , , , , , , , , , , ,1, ,24, , , , , , , , , , , , , , , , , , , , , , , , , , , , , , , , , , , , , , , ,10, , , , , , , , , , , , , , , , , , , , , , , , , , , , , , , , , ,4, , , , , , ,98,1, , , , , , , , , , , , , , , , , , , , , , , , , , , , , , , , , , , , , , , , , , , , , , , , , , , , , , , , , , , , , , , , , , , ,4,2, , , , ,1, , , , , , , , , , , , , , , , , , , , , , , , , , , , , , , , , , , , , , , , , , , , , , , , , , , , , , , , , , , , , , ,3, , ,2, , , , , , , , , ,3, , , , , , , , , , , , , , , , , , , , , , , , , , , , , , , , , , , , , ,2/2/2024,2/2/2024,2
1202401,2,1.43689016095195,8038682,4,1,3,2,3,8,3,4,4, , , , , , , , , , , , , , , , , , , , , , , , , , , , , , , , , ,4,3,2, , , , , , , , , , , , , , , , , , , , , , , , , , , , , , , , , , , , , , , , , , , , , , , , , , , , , , , , , , , , , , , , , , , , , , , , , , , , , , , , , , , , , , , , , , , , , , , , , , , , , , , , , , , , , , , , , , , , , , , , , , ,3, ,3, ,3, ,4, ,8, ,2, , ,3,4,3,4,4,1,3,3,3,1,1,2,1,2,3,1,1,1,2,1,1,1,2, , ,1,1,99, , , ,2, ,1,4,2, ,1,2,1,2,2,2,2,2,1,1,2,1,1,1,1,2,4, , , , , ,2,2,2,3, , , ,4, , , , , , , , , , ,2, , ,1,2, , , , , , , , , , , , , , , , , , , , , , , , , , , , , , , , , , , , , , , , , , , , , , , , , , , , , , , , , , , , , , , , , , , , , , , , , , , , , , , , , , , , , , , , , , , , , , , , , , , , , , , , , , , , , , , , ,2, ,41, , , , , , , , , , , , , , , , , , , , , , , , , , , , , , , , , , , , , , , ,10, , , , , , , , , , , , , , , , , , , , , , , , , , , , , , , , , ,4, , , , , , ,5, , , , , , , , , , , , , , , , , , , , , , , , , , , , , , , , , , , , , , , , , , , , , , , , , , , , , , , , , , , , , , , , , , , , ,3,1, , , , ,97, , , , , , , , , , , , , , , , , , , , , , , , , , , , ,2, , , , , , , , , , , , , , , , , , , , , , , , , , , , , , , , , ,3, , ,2, , , , , , , , , ,9, , , , , , , , , , , , , , , , , , , , , , , , , , , , , , , , , , , , , ,1/31/2024,1/31/2024,2
1202401,2,1.77272152769776,8038824,3,2,2,2,3,1,4,3,3, , , , , , , , , , , , , , , , , , , , , , , , , , , , , , , , , ,4,1,3, , , , , , , , , , , , , , , , , , , , , , , , , , , , , , , , , , , , , , , , , , , , , , , , , , , , , , , , , , , , , , , , , , , , , , , , , , , , , , , , , , , , , , , , , , , , , , , , , , , , , , , , , , , , , , , , , , , , , , , , , , ,3, ,3, ,3, ,4, ,3, ,2, , ,4,4,3,4,4,2,3,3,3,1,3,3,3,2,2,2,3,2,3,2,1,1,2, , ,1,2,99, , , ,2, ,4,7,7, ,2,3,2,2,2,2,2,2,2,2,2,2,2,2,2,1,3, , , , , ,4,4,4,4, , , ,2, , , , , , , , , , ,2, , ,1,2, , , , , , , , , , , , , , , , , , , , , , , , , , , , , , , , , , , , , , , , , , , , , , , , , , , , , , , , , , , , , , , , , , , , , , , , , , , , , , , , , , , , , , , , , , , , , , , , , , , , , , , , , , , , , , , , ,1, ,29, , , , , , , , , , , , , , , , , , , , , , , , , , , , , , , , , , , , , , , ,9, , , , , , , , , , , , , , , , , , , , , , , , , , , , , , , , , ,2, , , , , , ,5, , , , , , , , , , , , , , , , , , , , , , , , , , , , , , , , , , , , , , , , , , , , , , , , , , , , , , , , , , , , , , , , , , , , ,1, , , , , ,2, , , , , , , , , , , , , , , , , , , , , , , , , , , , , , , , , , , , , , , , , , , , , , , , , , , , , , , , , , , , , , ,4, , ,2, , , , , , , , , ,3, , , , , , , , , , , , , , , , , , , , , , , , , , , , , , , , , , , , , ,4/17/2024,4/17/2024,2
1202401,2,1.65735633965812,8039058,3,2,3,2,8,8,4,3,8, , , , , , , , , , , , , , , , , , , , , , , , , , , , , , , , , ,4,2,4, , , , , , , , , , , , , , , , , , , , , , , , , , , , , , , , , , , , , , , , , , , , , , , , , , , , , , , , , , , , , , , , , , , , , , , , , , , , , , , , , , , , , , , , , , , , , , , , , , , , , , , , , , , , , , , , , , , , , , , , , , ,4, ,2, ,8, ,4, ,8, ,8, , ,3,4,8,8,8,8,4,3,2,1,1,1,1,2,2,2,1,4,4,3,2,4,2, , ,7,99,3, , , ,2, ,2,7,3, ,1,1,1,1,1,8,1,8,2,2,1,2,1,2,2,1,4, , , , , ,4,4,4,4, , , ,1, , , , , , , , , , ,2, , ,1,2, , , , , , , , , , , , , , , , , , , , , , , , , , , , , , , , , , , , , , , , , , , , , , , , , , , , , , , , , , , , , , , , , , , , , , , , , , , , , , , , , , , , , , , , , , , , , , , , , , , , , , , , , , , , , , , , ,1, ,37, , , , , , , , , , , , , , , , , , , , , , , , , , , , , , , , , , , , , , , ,6, , , , , , , , , , , , , , , , , , , , , , , , , , , , , , , , , ,3, , , , , , ,99,1, , , , , , , , , , , , , , , , , , , , , , , , , , , , , , , , , , , , , , , , , , , , , , , , , , , , , , , , , , , , , , , , , , , ,4,2, , , , ,2, , , , , , , , , , , , , , , , , , , , , , , , , , , , , , , , , , , , , , , , , , , , , , , , , , , , , , , , , , , , , , ,4, , ,2, , , , , , , , , ,1, , , , , , , , , , , , , , , , , , , , , , , , , , , , , , , , , , , , , ,1/31/2024,1/31/2024,2
1202401,2,.550319735303271,8039324,3,2,3,3,4,2,2,2,4, , , , , , , , , , , , , , , , , , , , , , , , , , , , , , , , , ,2,4,2, , , , , , , , , , , , , , , , , , , , , , , , , , , , , , , , , , , , , , , , , , , , , , , , , , , , , , , , , , , , , , , , , , , , , , , , , , , , , , , , , , , , , , , , , , , , , , , , , , , , , , , , , , , , , , , , , , , , , , , , , , ,3, ,4, ,4, ,4, ,2, ,2, , ,3,3,3,3,4,1,3,1,2,2,2,2,2,2,2,2,2,1,2,2,2,2,2, , ,7,99,3, , , ,1, ,4,7,7, ,1,3,2,2,2,2,2,2,2,2,2,2,1,2,2,1,4, , , , , ,4,4,4,4, , , ,3, , , , , , , , , , ,2, , ,2,2, , , , , , , , , , , , , , , , , , , , , , , , , , , , , , , , , , , , , , , , , , , , , , , , , , , , , , , , , , , , , , , , , , , , , , , , , , , , , , , , , , , , , , , , , , , , , , , , , , , , , , , , , , , , , , , , ,2, ,49, , , , , , , , , , , , , , , , , , , , , , , , , , , , , , , , , , , , , , , ,11, , , , , , , , , , , , , , , , , , , , , , , , , , , , , , , , , ,2, , , , , , ,10, , , , , , , , , , , , , , , , , , , , , , , , , , , , , , , , , , , , , , , , , , , , , , , , , , , , , , , , , , , , , , , , , , , , ,3,2, , , , ,1, , , , , , , , , , , , , , , , , , , , , , , , , , , , , , , , , , , , , , , , , , , , , , , , , , , , , , , , , , , , , , ,3, , ,2, , , , , , , , , ,3, , , , , , , , , , , , , , , , , , , , , , , , , , , , , , , , , , , , , ,2/7/2024,2/7/2024,2
1202401,2,.796812561316493,8039341,4,2,3,2,4,2,3,3,2, , , , , , , , , , , , , , , , , , , , , , , , , , , , , , , , , ,4,2,4, , , , , , , , , , , , , , , , , , , , , , , , , , , , , , , , , , , , , , , , , , , , , , , , , , , , , , , , , , , , , , , , , , , , , , , , , , , , , , , , , , , , , , , , , , , , , , , , , , , , , , , , , , , , , , , , , , , , , , , , , , ,4, ,1, ,4, ,3, ,4, ,4, , ,4,4,4,4,4,1,4,3,1,8,1,1,1,3,3,2,1,8,3,3,1,2,3, , ,7,99,3, , , ,2, ,1,5,2, ,1,2,1,2,1,1,2,1,2,1,2,2,1,1,8,1,4, , , , , ,2,2,1,2,1, , ,4, , , , , , , , , , ,2, , ,1,8, , , , , , , , , , , , , , , , , , , , , , , , , , , , , , , , , , , , , , , , , , , , , , , , , , , , , , , , , , , , , , , , , , , , , , , , , , , , , , , , , , , , , , , , , , , , , , , , , , , , , , , , , , , , , , , , ,1, ,29, , , , , , , , , , , , , , , , , , , , , , , , , , , , , , , , , , , , , , , ,11, , , , , , , , , , , , , , , , , , , , , , , , , , , , , , , , , ,4, , , , , , ,7, , , , , , , , , , , , , , , , , , , , , , , , , , , , , , , , , , , , , , , , , , , , , , , , , , , , , , , , , , , , , , , , , , , , ,2,2, , , , ,2, , , , , , , , , , , , , , , , , , , , , , , , , , , , , , , , , , , , , , , , , , , , , , , , , , , , , , , , , , , , , , ,4, , ,2, , , , , , , , , ,9, , , , , , , , , , , , , , , , , , , , , , , , , , , , , , , , , , , , , ,2/7/2024,2/7/2024,2
1202401,2,2.07221780708306,8039458,4,2,3,3,4,4,4,4,4, , , , , , , , , , , , , , , , , , , , , , , , , , , , , , , , , ,4,4,4, , , , , , , , , , , , , , , , , , , , , , , , , , , , , , , , , , , , , , , , , , , , , , , , , , , , , , , , , , , , , , , , , , , , , , , , , , , , , , , , , , , , , , , , , , , , , , , , , , , , , , , , , , , , , , , , , , , , , , , , , , ,4, ,1, ,4, ,4, ,2, ,2, , ,4,4,4,4,4,1,1,1,1,4,1,1,1,1,3,1,1,1,1,4,4,1,2, , ,1,99,99, , , ,2, ,1,4,2, ,1,1,1,1,1,1,2,2,2,2,2,2,1,2,2,1,3, , , , , ,3,3,3,1,1, , ,2, , , , , , , , , , ,1, , ,2,2, , , , , , , , , , , , , , , , , , , , , , , , , , , , , , , , , , , , , , , , , , , , , , , , , , , , , , , , , , , , , , , , , , , , , , , , , , , , , , , , , , , , , , , , , , , , , , , , , , , , , , , , , , , , , , , , ,1, ,36, , , , , , , , , , , , , , , , , , , , , , , , , , , , , , , , , , , , , , , ,6, , , , , , , , , , , , , , , , , , , , , , , , , , , , , , , , , ,4, , , , , , ,10, , , , , , , , , , , , , , , , , , , , , , , , , , , , , , , , , , , , , , , , , , , , , , , , , , , , , , , , , , , , , , , , , , , , ,3,2, , , , ,97, , , , , , , , , , , , , , , , , , , , , , , , , , , , ,2, , , , , , , , , , , , , , , , , , , , , , , , , , , , , , , , , ,3, , ,2, , , , , , , , , ,8, , , , , , , , , , , , , , , , , , , , , , , , , , , , , , , , , , , , , ,1/31/2024,1/31/2024,2
1202401,2,.637473563885011,8039685,3,2,2,2,2,2,2,2,3, , , , , , , , , , , , , , , , , , , , , , , , , , , , , , , , , ,9,9,9, , , , , , , , , , , , , , , , , , , , , , , , , , , , , , , , , , , , , , , , , , , , , , , , , , , , , , , , , , , , , , , , , , , , , , , , , , , , , , , , , , , , , , , , , , , , , , , , , , , , , , , , , , , , , , , , , , , , , , , , , , ,1, ,3, ,9, ,4, ,1, ,2, , ,2,2,2,2,1,1,3,3,3,2,1,2,1,2,2,1,2,2,2,3,2,3,3, , ,7,99,3, , , ,1, ,3,6,6, ,1,3,2,2,1,2,2,2,2,2,2,2,1,9,9,2,4, , , , , ,4,4,4,4, , , ,4, , , , , , , , , , ,1, , ,2,9, , , , , , , , , , , , , , , , , , , , , , , , , , , , , , , , , , , , , , , , , , , , , , , , , , , , , , , , , , , , , , , , , , , , , , , , , , , , , , , , , , , , , , , , , , , , , , , , , , , , , , , , , , , , , , , , ,1, ,30, , , , , , , , , , , , , , , , , , , , , , , , , , , , , , , , , , , , , , , ,11, , , , , , , , , , , , , , , , , , , , , , , , , , , , , , , , , ,3, , , , , , ,10, , , , , , , , , , , , , , , , , , , , , , , , , , , , , , , , , , , , , , , , , , , , , , , , , , , , , , , , , , , , , , , , , , , , ,1, , , , , ,1, , , , , , , , , , , , , , , , , , , , , , , , , , , , , , , , , , , , , , , , , , , , , , , , , , , , , , , , , , , , , , ,4, , ,2, , , , , , , , , ,9, , , , , , , , , , , , , , , , , , , , , , , , , , , , , , , , , , , , , ,2/13/2024,2/13/2024,2
1202401,2,.723581527507055,8039728,3,2,3,4,8,3,3,3,3, , , , , , , , , , , , , , , , , , , , , , , , , , , , , , , , , ,3,3,8, , , , , , , , , , , , , , , , , , , , , , , , , , , , , , , , , , , , , , , , , , , , , , , , , , , , , , , , , , , , , , , , , , , , , , , , , , , , , , , , , , , , , , , , , , , , , , , , , , , , , , , , , , , , , , , , , , , , , , , , , , ,4, ,4, ,3, ,4, ,3, ,3, , ,4,4,8,4,4,2,2,2,2,1,1,1,1,2,2,2,2,2,2,8,1,2,2, , ,7,99,2, , , ,1, ,4,7,7, ,2,8,1,1,1,8,8,8,2,2,2,2,1,2,9,1,4, , , , , ,4,4,1,4, , , ,3, , , , , , , , , , ,2, , ,8, , , , , , , , , , , , , , , , , , , , , , , , , , , , , , , , , , , , , , , , , , , , , , , , , , , , , , , , , , , , , , , , , , , , , , , , , , , , , , , , , , , , , , , , , , , , , , , , , , , , , , , , , , , , , , , , , ,2, ,35, , , , , , , , , , , , , , , , , , , , , , , , , , , , , , , , , , , , , , , ,11, , , , , , , , , , , , , , , , , , , , , , , , , , , , , , , , , ,3, , , , , , ,7, , , , , , , , , , , , , , , , , , , , , , , , , , , , , , , , , , , , , , , , , , , , , , , , , , , , , , , , , , , , , , , , , , , , ,1, , , , , ,98, , , , , , , , , , , , , , , , , , , , , , , , , , , , ,2, , , , , , , , , , , , , , , , , , , , , , , , , , , , , , , , , ,2, , ,2, , , , , , , , , ,3, , , , , , , , , , , , , , , , , , , , , , , , , , , , , , , , , , , , , ,2/28/2024,2/28/2024,2
1202401,2,2.43256932414706,8039848,2,8,1,2,2,8,2,2,8, , , , , , , , , , , , , , , , , , , , , , , , , , , , , , , , , ,2,2,8, , , , , , , , , , , , , , , , , , , , , , , , , , , , , , , , , , , , , , , , , , , , , , , , , , , , , , , , , , , , , , , , , , , , , , , , , , , , , , , , , , , , , , , , , , , , , , , , , , , , , , , , , , , , , , , , , , , , , , , , , , ,1, ,1, ,8, ,3, ,2, ,8, , ,8,8,8,8,2,8,8,8,8,8,8,8,8,8,8,8,2,8,8,8,4,8,8, , ,1,2,99, , , ,2, ,1,4,1, ,1,1,1,1,2,1,2,2,1,2,2,2,2,8,8,8,8, , , , , ,8,8,8,8, , , ,8, , , , , , , , , , ,8, , ,8, , , , , , , , , , , , , , , , , , , , , , , , , , , , , , , , , , , , , , , , , , , , , , , , , , , , , , , , , , , , , , , , , , , , , , , , , , , , , , , , , , , , , , , , , , , , , , , , , , , , , , , , , , , , , , , , , ,2, ,26, , , , , , , , , , , , , , , , , , , , , , , , , , , , , , , , , , , , , , , ,6, , , , , , , , , , , , , , , , , , , , , , , , , , , , , , , , , ,2, , , , , , ,98,1, , , , , , , , , , , , , , , , , , , , , , , , , , , , , , , , , , , , , , , , , , , , , , , , , , , , , , , , , , , , , , , , , , , ,2,2, , , , ,98, , , , , , , , , , , , , , , , , , , , , , , , , , , , ,8, , , , , , , , , , , , , , , , , , , , , , , , , , , , , , , , , ,8, , ,2, , , , , , , , , ,3, , , , , , , , , , , , , , , , , , , , , , , , , , , , , , , , , , , , , ,4/19/2024,4/19/2024,2
1202401,2,1.70146695958164,8039849,3,2,3,3,4,3,3,2,4, , , , , , , , , , , , , , , , , , , , , , , , , , , , , , , , , ,3,4,2, , , , , , , , , , , , , , , , , , , , , , , , , , , , , , , , , , , , , , , , , , , , , , , , , , , , , , , , , , , , , , , , , , , , , , , , , , , , , , , , , , , , , , , , , , , , , , , , , , , , , , , , , , , , , , , , , , , , , , , , , , ,2, ,4, ,4, ,4, ,3, ,1, , ,2,2,2,2,4,1,1,2,2,1,1,2,2,2,1,1,4,1,1,4,1,1,2, , ,7,99,1, , , ,2, ,4,7,7, ,2,8,2,2,2,2,2,2,2,2,2,2,2,2,2,1,4, , , , , ,4,4,4,4, , , ,3, , , , , , , , , , ,3, , ,1,2, , , , , , , , , , , , , , , , , , , , , , , , , , , , , , , , , , , , , , , , , , , , , , , , , , , , , , , , , , , , , , , , , , , , , , , , , , , , , , , , , , , , , , , , , , , , , , , , , , , , , , , , , , , , , , , , ,1, ,42, , , , , , , , , , , , , , , , , , , , , , , , , , , , , , , , , , , , , , , ,6, , , , , , , , , , , , , , , , , , , , , , , , , , , , , , , , , ,4, , , , , , ,4, , , , , , , , , , , , , , , , , , , , , , , , , , , , , , , , , , , , , , , , , , , , , , , , , , , , , , , , , , , , , , , , , , , , ,2,1, , , , ,3, , , , , , , , , , , , , , , , , , , , , , , , , , , , , , , , , , , , , , , , , , , , , , , , , , , , , , , , , , , , , , ,1, , ,2, , , , , , , , , ,3, , , , , , , , , , , , , , , , , , , , , , , , , , , , , , , , , , , , , ,1/27/2024,1/27/2024,2
1202401,2,1.00226768563144,8039875,3,2,2,3,3,2,2,2,4, , , , , , , , , , , , , , , , , , , , , , , , , , , , , , , , , ,2,3,2, , , , , , , , , , , , , , , , , , , , , , , , , , , , , , , , , , , , , , , , , , , , , , , , , , , , , , , , , , , , , , , , , , , , , , , , , , , , , , , , , , , , , , , , , , , , , , , , , , , , , , , , , , , , , , , , , , , , , , , , , , ,2, ,4, ,4, ,4, ,8, ,2, , ,2,2,2,1,2,1,3,3,2,2,1,8,1,1,1,1,2,3,2,3,2,2,2, , ,7,99,3, , , ,1, ,3,7,6, ,9,3,1,2,1,2,2,2,2,2,2,2,2,9,9,1,4, , , , , ,4,4,1,4, , , ,3, , , , , , , , , , ,1, , ,2,2, , , , , , , , , , , , , , , , , , , , , , , , , , , , , , , , , , , , , , , , , , , , , , , , , , , , , , , , , , , , , , , , , , , , , , , , , , , , , , , , , , , , , , , , , , , , , , , , , , , , , , , , , , , , , , , , ,2, ,74, , , , , , , , , , , , , , , , , , , , , , , , , , , , , , , , , , , , , , , ,10, , , , , , , , , , , , , , , , , , , , , , , , , , , , , , , , , ,3, , , , , , ,4, , , , , , , , , , , , , , , , , , , , , , , , , , , , , , , , , , , , , , , , , , , , , , , , , , , , , , , , , , , , , , , , , , , , ,1, , , , , ,1, , , , , , , , , , , , , , , , , , , , , , , , , , , , , , , , , , , , , , , , , , , , , , , , , , , , , , , , , , , , , , ,3, , ,2, , , , , , , , , ,3, , , , , , , , , , , , , , , , , , , , , , , , , , , , , , , , , , , , , ,2/8/2024,2/8/2024,2
1202401,2,1.92172176161104,8039879,4,2,2,1,4,2,2,2,3, , , , , , , , , , , , , , , , , , , , , , , , , , , , , , , , , ,4,1,4, , , , , , , , , , , , , , , , , , , , , , , , , , , , , , , , , , , , , , , , , , , , , , , , , , , , , , , , , , , , , , , , , , , , , , , , , , , , , , , , , , , , , , , , , , , , , , , , , , , , , , , , , , , , , , , , , , , , , , , , , , ,4, ,1, ,4, ,3, ,3, ,2, , ,4,4,4,3,3,2,4,4,3,1,1,1,1,4,3,2,2,1,4,3,1,1,2, , ,7,99,3, , , ,1, ,4,7,7, ,2,3,1,2,1,2,2,2,2,2,2,2,1,2,2,1,4, , , , , ,4,4,4,4, , , ,1, , , , , , , , , , ,2, , ,1,2, , , , , , , , , , , , , , , , , , , , , , , , , , , , , , , , , , , , , , , , , , , , , , , , , , , , , , , , , , , , , , , , , , , , , , , , , , , , , , , , , , , , , , , , , , , , , , , , , , , , , , , , , , , , , , , , ,1, ,28, , , , , , , , , , , , , , , , , , , , , , , , , , , , , , , , , , , , , , , ,7, , , , , , , , , , , , , , , , , , , , , , , , , , , , , , , , , ,3, , , , , , ,6, , , , , , , , , , , , , , , , , , , , , , , , , , , , , , , , , , , , , , , , , , , , , , , , , , , , , , , , , , , , , , , , , , , , ,2,2, , , , ,2, , , , , , , , , , , , , , , , , , , , , , , , , , , , , , , , , , , , , , , , , , , , , , , , , , , , , , , , , , , , , , ,5, , ,2, , , , , , , , , ,9, , , , , , , , , , , , , , , , , , , , , , , , , , , , , , , , , , , , , ,1/27/2024,1/27/2024,2
1202401,2,1.76082288289367,8039902,4,2,2,2,3,2,2,2,2, , , , , , , , , , , , , , , , , , , , , , , , , , , , , , , , , ,4,1,3, , , , , , , , , , , , , , , , , , , , , , , , , , , , , , , , , , , , , , , , , , , , , , , , , , , , , , , , , , , , , , , , , , , , , , , , , , , , , , , , , , , , , , , , , , , , , , , , , , , , , , , , , , , , , , , , , , , , , , , , , , ,4, ,2, ,4, ,3, ,1, ,2, , ,4,2,4,4,4,1,4,4,4,2,1,1,1,3,3,2,3,3,4,2,1,1,3, , ,7,99,2, , , ,2, ,4,7,7, ,2,3,1,2,1,2,2,2,2,2,2,2,2,1,2,1,4, , , , , ,4,4,4,4, , , ,3, , , , , , , , , , ,1, , ,1,2, , , , , , , , , , , , , , , , , , , , , , , , , , , , , , , , , , , , , , , , , , , , , , , , , , , , , , , , , , , , , , , , , , , , , , , , , , , , , , , , , , , , , , , , , , , , , , , , , , , , , , , , , , , , , , , , ,1, ,18, , , , , , , , , , , , , , , , , , , , , , , , , , , , , , , , , , , , , , , ,5, , , , , , , , , , , , , , , , , , , , , , , , , , , , , , , , , ,2, , , , , , ,11, , , , , , , , , , , , , , , , , , , , , , , , , , , , , , , , , , , , , , , , , , , , , , , , , , , , , , , , , , , , , , , , , , , , ,5,4, , , , ,2, , , , , , , , , , , , , , , , , , , , , , , , , , , , , , , , , , , , , , , , , , , , , , , , , , , , , , , , , , , , , , ,5, , ,1, , , , , , , , , ,8, , , , , , , , , , , , , , , , , , , , , , , , , , , , , , , , , , , , , ,4/19/2024,4/19/2024,2
1202401,2,2.3997040047591,8040316,1,1,2,2,4,3,4,3,4, , , , , , , , , , , , , , , , , , , , , , , , , , , , , , , , , ,2,2,2, , , , , , , , , , , , , , , , , , , , , , , , , , , , , , , , , , , , , , , , , , , , , , , , , , , , , , , , , , , , , , , , , , , , , , , , , , , , , , , , , , , , , , , , , , , , , , , , , , , , , , , , , , , , , , , , , , , , , , , , , , ,2, ,1, ,2, ,2, ,4, ,2, , ,2,2,2,2,2,2,2,4,4,2,2,2,2,1,1,1,2,3,2,2,3,2,3, , ,1,1,99, , , ,2, ,1,6,7, ,1,2,1,1,1,2,1,2,2,1,2,1,1,1,1,1,4, , , , , ,2,2,4,1,1, , ,1, , , , , , , , , , ,2, , ,1,1, , , , , , , , , , , , , , , , , , , , , , , , , , , , , , , , , , , , , , , , , , , , , , , , , , , , , , , , , , , , , , , , , , , , , , , , , , , , , , , , , , , , , , , , , , , , , , , , , , , , , , , , , , , , , , , , ,1, ,38, , , , , , , , , , , , , , , , , , , , , , , , , , , , , , , , , , , , , , , ,6, , , , , , , , , , , , , , , , , , , , , , , , , , , , , , , , , ,3, , , , , , ,4, , , , , , , , , , , , , , , , , , , , , , , , , , , , , , , , , , , , , , , , , , , , , , , , , , , , , , , , , , , , , , , , , , , , ,4,4, , , , ,2, , , , , , , , , , , , , , , , , , , , , , , , , , , , , , , , , , , , , , , , , , , , , , , , , , , , , , , , , , , , , , ,1, , ,2, , , , , , , , , ,9, , , , , , , , , , , , , , , , , , , , , , , , , , , , , , , , , , , , , ,2/13/2024,2/13/2024,2
1202401,2,.656883954007804,8040543,4,2,4,2,4,4,4,4,2, , , , , , , , , , , , , , , , , , , , , , , , , , , , , , , , , ,4,3,4, , , , , , , , , , , , , , , , , , , , , , , , , , , , , , , , , , , , , , , , , , , , , , , , , , , , , , , , , , , , , , , , , , , , , , , , , , , , , , , , , , , , , , , , , , , , , , , , , , , , , , , , , , , , , , , , , , , , , , , , , , ,4, ,2, ,4, ,2, ,4, ,4, , ,4,4,4,4,4,1,3,2,1,1,1,1,1,3,3,3,2,1,1,1,1,1,1, , ,1,2,99, , , ,2, ,1,7,2, ,1,1,8,2,2,1,2,2,1,2,2,2,1,2,2,2,3, , , , , ,3,1,1,1,1, , ,4, , , , , , , , , , ,2, , ,1,2, , , , , , , , , , , , , , , , , , , , , , , , , , , , , , , , , , , , , , , , , , , , , , , , , , , , , , , , , , , , , , , , , , , , , , , , , , , , , , , , , , , , , , , , , , , , , , , , , , , , , , , , , , , , , , , , ,2, ,67, , , , , , , , , , , , , , , , , , , , , , , , , , , , , , , , , , , , , , , ,9, , , , , , , , , , , , , , , , , , , , , , , , , , , , , , , , , ,3, , , , , , ,3, , , , , , , , , , , , , , , , , , , , , , , , , , , , , , , , , , , , , , , , , , , , , , , , , , , , , , , , , , , , , , , , , , , , ,1, , , , , ,96, , , , , , , , , , , , , , , , , , , , , , , , , , , , , , , , , , , , , , , , , , , , , , , , , , , , , , , , , , , , , , ,5, , ,1, , , , , , , , , ,10, , , , , , , , , , , , , , , , , , , , , , , , , , , , , , , , , , , , , ,4/18/2024,4/18/2024,2
1202401,2,1.00805976048269,8040653,3,2,2,4,4,2,1,1,4, , , , , , , , , , , , , , , , , , , , , , , , , , , , , , , , , ,4,2,4, , , , , , , , , , , , , , , , , , , , , , , , , , , , , , , , , , , , , , , , , , , , , , , , , , , , , , , , , , , , , , , , , , , , , , , , , , , , , , , , , , , , , , , , , , , , , , , , , , , , , , , , , , , , , , , , , , , , , , , , , , ,1, ,4, ,4, ,4, ,3, ,1, , ,1,1,1,2,1,1,3,1,2,1,2,1,1,2,1,1,1,1,2,1,1,1,2, , ,1,2,99, , , ,2, ,1,3,1, ,1,1,1,2,1,1,1,2,2,1,2,1,1,1,1,2,2, , , , , ,2,2,1,2,2, , ,2, , , , , , , , , , ,2, , ,2,2, , , , , , , , , , , , , , , , , , , , , , , , , , , , , , , , , , , , , , , , , , , , , , , , , , , , , , , , , , , , , , , , , , , , , , , , , , , , , , , , , , , , , , , , , , , , , , , , , , , , , , , , , , , , , , , , ,1, ,62, , , , , , , , , , , , , , , , , , , , , , , , , , , , , , , , , , , , , , , ,6, , , , , , , , , , , , , , , , , , , , , , , , , , , , , , , , , ,2, , , , , , ,4, , , , , , , , , , , , , , , , , , , , , , , , , , , , , , , , , , , , , , , , , , , , , , , , , , , , , , , , , , , , , , , , , , , , ,2,2, , , , ,97, , , , , , , , , , , , , , , , , , , , , , , , , , , , ,2, , , , , , , , , , , , , , , , , , , , , , , , , , , , , , , , , ,3, , ,1, , , , , , , , , ,8, , , , , , , , , , , , , , , , , , , , , , , , , , , , , , , , , , , , , ,2/12/2024,2/12/2024,2
1202401,2,2.43256932414706,8040682,4,2,2,4,4,3,2,3,4, , , , , , , , , , , , , , , , , , , , , , , , , , , , , , , , , ,2,4,2, , , , , , , , , , , , , , , , , , , , , , , , , , , , , , , , , , , , , , , , , , , , , , , , , , , , , , , , , , , , , , , , , , , , , , , , , , , , , , , , , , , , , , , , , , , , , , , , , , , , , , , , , , , , , , , , , , , , , , , , , , ,3, ,4, ,3, ,4, ,2, ,2, , ,3,2,3,2,4,1,2,1,2,3,1,1,1,1,2,1,3,1,2,2,2,1,1, , ,7,99,1, , , ,1, ,3,7,6, ,2,3,2,2,2,2,2,2,2,2,1,2,2,1,2,1,4, , , , , ,4,4,2,3, , , ,3, , , , , , , , , , ,3, , ,2,1, , , , , , , , , , , , , , , , , , , , , , , , , , , , , , , , , , , , , , , , , , , , , , , , , , , , , , , , , , , , , , , , , , , , , , , , , , , , , , , , , , , , , , , , , , , , , , , , , , , , , , , , , , , , , , , , ,2, ,32, , , , , , , , , , , , , , , , , , , , , , , , , , , , , , , , , , , , , , , ,9, , , , , , , , , , , , , , , , , , , , , , , , , , , , , , , , , ,5, , , , , , ,2, , , , , , , , , , , , , , , , , , , , , , , , , , , , , , , , , , , , , , , , , , , , , , , , , , , , , , , , , , , , , , , , , , , , ,1, , , , , ,3, , , , , , , , , , , , , , , , , , , , , , , , , , , , , , , , , , , , , , , , , , , , , , , , , , , , , , , , , , , , , , ,0, , ,2, , , , , , , , , ,9, , , , , , , , , , , , , , , , , , , , , , , , , , , , , , , , , , , , , ,2/11/2024,2/11/2024,2
1202401,2,.312375116590405,8040717,2,2,2,4,4,2,3,1,4, , , , , , , , , , , , , , , , , , , , , , , , , , , , , , , , , ,1,4,2, , , , , , , , , , , , , , , , , , , , , , , , , , , , , , , , , , , , , , , , , , , , , , , , , , , , , , , , , , , , , , , , , , , , , , , , , , , , , , , , , , , , , , , , , , , , , , , , , , , , , , , , , , , , , , , , , , , , , , , , , , ,1, ,4, ,4, ,4, ,1, ,1, , ,1,1,1,1,3,1,2,2,2,1,1,9,2,1,2,2,1,1,1,2,9,2,3, , ,7,99,3, , , ,1, ,4,7,7, ,2,4,1,2,2,2,2,2,2,2,2,2,2,2,2,1,4, , , , , ,4,4,4,4, , , ,4, , , , , , , , , , ,2, , ,2,2, , , , , , , , , , , , , , , , , , , , , , , , , , , , , , , , , , , , , , , , , , , , , , , , , , , , , , , , , , , , , , , , , , , , , , , , , , , , , , , , , , , , , , , , , , , , , , , , , , , , , , , , , , , , , , , , ,2, ,74, , , , , , , , , , , , , , , , , , , , , , , , , , , , , , , , , , , , , , , ,11, , , , , , , , , , , , , , , , , , , , , , , , , , , , , , , , , ,2, , , , , , ,11, , , , , , , , , , , , , , , , , , , , , , , , , , , , , , , , , , , , , , , , , , , , , , , , , , , , , , , , , , , , , , , , , , , , ,2,2, , , , ,1, , , , , , , , , , , , , , , , , , , , , , , , , , , , , , , , , , , , , , , , , , , , , , , , , , , , , , , , , , , , , , ,2, , ,1, , , , , , , , , ,1, , , , , , , , , , , , , , , , , , , , , , , , , , , , , , , , , , , , , ,1/31/2024,1/31/2024,2
1202401,2,1.76824757874302,8040727,2,1,2,2,2,2,2,2,1, , , , , , , , , , , , , , , , , , , , , , , , , , , , , , , , , ,2,3,2, , , , , , , , , , , , , , , , , , , , , , , , , , , , , , , , , , , , , , , , , , , , , , , , , , , , , , , , , , , , , , , , , , , , , , , , , , , , , , , , , , , , , , , , , , , , , , , , , , , , , , , , , , , , , , , , , , , , , , , , , , ,3, ,3, ,3, ,3, ,3, ,2, , ,3,3,3,3,3,3,3,2,2,2,2,2,2,2,2,2,2,3,3,3,2,2,3, , ,7,99,3, , , ,1, ,1,6,7, ,2,2,1,1,1,2,2,2,2,2,2,2,1,1,1,2,2, , , , , ,3,1,3,4, , , ,3, , , , , , , , , , ,2, , ,2,1, , , , , , , , , , , , , , , , , , , , , , , , , , , , , , , , , , , , , , , , , , , , , , , , , , , , , , , , , , , , , , , , , , , , , , , , , , , , , , , , , , , , , , , , , , , , , , , , , , , , , , , , , , , , , , , , ,1, ,22, , , , , , , , , , , , , , , , , , , , , , , , , , , , , , , , , , , , , , , ,6, , , , , , , , , , , , , , , , , , , , , , , , , , , , , , , , , ,3, , , , , , ,3, , , , , , , , , , , , , , , , , , , , , , , , , , , , , , , , , , , , , , , , , , , , , , , , , , , , , , , , , , , , , , , , , , , , ,2,2, , , , ,1, , , , , , , , , , , , , , , , , , , , , , , , , , , , , , , , , , , , , , , , , , , , , , , , , , , , , , , , , , , , , , ,3, , ,2, , , , , , , , , ,3, , , , , , , , , , , , , , , , , , , , , , , , , , , , , , , , , , , , , ,2/6/2024,2/6/2024,2
1202401,2,2.43256932414706,8040730,3,2,3,4,2,2,1,2,3, , , , , , , , , , , , , , , , , , , , , , , , , , , , , , , , , ,2,3,1, , , , , , , , , , , , , , , , , , , , , , , , , , , , , , , , , , , , , , , , , , , , , , , , , , , , , , , , , , , , , , , , , , , , , , , , , , , , , , , , , , , , , , , , , , , , , , , , , , , , , , , , , , , , , , , , , , , , , , , , , , ,2, ,4, ,8, ,4, ,8, ,8, , ,2,2,2,3,3,1,2,1,2,2,1,2,2,2,2,2,2,1,1,3,2,1,1, , ,7,99,3, , , ,1, ,4,7,7, ,2,8,1,1,1,1,1,2,2,2,1,1,1,2,2,8,4, , , , , ,1,4,1,4, , , ,1, , , , , , , , , , ,3, , ,3,2, , , , , , , , , , , , , , , , , , , , , , , , , , , , , , , , , , , , , , , , , , , , , , , , , , , , , , , , , , , , , , , , , , , , , , , , , , , , , , , , , , , , , , , , , , , , , , , , , , , , , , , , , , , , , , , , ,2, ,23, , , , , , , , , , , , , , , , , , , , , , , , , , , , , , , , , , , , , , , ,9, , , , , , , , , , , , , , , , , , , , , , , , , , , , , , , , , ,4, , , , , , ,2, , , , , , , , , , , , , , , , , , , , , , , , , , , , , , , , , , , , , , , , , , , , , , , , , , , , , , , , , , , , , , , , , , , , ,1, , , , , ,3, , , , , , , , , , , , , , , , , , , , , , , , , , , , , , , , , , , , , , , , , , , , , , , , , , , , , , , , , , , , , , ,1, , ,2, , , , , , , , , ,6, , , , , , , , , , , , , , , , , , , , , , , , , , , , , , , , , , , , , ,3/4/2024,3/4/2024,2
1202401,2,.868947256746163,8041106,3,2,4,2,2,2,1,2,1, , , , , , , , , , , , , , , , , , , , , , , , , , , , , , , , , ,2,4,4, , , , , , , , , , , , , , , , , , , , , , , , , , , , , , , , , , , , , , , , , , , , , , , , , , , , , , , , , , , , , , , , , , , , , , , , , , , , , , , , , , , , , , , , , , , , , , , , , , , , , , , , , , , , , , , , , , , , , , , , , , ,4, ,1, ,1, ,1, ,4, ,1, , ,3,4,2,4,4,4,4,4,4,4,4,4,4,1,1,1,1,1,4,1,1,1,2, , ,7,99,1, , , ,1, ,4,7,7, ,2,4,1,1,1,1,1,1,2,2,1,1,1,2,1,2,4, , , , , ,4,4,4,4, , , ,3, , , , , , , , , , ,2, , ,2,1, , , , , , , , , , , , , , , , , , , , , , , , , , , , , , , , , , , , , , , , , , , , , , , , , , , , , , , , , , , , , , , , , , , , , , , , , , , , , , , , , , , , , , , , , , , , , , , , , , , , , , , , , , , , , , , , ,1, ,33, , , , , , , , , , , , , , , , , , , , , , , , , , , , , , , , , , , , , , , ,2, , , , , , , , , , , , , , , , , , , , , , , , , , , , , , , , , ,1, , , , , , ,6, , , , , , , , , , , , , , , , , , , , , , , , , , , , , , , , , , , , , , , , , , , , , , , , , , , , , , , , , , , , , , , , , , , , ,5,3, , , , ,1, , , , , , , , , , , , , , , , , , , , , , , , , , , , , , , , , , , , , , , , , , , , , , , , , , , , , , , , , , , , , , ,3, , ,1, , , , , , , , , ,3, , , , , , , , , , , , , , , , , , , , , , , , , , , , , , , , , , , , , ,2/8/2024,2/8/2024,2
1202401,2,1.38354371608436,8041195,2,3,2,2,4,2,3,1,4, , , , , , , , , , , , , , , , , , , , , , , , , , , , , , , , , ,4,1,4, , , , , , , , , , , , , , , , , , , , , , , , , , , , , , , , , , , , , , , , , , , , , , , , , , , , , , , , , , , , , , , , , , , , , , , , , , , , , , , , , , , , , , , , , , , , , , , , , , , , , , , , , , , , , , , , , , , , , , , , , , ,4, ,4, ,4, ,4, ,2, ,4, , ,3,4,4,3,3,3,4,4,4,1,1,1,1,4,2,2,2,1,4,3,2,2,3, , ,7,99,3, , , ,2, ,4,7,7, ,2,4,2,2,2,2,2,2,2,2,2,2,2,2,2,8,4, , , , , ,4,4,4,4, , , ,3, , , , , , , , , , ,1, , ,2,2, , , , , , , , , , , , , , , , , , , , , , , , , , , , , , , , , , , , , , , , , , , , , , , , , , , , , , , , , , , , , , , , , , , , , , , , , , , , , , , , , , , , , , , , , , , , , , , , , , , , , , , , , , , , , , , , ,1, ,66, , , , , , , , , , , , , , , , , , , , , , , , , , , , , , , , , , , , , , , ,7, , , , , , , , , , , , , , , , , , , , , , , , , , , , , , , , , ,2, , , , , , ,11, , , , , , , , , , , , , , , , , , , , , , , , , , , , , , , , , , , , , , , , , , , , , , , , , , , , , , , , , , , , , , , , , , , , ,2,2, , , , ,2, , , , , , , , , , , , , , , , , , , , , , , , , , , , , , , , , , , , , , , , , , , , , , , , , , , , , , , , , , , , , , ,5, , ,2, , , , , , , , , ,9, , , , , , , , , , , , , , , , , , , , , , , , , , , , , , , , , , , , , ,2/14/2024,2/14/2024,2
1202401,2,2.22927646367533,8041349,3,2,3,3,4,3,3,4,3, , , , , , , , , , , , , , , , , , , , , , , , , , , , , , , , , ,4,3,3, , , , , , , , , , , , , , , , , , , , , , , , , , , , , , , , , , , , , , , , , , , , , , , , , , , , , , , , , , , , , , , , , , , , , , , , , , , , , , , , , , , , , , , , , , , , , , , , , , , , , , , , , , , , , , , , , , , , , , , , , , ,3, ,2, ,3, ,3, ,4, ,3, , ,3,3,2,3,4,2,3,3,3,2,2,1,1,2,2,2,2,2,2,2,1,1,1, , ,1,1,99, , , ,2, ,2,4,3, ,1,2,1,2,1,1,1,1,1,2,2,2,1,1,1,1,2, , , , , ,3,3,2,3, , , ,2, , , , , , , , , , ,2, , ,2,2, , , , , , , , , , , , , , , , , , , , , , , , , , , , , , , , , , , , , , , , , , , , , , , , , , , , , , , , , , , , , , , , , , , , , , , , , , , , , , , , , , , , , , , , , , , , , , , , , , , , , , , , , , , , , , , , ,1, ,28, , , , , , , , , , , , , , , , , , , , , , , , , , , , , , , , , , , , , , , ,8, , , , , , , , , , , , , , , , , , , , , , , , , , , , , , , , , ,3, , , , , , ,10, , , , , , , , , , , , , , , , , , , , , , , , , , , , , , , , , , , , , , , , , , , , , , , , , , , , , , , , , , , , , , , , , , , , ,3,3, , , , ,4, , , , , , , , , , , , , , , , , , , , , , , , , , , , , , , , , , , , , , , , , , , , , , , , , , , , , , , , , , , , , , ,4, , ,2, , , , , , , , , ,3, , , , , , , , , , , , , , , , , , , , , , , , , , , , , , , , , , , , , ,1/29/2024,1/29/2024,2
1202401,2,.53952722404403,8041563,3,1,3,2,2,8,8,2,4, , , , , , , , , , , , , , , , , , , , , , , , , , , , , , , , , ,4,1,3, , , , , , , , , , , , , , , , , , , , , , , , , , , , , , , , , , , , , , , , , , , , , , , , , , , , , , , , , , , , , , , , , , , , , , , , , , , , , , , , , , , , , , , , , , , , , , , , , , , , , , , , , , , , , , , , , , , , , , , , , , ,4, ,1, ,3, ,3, ,8, ,8, , ,3,8,2,3,4,2,3,1,3,4,2,3,4,2,3,2,3,1,2,2,2,1,2, , ,1,2,99, , , ,1, ,1,2,1, ,1,1,2,2,2,2,2,2,1,2,2,2,1,1,1,2,1, , , , , ,1,2,1,1,1, , ,3, , , , , , , , , , ,1, , ,2,2, , , , , , , , , , , , , , , , , , , , , , , , , , , , , , , , , , , , , , , , , , , , , , , , , , , , , , , , , , , , , , , , , , , , , , , , , , , , , , , , , , , , , , , , , , , , , , , , , , , , , , , , , , , , , , , , ,2, ,52, , , , , , , , , , , , , , , , , , , , , , , , , , , , , , , , , , , , , , , ,11, , , , , , , , , , , , , , , , , , , , , , , , , , , , , , , , , ,3, , , , , , ,7, , , , , , , , , , , , , , , , , , , , , , , , , , , , , , , , , , , , , , , , , , , , , , , , , , , , , , , , , , , , , , , , , , , , ,4,3, , , , ,2, , , , , , , , , , , , , , , , , , , , , , , , , , , , , , , , , , , , , , , , , , , , , , , , , , , , , , , , , , , , , , ,2, , ,1, , , , , , , , , ,9, , , , , , , , , , , , , , , , , , , , , , , , , , , , , , , , , , , , , ,1/26/2024,1/26/2024,2
1202401,2,1.53743412145204,8041697,4,2,2,3,3,2,2,2,3, , , , , , , , , , , , , , , , , , , , , , , , , , , , , , , , , ,3,3,8, , , , , , , , , , , , , , , , , , , , , , , , , , , , , , , , , , , , , , , , , , , , , , , , , , , , , , , , , , , , , , , , , , , , , , , , , , , , , , , , , , , , , , , , , , , , , , , , , , , , , , , , , , , , , , , , , , , , , , , , , , ,3, ,4, ,4, ,4, ,8, ,2, , ,3,3,2,2,2,1,3,2,2,1,1,2,1,1,2,1,3,2,2,4,2,1,2, , ,7,99,3, , , ,1, ,4,7,7, ,9,3,9,9,9,2,9,9,2,2,2,2,2,2,9,1,4, , , , , ,4,4,2,4, , , ,2, , , , , , , , , , ,3, , ,2,2, , , , , , , , , , , , , , , , , , , , , , , , , , , , , , , , , , , , , , , , , , , , , , , , , , , , , , , , , , , , , , , , , , , , , , , , , , , , , , , , , , , , , , , , , , , , , , , , , , , , , , , , , , , , , , , , ,1, ,38, , , , , , , , , , , , , , , , , , , , , , , , , , , , , , , , , , , , , , , ,9, , , , , , , , , , , , , , , , , , , , , , , , , , , , , , , , , ,4, , , , , , ,5, , , , , , , , , , , , , , , , , , , , , , , , , , , , , , , , , , , , , , , , , , , , , , , , , , , , , , , , , , , , , , , , , , , , ,1, , , , , ,97, , , , , , , , , , , , , , , , , , , , , , , , , , , , ,2, , , , , , , , , , , , , , , , , , , , , , , , , , , , , , , , , ,3, , ,2, , , , , , , , , ,9, , , , , , , , , , , , , , , , , , , , , , , , , , , , , , , , , , , , , ,1/29/2024,1/29/2024,2
1202401,2,.647989881456913,8041700,4,2,4,1,4,1,4,3,1, , , , , , , , , , , , , , , , , , , , , , , , , , , , , , , , , ,4,2,1, , , , , , , , , , , , , , , , , , , , , , , , , , , , , , , , , , , , , , , , , , , , , , , , , , , , , , , , , , , , , , , , , , , , , , , , , , , , , , , , , , , , , , , , , , , , , , , , , , , , , , , , , , , , , , , , , , , , , , , , , , ,3, ,1, ,4, ,1, ,3, ,1, , ,4,2,8,4,4,1,2,4,4,4,2,2,2,1,1,4,1,1,1,1,1,1,1, , ,1,1,99, , , ,2, ,1,1,1, ,1,1,2,2,1,1,1,1,2,1,1,1,1,1,2,2,4, , , , , ,1,1,1,4, , , ,3, , , , , , , , , , ,2, , ,1,2, , , , , , , , , , , , , , , , , , , , , , , , , , , , , , , , , , , , , , , , , , , , , , , , , , , , , , , , , , , , , , , , , , , , , , , , , , , , , , , , , , , , , , , , , , , , , , , , , , , , , , , , , , , , , , , , ,2, ,77, , , , , , , , , , , , , , , , , , , , , , , , , , , , , , , , , , , , , , , ,11, , , , , , , , , , , , , , , , , , , , , , , , , , , , , , , , , ,1, , , , , , ,8, , , , , , , , , , , , , , , , , , , , , , , , , , , , , , , , , , , , , , , , , , , , , , , , , , , , , , , , , , , , , , , , , , , , ,1, , , , , ,3, , , , , , , , , , , , , , , , , , , , , , , , , , , , , , , , , , , , , , , , , , , , , , , , , , , , , , , , , , , , , , ,3, , ,2, , , , , , , , , ,5, , , , , , , , , , , , , , , , , , , , , , , , , , , , , , , , , , , , , ,1/27/2024,1/27/2024,2
1202401,2,.536336274706762,8041787,3,2,2,2,4,2,3,2,4, , , , , , , , , , , , , , , , , , , , , , , , , , , , , , , , , ,4,2,2, , , , , , , , , , , , , , , , , , , , , , , , , , , , , , , , , , , , , , , , , , , , , , , , , , , , , , , , , , , , , , , , , , , , , , , , , , , , , , , , , , , , , , , , , , , , , , , , , , , , , , , , , , , , , , , , , , , , , , , , , , ,2, ,3, ,3, ,4, ,2, ,2, , ,3,2,2,2,3,1,3,2,1,2,1,1,1,2,2,2,3,1,3,2,1,1,2, , ,99,99,99, , , ,1, ,2,4,4, ,1,2,2,2,1,2,1,2,2,2,2,1,1,1,1,2,3, , , , , ,4,2,1,2,2, , ,3, , , , , , , , , , ,2, , ,2,2, , , , , , , , , , , , , , , , , , , , , , , , , , , , , , , , , , , , , , , , , , , , , , , , , , , , , , , , , , , , , , , , , , , , , , , , , , , , , , , , , , , , , , , , , , , , , , , , , , , , , , , , , , , , , , , , ,1, ,44, , , , , , , , , , , , , , , , , , , , , , , , , , , , , , , , , , , , , , , ,10, , , , , , , , , , , , , , , , , , , , , , , , , , , , , , , , , ,3, , , , , , ,11, , , , , , , , , , , , , , , , , , , , , , , , , , , , , , , , , , , , , , , , , , , , , , , , , , , , , , , , , , , , , , , , , , , , ,4,2, , , , ,2, , , , , , , , , , , , , , , , , , , , , , , , , , , , , , , , , , , , , , , , , , , , , , , , , , , , , , , , , , , , , , ,3, , ,2, , , , , , , , , ,10, , , , , , , , , , , , , , , , , , , , , , , , , , , , , , , , , , , , , ,2/13/2024,2/13/2024,2
1202401,2,1.95412964604554,8042106,2,8,2,3,3,2,2,3,4, , , , , , , , , , , , , , , , , , , , , , , , , , , , , , , , , ,3,3,2, , , , , , , , , , , , , , , , , , , , , , , , , , , , , , , , , , , , , , , , , , , , , , , , , , , , , , , , , , , , , , , , , , , , , , , , , , , , , , , , , , , , , , , , , , , , , , , , , , , , , , , , , , , , , , , , , , , , , , , , , , ,3, ,4, ,3, ,4, ,2, ,2, , ,4,3,3,3,4,1,1,1,1,2,1,1,1,2,2,2,3,2,2,3,2,2,2, , ,7,99,2, , , ,1, ,4,7,7, ,2,3,2,2,8,2,2,2,2,2,2,2,2,2,2,1,4, , , , , ,4,3,4,4, , , ,2, , , , , , , , , , ,2, , ,2,2, , , , , , , , , , , , , , , , , , , , , , , , , , , , , , , , , , , , , , , , , , , , , , , , , , , , , , , , , , , , , , , , , , , , , , , , , , , , , , , , , , , , , , , , , , , , , , , , , , , , , , , , , , , , , , , , ,2, ,99, , , , ,4, , , , , , , , , , , , , , , , , , , , , , , , , , , , , , , , , , ,8, , , , , , , , , , , , , , , , , , , , , , , , , , , , , , , , , ,3, , , , , , ,99,9, , , , , , , , , , , , , , , , , , , , , , , , , , , , , , , , , , , , , , , , , , , , , , , , , , , , , , , , , , , , , , , , , , , ,2,1, , , , ,3, , , , , , , , , , , , , , , , , , , , , , , , , , , , , , , , , , , , , , , , , , , , , , , , , , , , , , , , , , , , , , ,3, , ,2, , , , , , , , , ,3, , , , , , , , , , , , , , , , , , , , , , , , , , , , , , , , , , , , , ,2/6/2024,2/6/2024,2
1202401,2,.938454225939277,8042174,3,2,3,2,2,2,1,4,4, , , , , , , , , , , , , , , , , , , , , , , , , , , , , , , , , ,4,2,2, , , , , , , , , , , , , , , , , , , , , , , , , , , , , , , , , , , , , , , , , , , , , , , , , , , , , , , , , , , , , , , , , , , , , , , , , , , , , , , , , , , , , , , , , , , , , , , , , , , , , , , , , , , , , , , , , , , , , , , , , , ,4, ,3, ,3, ,3, ,2, ,3, , ,4,4,4,4,4,3,4,4,4,3,3,3,3,1,1,1,2,2,3,2,3,2,2, , ,1,1,99, , , ,2, ,1,5,3, ,1,2,2,2,2,2,2,1,1,1,2,1,1,1,1,1,3, , , , , ,3,2,2,3, , , ,3, , , , , , , , , , ,2, , ,2,1, , , , , , , , , , , , , , , , , , , , , , , , , , , , , , , , , , , , , , , , , , , , , , , , , , , , , , , , , , , , , , , , , , , , , , , , , , , , , , , , , , , , , , , , , , , , , , , , , , , , , , , , , , , , , , , , ,1, ,40, , , , , , , , , , , , , , , , , , , , , , , , , , , , , , , , , , , , , , , ,10, , , , , , , , , , , , , , , , , , , , , , , , , , , , , , , , , ,4, , , , , , ,9, , , , , , , , , , , , , , , , , , , , , , , , , , , , , , , , , , , , , , , , , , , , , , , , , , , , , , , , , , , , , , , , , , , , ,7,4, , , , ,97, , , , , , , , , , , , , , , , , , , , , , , , , , , , ,2, , , , , , , , , , , , , , , , , , , , , , , , , , , , , , , , , ,3, , ,2, , , , , , , , , ,9, , , , , , , , , , , , , , , , , , , , , , , , , , , , , , , , , , , , , ,1/25/2024,1/25/2024,2
1202401,2,.627051856951891,8042259,3,1,2,1,3,2,1,2,4, , , , , , , , , , , , , , , , , , , , , , , , , , , , , , , , , ,3,3,3, , , , , , , , , , , , , , , , , , , , , , , , , , , , , , , , , , , , , , , , , , , , , , , , , , , , , , , , , , , , , , , , , , , , , , , , , , , , , , , , , , , , , , , , , , , , , , , , , , , , , , , , , , , , , , , , , , , , , , , , , , ,3, ,4, ,3, ,4, ,2, ,2, , ,3,3,2,2,2,2,4,4,4,3,1,1,1,1,2,2,1,1,4,3,2,2,3, , ,7,99,1, , , ,1, ,4,7,7, ,2,3,2,2,2,2,2,2,2,2,2,2,2,2,2,1,4, , , , , ,4,4,3,4, , , ,4, , , , , , , , , , ,2, , ,2,2, , , , , , , , , , , , , , , , , , , , , , , , , , , , , , , , , , , , , , , , , , , , , , , , , , , , , , , , , , , , , , , , , , , , , , , , , , , , , , , , , , , , , , , , , , , , , , , , , , , , , , , , , , , , , , , , ,1, ,37, , , , , , , , , , , , , , , , , , , , , , , , , , , , , , , , , , , , , , , ,10, , , , , , , , , , , , , , , , , , , , , , , , , , , , , , , , , ,3, , , , , , ,7, , , , , , , , , , , , , , , , , , , , , , , , , , , , , , , , , , , , , , , , , , , , , , , , , , , , , , , , , , , , , , , , , , , , ,2,2, , , , ,1, , , , , , , , , , , , , , , , , , , , , , , , , , , , , , , , , , , , , , , , , , , , , , , , , , , , , , , , , , , , , , ,3, , ,2, , , , , , , , , ,9, , , , , , , , , , , , , , , , , , , , , , , , , , , , , , , , , , , , , ,1/31/2024,1/31/2024,2
1202401,2,.882995390619654,8042423,3,2,2,3,2,2,1,3,2, , , , , , , , , , , , , , , , , , , , , , , , , , , , , , , , , ,4,2,2, , , , , , , , , , , , , , , , , , , , , , , , , , , , , , , , , , , , , , , , , , , , , , , , , , , , , , , , , , , , , , , , , , , , , , , , , , , , , , , , , , , , , , , , , , , , , , , , , , , , , , , , , , , , , , , , , , , , , , , , , , ,2, ,2, ,2, ,2, ,2, ,3, , ,2,3,2,2,2,3,3,3,4,1,1,1,1,2,1,1,1,3,2,2,3,1,2, , ,1,1,99, , , ,2, ,1,3,2, ,1,2,2,2,2,2,2,2,1,1,2,2,1,2,1,1,1, , , , , ,3,1,1,4, , , ,2, , , , , , , , , , ,2, , ,2,2, , , , , , , , , , , , , , , , , , , , , , , , , , , , , , , , , , , , , , , , , , , , , , , , , , , , , , , , , , , , , , , , , , , , , , , , , , , , , , , , , , , , , , , , , , , , , , , , , , , , , , , , , , , , , , , , ,1, ,69, , , , , , , , , , , , , , , , , , , , , , , , , , , , , , , , , , , , , , , ,10, , , , , , , , , , , , , , , , , , , , , , , , , , , , , , , , , ,4, , , , , , ,6, , , , , , , , , , , , , , , , , , , , , , , , , , , , , , , , , , , , , , , , , , , , , , , , , , , , , , , , , , , , , , , , , , , , ,2,2, , , , ,99, , , , , , , , , , , , , , , , , , , , , , , , , , , , ,1, , , , ,2, , , , , , , , , , , , , , , , , , , , , , , , , , , , ,3, , ,2, , , , , , , , , ,9, , , , , , , , , , , , , , , , , , , , , , , , , , , , , , , , , , , , , ,2/12/2024,2/12/2024,2
1202401,2,.623755012161013,8042655,3,3,1,3,2,1,1,1,4, , , , , , , , , , , , , , , , , , , , , , , , , , , , , , , , , ,2,3,2, , , , , , , , , , , , , , , , , , , , , , , , , , , , , , , , , , , , , , , , , , , , , , , , , , , , , , , , , , , , , , , , , , , , , , , , , , , , , , , , , , , , , , , , , , , , , , , , , , , , , , , , , , , , , , , , , , , , , , , , , , ,2, ,4, ,8, ,4, ,1, ,1, , ,8,8,8,8,8,3,3,2,3,2,1,3,3,1,2,1,2,1,3,4,4,3,3, , ,7,99,1, , , ,1, ,4,7,7, ,2,3,1,2,1,2,2,2,2,2,2,2,2,9,2,1,4, , , , , ,4,4,2,4, , , ,4, , , , , , , , , , ,2, , ,8, , , , , , , , , , , , , , , , , , , , , , , , , , , , , , , , , , , , , , , , , , , , , , , , , , , , , , , , , , , , , , , , , , , , , , , , , , , , , , , , , , , , , , , , , , , , , , , , , , , , , , , , , , , , , , , , , ,2, ,32, , , , , , , , , , , , , , , , , , , , , , , , , , , , , , , , , , , , , , , ,11, , , , , , , , , , , , , , , , , , , , , , , , , , , , , , , , , ,2, , , , , , ,11, , , , , , , , , , , , , , , , , , , , , , , , , , , , , , , , , , , , , , , , , , , , , , , , , , , , , , , , , , , , , , , , , , , , ,4,2, , , , ,1, , , , , , , , , , , , , , , , , , , , , , , , , , , , , , , , , , , , , , , , , , , , , , , , , , , , , , , , , , , , , , ,3, , ,2, , , , , , , , , ,9, , , , , , , , , , , , , , , , , , , , , , , , , , , , , , , , , , , , , ,2/7/2024,2/7/2024,2
1202401,2,1.44009002529,8042656,3,2,4,4,3,4,3,4,3, , , , , , , , , , , , , , , , , , , , , , , , , , , , , , , , , ,4,4,3, , , , , , , , , , , , , , , , , , , , , , , , , , , , , , , , , , , , , , , , , , , , , , , , , , , , , , , , , , , , , , , , , , , , , , , , , , , , , , , , , , , , , , , , , , , , , , , , , , , , , , , , , , , , , , , , , , , , , , , , , , ,4, ,4, ,2, ,2, ,4, ,4, , ,4,3,4,4,4,2,2,1,1,2,1,1,1,2,3,2,3,2,2,2,2,2,2, , ,99,99,99, , , ,2, ,1,5,1, ,1,1,1,2,1,1,1,2,1,2,2,2,1,1,1,2,2, , , , , ,3,2,1,2,9, , ,3, , , , , , , , , , ,3, , ,2,2, , , , , , , , , , , , , , , , , , , , , , , , , , , , , , , , , , , , , , , , , , , , , , , , , , , , , , , , , , , , , , , , , , , , , , , , , , , , , , , , , , , , , , , , , , , , , , , , , , , , , , , , , , , , , , , , ,2, ,70, , , , , , , , , , , , , , , , , , , , , , , , , , , , , , , , , , , , , , , ,9, , , , , , , , , , , , , , , , , , , , , , , , , , , , , , , , , ,3, , , , , , ,6, , , , , , , , , , , , , , , , , , , , , , , , , , , , , , , , , , , , , , , , , , , , , , , , , , , , , , , , , , , , , , , , , , , , ,6,4, , , , ,3, , , , , , , , , , , , , , , , , , , , , , , , , , , , , , , , , , , , , , , , , , , , , , , , , , , , , , , , , , , , , , ,2, , ,1, , , , , , , , , ,9, , , , , , , , , , , , , , , , , , , , , , , , , , , , , , , , , , , , , ,2/5/2024,2/5/2024,2
1202401,2,2.21284434809097,8042770,3,2,2,2,3,2,2,1,4, , , , , , , , , , , , , , , , , , , , , , , , , , , , , , , , , ,3,3,3, , , , , , , , , , , , , , , , , , , , , , , , , , , , , , , , , , , , , , , , , , , , , , , , , , , , , , , , , , , , , , , , , , , , , , , , , , , , , , , , , , , , , , , , , , , , , , , , , , , , , , , , , , , , , , , , , , , , , , , , , , ,3, ,2, ,3, ,4, ,2, ,2, , ,9,9,2,2,2,2,3,3,2,3,1,1,1,1,1,1,3,2,3,3,1,2,2, , ,1,99,99, , , ,2, ,2,4,5, ,1,2,1,2,1,2,1,1,2,1,2,1,1,1,1,2,4, , , , , ,3,3,3,4, , , ,4, , , , , , , , , , ,3, , ,2,2, , , , , , , , , , , , , , , , , , , , , , , , , , , , , , , , , , , , , , , , , , , , , , , , , , , , , , , , , , , , , , , , , , , , , , , , , , , , , , , , , , , , , , , , , , , , , , , , , , , , , , , , , , , , , , , , ,1, ,19, , , , , , , , , , , , , , , , , , , , , , , , , , , , , , , , , , , , , , , ,6, , , , , , , , , , , , , , , , , , , , , , , , , , , , , , , , , ,3, , , , , , ,3, , , , , , , , , , , , , , , , , , , , , , , , , , , , , , , , , , , , , , , , , , , , , , , , , , , , , , , , , , , , , , , , , , , , ,4,4, , , , ,97, , , , , , , , , , , , , , , , , , , , , , , , , , , , ,2, , , , , , , , , , , , , , , , , , , , , , , , , , , , , , , , , ,3, , ,2, , , , , , , , , ,6, , , , , , , , , , , , , , , , , , , , , , , , , , , , , , , , , , , , , ,1/29/2024,1/29/2024,2
1202401,2,1.06521772944153,8042865,2,2,2,3,3,2,3,3,3, , , , , , , , , , , , , , , , , , , , , , , , , , , , , , , , , ,4,3,3, , , , , , , , , , , , , , , , , , , , , , , , , , , , , , , , , , , , , , , , , , , , , , , , , , , , , , , , , , , , , , , , , , , , , , , , , , , , , , , , , , , , , , , , , , , , , , , , , , , , , , , , , , , , , , , , , , , , , , , , , , ,3, ,4, ,3, ,4, ,3, ,2, , ,3,2,4,3,8,2,2,2,2,1,1,1,1,3,2,1,1,1,1,4,1,1,3, , ,7,99,1, , , ,1, ,4,7,7, ,2,3,2,2,2,2,2,2,2,2,2,2,2,2,2,1,4, , , , , ,3,2,2,4, , , ,4, , , , , , , , , , ,1, , ,2,2, , , , , , , , , , , , , , , , , , , , , , , , , , , , , , , , , , , , , , , , , , , , , , , , , , , , , , , , , , , , , , , , , , , , , , , , , , , , , , , , , , , , , , , , , , , , , , , , , , , , , , , , , , , , , , , , ,2, ,49, , , , , , , , , , , , , , , , , , , , , , , , , , , , , , , , , , , , , , , ,10, , , , , , , , , , , , , , , , , , , , , , , , , , , , , , , , , ,2, , , , , , ,11, , , , , , , , , , , , , , , , , , , , , , , , , , , , , , , , , , , , , , , , , , , , , , , , , , , , , , , , , , , , , , , , , , , , ,4,2, , , , ,97, , , , , , , , , , , , , , , , , , , , , , , , , , , , ,1, , , , ,97, , , , , , , , , , , , , , , , , , , , , , , , , , , , ,2, , ,2, , , , , , , , , ,3, , , , , , , , , , , , , , , , , , , , , , , , , , , , , , , , , , , , , ,1/27/2024,1/27/2024,2
1202401,2,2.43256932414706,8042991,3,2,3,3,4,8,2,3,4, , , , , , , , , , , , , , , , , , , , , , , , , , , , , , , , , ,3,2,2, , , , , , , , , , , , , , , , , , , , , , , , , , , , , , , , , , , , , , , , , , , , , , , , , , , , , , , , , , , , , , , , , , , , , , , , , , , , , , , , , , , , , , , , , , , , , , , , , , , , , , , , , , , , , , , , , , , , , , , , , , ,3, ,2, ,3, ,4, ,2, ,3, , ,4,3,3,4,3,1,3,2,2,1,2,2,4,2,2,1,9,2,3,1,2,1,2, , ,99,99,99, , , ,2, ,4,7,6, ,2,4,1,1,1,2,1,2,2,2,1,1,1,1,2,1,4, , , , , ,4,4,2,4, , , ,3, , , , , , , , , , ,2, , ,2,2, , , , , , , , , , , , , , , , , , , , , , , , , , , , , , , , , , , , , , , , , , , , , , , , , , , , , , , , , , , , , , , , , , , , , , , , , , , , , , , , , , , , , , , , , , , , , , , , , , , , , , , , , , , , , , , , ,2, ,40, , , , , , , , , , , , , , , , , , , , , , , , , , , , , , , , , , , , , , , ,9, , , , , , , , , , , , , , , , , , , , , , , , , , , , , , , , , ,9, , , , , , ,99,1, , , , , , , , , , , , , , , , , , , , , , , , , , , , , , , , , , , , , , , , , , , , , , , , , , , , , , , , , , , , , , , , , , , ,2,2, , , , ,97, , , , , , , , , , , , , , , , , , , , , , , , , , , , ,1, , , , ,3, , , , , , , , , , , , , , , , , , , , , , , , , , , , ,3, , ,2, , , , , , , , , ,6, , , , , , , , , , , , , , , , , , , , , , , , , , , , , , , , , , , , , ,2/5/2024,2/5/2024,2
1202401,2,.779665004216034,8043129,3,2,2,3,3,2,2,2,4, , , , , , , , , , , , , , , , , , , , , , , , , , , , , , , , , ,2,2,2, , , , , , , , , , , , , , , , , , , , , , , , , , , , , , , , , , , , , , , , , , , , , , , , , , , , , , , , , , , , , , , , , , , , , , , , , , , , , , , , , , , , , , , , , , , , , , , , , , , , , , , , , , , , , , , , , , , , , , , , , , ,2, ,4, ,3, ,4, ,2, ,1, , ,3,2,3,3,3,2,3,3,3,3,1,1,2,1,1,1,3,2,1,3,1,1,2, , ,7,99,3, , , ,1, ,4,7,7, ,2,2,2,2,1,1,2,1,2,2,1,2,1,1,2,2,4, , , , , ,4,3,4,4, , , ,3, , , , , , , , , , ,2, , ,2,2, , , , , , , , , , , , , , , , , , , , , , , , , , , , , , , , , , , , , , , , , , , , , , , , , , , , , , , , , , , , , , , , , , , , , , , , , , , , , , , , , , , , , , , , , , , , , , , , , , , , , , , , , , , , , , , , ,2, ,27, , , , , , , , , , , , , , , , , , , , , , , , , , , , , , , , , , , , , , , ,11, , , , , , , , , , , , , , , , , , , , , , , , , , , , , , , , , ,4, , , , , , ,6, , , , , , , , , , , , , , , , , , , , , , , , , , , , , , , , , , , , , , , , , , , , , , , , , , , , , , , , , , , , , , , , , , , , ,2,2, , , , ,97, , , , , , , , , , , , , , , , , , , , , , , , , , , , ,1, , , , ,2, , , , , , , , , , , , , , , , , , , , , , , , , , , , ,3, , ,2, , , , , , , , , ,9, , , , , , , , , , , , , , , , , , , , , , , , , , , , , , , , , , , , , ,2/6/2024,2/6/2024,2
1202401,2,.553800441343595,8043198,2,2,2,2,2,2,3,2,3, , , , , , , , , , , , , , , , , , , , , , , , , , , , , , , , , ,2,2,2, , , , , , , , , , , , , , , , , , , , , , , , , , , , , , , , , , , , , , , , , , , , , , , , , , , , , , , , , , , , , , , , , , , , , , , , , , , , , , , , , , , , , , , , , , , , , , , , , , , , , , , , , , , , , , , , , , , , , , , , , , ,2, ,3, ,4, ,3, ,2, ,2, , ,3,4,4,3,4,1,1,1,1,2,1,3,2,1,2,2,2,2,1,3,2,1,2, , ,1,2,99, , , ,2, ,3,5,5, ,1,3,2,2,2,2,2,2,2,2,2,2,1,2,2,1,3, , , , , ,3,3,3,4, , , ,2, , , , , , , , , , ,2, , ,2,2, , , , , , , , , , , , , , , , , , , , , , , , , , , , , , , , , , , , , , , , , , , , , , , , , , , , , , , , , , , , , , , , , , , , , , , , , , , , , , , , , , , , , , , , , , , , , , , , , , , , , , , , , , , , , , , , ,1, ,73, , , , , , , , , , , , , , , , , , , , , , , , , , , , , , , , , , , , , , , ,9, , , , , , , , , , , , , , , , , , , , , , , , , , , , , , , , , ,3, , , , , , ,2, , , , , , , , , , , , , , , , , , , , , , , , , , , , , , , , , , , , , , , , , , , , , , , , , , , , , , , , , , , , , , , , , , , , ,2,1, , , , ,97, , , , , , , , , , , , , , , , , , , , , , , , , , , , ,2, , , , , , , , , , , , , , , , , , , , , , , , , , , , , , , , , ,3, , ,1, , , , , , , , , ,5, , , , , , , , , , , , , , , , , , , , , , , , , , , , , , , , , , , , , ,2/3/2024,2/3/2024,2
1202401,2,1.22560904709188,8043276,3,1,2,4,3,3,2,3,4, , , , , , , , , , , , , , , , , , , , , , , , , , , , , , , , , ,2,3,2, , , , , , , , , , , , , , , , , , , , , , , , , , , , , , , , , , , , , , , , , , , , , , , , , , , , , , , , , , , , , , , , , , , , , , , , , , , , , , , , , , , , , , , , , , , , , , , , , , , , , , , , , , , , , , , , , , , , , , , , , , ,2, ,4, ,4, ,4, ,4, ,4, , ,3,2,2,3,3,3,2,1,1,2,2,2,1,2,2,1,2,3,2,2,2,3,3, , ,99,99,99, , , ,2, ,1,1,2, ,1,2,1,2,2,1,2,1,2,1,2,2,2,1,1,2,3, , , , , ,3,3,1,3, , , ,3, , , , , , , , , , ,2, , ,2,2, , , , , , , , , , , , , , , , , , , , , , , , , , , , , , , , , , , , , , , , , , , , , , , , , , , , , , , , , , , , , , , , , , , , , , , , , , , , , , , , , , , , , , , , , , , , , , , , , , , , , , , , , , , , , , , , ,2, ,67, , , , , , , , , , , , , , , , , , , , , , , , , , , , , , , , , , , , , , , ,10, , , , , , , , , , , , , , , , , , , , , , , , , , , , , , , , , ,4, , , , , , ,5, , , , , , , , , , , , , , , , , , , , , , , , , , , , , , , , , , , , , , , , , , , , , , , , , , , , , , , , , , , , , , , , , , , , ,3,3, , , , ,3, , , , , , , , , , , , , , , , , , , , , , , , , , , , , , , , , , , , , , , , , , , , , , , , , , , , , , , , , , , , , , ,3, , , ,1, , , , , , , , ,8, , , , , , , , , , , , , , , , , , , , , , , , , , , , , , , , , , , , , ,2/2/2024,2/2/2024,2
1202401,2,.268039640432699,8043385,3,1,2,2,4,1,1,2,4, , , , , , , , , , , , , , , , , , , , , , , , , , , , , , , , , ,4,3,3, , , , , , , , , , , , , , , , , , , , , , , , , , , , , , , , , , , , , , , , , , , , , , , , , , , , , , , , , , , , , , , , , , , , , , , , , , , , , , , , , , , , , , , , , , , , , , , , , , , , , , , , , , , , , , , , , , , , , , , , , , ,1, ,4, ,4, ,4, ,1, ,4, , ,1,2,3,2,2,2,1,2,4,2,2,2,2,2,2,1,2,2,2,1,2,2,1, , ,7,99,3, , , ,1, ,4,7,7, ,2,1,2,2,2,2,2,2,2,2,2,2,2,2,1,2,3, , , , , ,3,4,4,3, , , ,3, , , , , , , , , , ,2, , ,2,2, , , , , , , , , , , , , , , , , , , , , , , , , , , , , , , , , , , , , , , , , , , , , , , , , , , , , , , , , , , , , , , , , , , , , , , , , , , , , , , , , , , , , , , , , , , , , , , , , , , , , , , , , , , , , , , , ,1, ,70, , , , , , , , , , , , , , , , , , , , , , , , , , , , , , , , , , , , , , , ,10, , , , , , , , , , , , , , , , , , , , , , , , , , , , , , , , , ,2, , , , , , ,11, , , , , , , , , , , , , , , , , , , , , , , , , , , , , , , , , , , , , , , , , , , , , , , , , , , , , , , , , , , , , , , , , , , , ,2,2, , , , ,1, , , , , , , , , , , , , , , , , , , , , , , , , , , , , , , , , , , , , , , , , , , , , , , , , , , , , , , , , , , , , , ,5, , ,1, , , , , , , , , ,3, , , , , , , , , , , , , , , , , , , , , , , , , , , , , , , , , , , , , ,4/19/2024,4/19/2024,2
1202401,2,.882995390619654,8043423,4,2,2,2,4,2,3,1,4, , , , , , , , , , , , , , , , , , , , , , , , , , , , , , , , , ,4,2,3, , , , , , , , , , , , , , , , , , , , , , , , , , , , , , , , , , , , , , , , , , , , , , , , , , , , , , , , , , , , , , , , , , , , , , , , , , , , , , , , , , , , , , , , , , , , , , , , , , , , , , , , , , , , , , , , , , , , , , , , , , ,1, ,4, ,4, ,4, ,2, ,1, , ,1,1,1,1,2,1,1,1,1,3,1,1,1,2,1,2,1,3,1,3,2,2,2, , ,7,99,3, , , ,2, ,3,7,7, ,2,4,2,2,2,2,2,2,2,2,2,2,2,1,2,2,4, , , , , ,4,4,4,3, , , ,3, , , , , , , , , , ,2, , ,1,2, , , , , , , , , , , , , , , , , , , , , , , , , , , , , , , , , , , , , , , , , , , , , , , , , , , , , , , , , , , , , , , , , , , , , , , , , , , , , , , , , , , , , , , , , , , , , , , , , , , , , , , , , , , , , , , , ,1, ,51, , , , , , , , , , , , , , , , , , , , , , , , , , , , , , , , , , , , , , , ,10, , , , , , , , , , , , , , , , , , , , , , , , , , , , , , , , , ,3, , , , , , ,8, , , , , , , , , , , , , , , , , , , , , , , , , , , , , , , , , , , , , , , , , , , , , , , , , , , , , , , , , , , , , , , , , , , , ,5,3, , , , ,1, , , , , , , , , , , , , , , , , , , , , , , , , , , , , , , , , , , , , , , , , , , , , , , , , , , , , , , , , , , , , , ,3, , ,2, , , , , , , , , ,9, , , , , , , , , , , , , , , , , , , , , , , , , , , , , , , , , , , , , ,4/18/2024,4/18/2024,2
1202401,2,2.15950416991608,8043562,4,2,4,2,4,2,4,4,2, , , , , , , , , , , , , , , , , , , , , , , , , , , , , , , , , ,4,2,4, , , , , , , , , , , , , , , , , , , , , , , , , , , , , , , , , , , , , , , , , , , , , , , , , , , , , , , , , , , , , , , , , , , , , , , , , , , , , , , , , , , , , , , , , , , , , , , , , , , , , , , , , , , , , , , , , , , , , , , , , , ,4, ,2, ,4, ,4, ,4, ,4, , ,4,4,4,4,4,2,4,4,3,1,1,1,1,4,3,3,4,4,4,3,3,3,1, , ,1,1,99, , , ,2, ,3,6,5, ,1,2,2,2,1,1,1,1,2,1,1,1,1,2,1,2,4, , , , , ,4,4,2,4, , , ,4, , , , , , , , , , ,2, , ,1,2, , , , , , , , , , , , , , , , , , , , , , , , , , , , , , , , , , , , , , , , , , , , , , , , , , , , , , , , , , , , , , , , , , , , , , , , , , , , , , , , , , , , , , , , , , , , , , , , , , , , , , , , , , , , , , , , ,1, ,56, , , , , , , , , , , , , , , , , , , , , , , , , , , , , , , , , , , , , , , ,6, , , , , , , , , , , , , , , , , , , , , , , , , , , , , , , , , ,3, , , , , , ,4, , , , , , , , , , , , , , , , , , , , , , , , , , , , , , , , , , , , , , , , , , , , , , , , , , , , , , , , , , , , , , , , , , , , ,4,4, , , , ,2, , , , , , , , , , , , , , , , , , , , , , , , , , , , , , , , , , , , , , , , , , , , , , , , , , , , , , , , , , , , , , ,3, , ,2, , , , , , , , , ,9, , , , , , , , , , , , , , , , , , , , , , , , , , , , , , , , , , , , , ,4/17/2024,4/17/2024,2
1202401,2,1.3800519640716,8043629,3,2,2,4,4,2,4,3,4, , , , , , , , , , , , , , , , , , , , , , , , , , , , , , , , , ,4,2,3, , , , , , , , , , , , , , , , , , , , , , , , , , , , , , , , , , , , , , , , , , , , , , , , , , , , , , , , , , , , , , , , , , , , , , , , , , , , , , , , , , , , , , , , , , , , , , , , , , , , , , , , , , , , , , , , , , , , , , , , , , ,2, ,4, ,4, ,4, ,2, ,1, , ,2,2,2,1,2,1,2,1,1,1,1,2,1,3,2,2,2,2,1,1,1,1,2, , ,1,2,99, , , ,2, ,3,6,6, ,1,3,2,2,1,2,2,2,2,1,2,2,1,2,2,1,4, , , , , ,4,4,2,3, , , ,2, , , , , , , , , , ,2, , ,3,2, , , , , , , , , , , , , , , , , , , , , , , , , , , , , , , , , , , , , , , , , , , , , , , , , , , , , , , , , , , , , , , , , , , , , , , , , , , , , , , , , , , , , , , , , , , , , , , , , , , , , , , , , , , , , , , , ,1, ,70, , , , , , , , , , , , , , , , , , , , , , , , , , , , , , , , , , , , , , , ,6, , , , , , , , , , , , , , , , , , , , , , , , , , , , , , , , , ,3, , , , , , ,5, , , , , , , , , , , , , , , , , , , , , , , , , , , , , , , , , , , , , , , , , , , , , , , , , , , , , , , , , , , , , , , , , , , , ,1, , , , , ,2, , , , , , , , , , , , , , , , , , , , , , , , , , , , , , , , , , , , , , , , , , , , , , , , , , , , , , , , , , , , , , ,4, , ,2, , , , , , , , , ,9, , , , , , , , , , , , , , , , , , , , , , , , , , , , , , , , , , , , , ,1/25/2024,1/25/2024,2
1202401,2,2.43256932414706,8043902,3,2,3,2,2,1,1,2,4, , , , , , , , , , , , , , , , , , , , , , , , , , , , , , , , , ,3,2,2, , , , , , , , , , , , , , , , , , , , , , , , , , , , , , , , , , , , , , , , , , , , , , , , , , , , , , , , , , , , , , , , , , , , , , , , , , , , , , , , , , , , , , , , , , , , , , , , , , , , , , , , , , , , , , , , , , , , , , , , , , ,3, ,2, ,2, ,3, ,2, ,1, , ,3,3,3,3,3,1,3,2,2,3,1,2,1,2,3,1,1,1,1,4,3,1,2, , ,7,99,1, , , ,1, ,4,7,2, ,2,2,1,1,1,1,1,2,2,2,1,1,1,2,2,1,4, , , , , ,4,4,2,4, , , ,2, , , , , , , , , , ,2, , ,2,2, , , , , , , , , , , , , , , , , , , , , , , , , , , , , , , , , , , , , , , , , , , , , , , , , , , , , , , , , , , , , , , , , , , , , , , , , , , , , , , , , , , , , , , , , , , , , , , , , , , , , , , , , , , , , , , , ,2, ,39, , , , , , , , , , , , , , , , , , , , , , , , , , , , , , , , , , , , , , , ,6, , , , , , , , , , , , , , , , , , , , , , , , , , , , , , , , , ,2, , , , , , ,9, , , , , , , , , , , , , , , , , , , , , , , , , , , , , , , , , , , , , , , , , , , , , , , , , , , , , , , , , , , , , , , , , , , , ,2,2, , , , ,98, , , , , , , , , , , , , , , , , , , , , , , , , , , , ,1, , , , ,3, , , , , , , , , , , , , , , , , , , , , , , , , , , , ,3, , ,2, , , , , , , , , ,8, , , , , , , , , , , , , , , , , , , , , , , , , , , , , , , , , , , , , ,2/1/2024,2/1/2024,2
1202401,2,.290568824232012,8043974,1,1,1,3,4,4,4,4,4, , , , , , , , , , , , , , , , , , , , , , , , , , , , , , , , , ,1,4,2, , , , , , , , , , , , , , , , , , , , , , , , , , , , , , , , , , , , , , , , , , , , , , , , , , , , , , , , , , , , , , , , , , , , , , , , , , , , , , , , , , , , , , , , , , , , , , , , , , , , , , , , , , , , , , , , , , , , , , , , , , ,1, ,4, ,4, ,4, ,1, ,1, , ,1,1,4,1,3,3,4,3,3,1,1,1,3,2,2,2,1,1,1,1,1,1,3, , ,99,99,99, , , ,2, ,4,7,7, ,2,1,1,2,2,2,2,2,2,2,2,2,1,2,2,2,2, , , , , ,2,2,2,4, , , ,2, , , , , , , , , , ,2, , ,1,2, , , , , , , , , , , , , , , , , , , , , , , , , , , , , , , , , , , , , , , , , , , , , , , , , , , , , , , , , , , , , , , , , , , , , , , , , , , , , , , , , , , , , , , , , , , , , , , , , , , , , , , , , , , , , , , , ,1, ,69, , , , , , , , , , , , , , , , , , , , , , , , , , , , , , , , , , , , , , , ,10, , , , , , , , , , , , , , , , , , , , , , , , , , , , , , , , , ,2, , , , , , ,99,9, , , , , , , , , , , , , , , , , , , , , , , , , , , , , , , , , , , , , , , , , , , , , , , , , , , , , , , , , , , , , , , , , , , ,2,2, , , , ,1, , , , , , , , , , , , , , , , , , , , , , , , , , , , , , , , , , , , , , , , , , , , , , , , , , , , , , , , , , , , , , ,0, , ,1, , , , , , , , , ,9, , , , , , , , , , , , , , , , , , , , , , , , , , , , , , , , , , , , , ,1/31/2024,1/31/2024,2
1202401,2,.560771770088417,8044326,2,1,3,2,2,2,1,2,2, , , , , , , , , , , , , , , , , , , , , , , , , , , , , , , , , ,2,2,2, , , , , , , , , , , , , , , , , , , , , , , , , , , , , , , , , , , , , , , , , , , , , , , , , , , , , , , , , , , , , , , , , , , , , , , , , , , , , , , , , , , , , , , , , , , , , , , , , , , , , , , , , , , , , , , , , , , , , , , , , , ,2, ,2, ,3, ,3, ,1, ,1, , ,2,3,3,3,2,4,4,3,2,4,3,3,4,1,1,1,1,3,1,1,2,1,3, , ,1,1,99, , , ,2, ,1,3,1, ,1,1,2,2,2,1,1,1,1,1,2,1,1,1,1,2,1, , , , , ,1,2,2,2,2, , ,2, , , , , , , , , , ,2, , ,2,1, , , , , , , , , , , , , , , , , , , , , , , , , , , , , , , , , , , , , , , , , , , , , , , , , , , , , , , , , , , , , , , , , , , , , , , , , , , , , , , , , , , , , , , , , , , , , , , , , , , , , , , , , , , , , , , , ,1, ,36, , , , , , , , , , , , , , , , , , , , , , , , , , , , , , , , , , , , , , , ,10, , , , , , , , , , , , , , , , , , , , , , , , , , , , , , , , , ,5, , , , , , ,2, , , , , , , , , , , , , , , , , , , , , , , , , , , , , , , , , , , , , , , , , , , , , , , , , , , , , , , , , , , , , , , , , , , , ,2,2, , , , ,97, , , , , , , , , , , , , , , , , , , , , , , , , , , , ,1, , , , ,1, , , , , , , , , , , , , , , , , , , , , , , , , , , , ,4, , ,2, , , , , , , , , ,2, , , , , , , , , , , , , , , , , , , , , , , , , , , , , , , , , , , , , ,1/28/2024,1/28/2024,2
1202401,2,1.53743412145204,8044443,2,1,2,1,3,2,2,2,3, , , , , , , , , , , , , , , , , , , , , , , , , , , , , , , , , ,3,2,3, , , , , , , , , , , , , , , , , , , , , , , , , , , , , , , , , , , , , , , , , , , , , , , , , , , , , , , , , , , , , , , , , , , , , , , , , , , , , , , , , , , , , , , , , , , , , , , , , , , , , , , , , , , , , , , , , , , , , , , , , , ,2, ,4, ,3, ,4, ,2, ,1, , ,2,3,2,2,2,3,4,3,3,1,1,1,1,1,1,1,1,2,3,3,2,2,3, , ,7,99,3, , , ,1, ,3,7,7, ,2,3,2,2,1,2,1,1,2,2,2,2,1,2,1,2,4, , , , , ,4,4,1,4, , , ,2, , , , , , , , , , ,2, , ,2,2, , , , , , , , , , , , , , , , , , , , , , , , , , , , , , , , , , , , , , , , , , , , , , , , , , , , , , , , , , , , , , , , , , , , , , , , , , , , , , , , , , , , , , , , , , , , , , , , , , , , , , , , , , , , , , , , ,1, ,32, , , , , , , , , , , , , , , , , , , , , , , , , , , , , , , , , , , , , , , ,7, , , , , , , , , , , , , , , , , , , , , , , , , , , , , , , , , ,2, , , , , , ,11, , , , , , , , , , , , , , , , , , , , , , , , , , , , , , , , , , , , , , , , , , , , , , , , , , , , , , , , , , , , , , , , , , , , ,3,2, , , , ,2, , , , , , , , , , , , , , , , , , , , , , , , , , , , , , , , , , , , , , , , , , , , , , , , , , , , , , , , , , , , , , ,4, , ,2, , , , , , , , , ,9, , , , , , , , , , , , , , , , , , , , , , , , , , , , , , , , , , , , , ,1/29/2024,1/29/2024,2
1202401,2,.599728222682302,8044499,3,2,1,3,4,2,1,2,4, , , , , , , , , , , , , , , , , , , , , , , , , , , , , , , , , ,2,3,3, , , , , , , , , , , , , , , , , , , , , , , , , , , , , , , , , , , , , , , , , , , , , , , , , , , , , , , , , , , , , , , , , , , , , , , , , , , , , , , , , , , , , , , , , , , , , , , , , , , , , , , , , , , , , , , , , , , , , , , , , , ,2, ,4, ,4, ,4, ,1, ,2, , ,2,2,2,2,2,2,3,3,4,4,1,1,1,2,1,2,4,1,2,4,2,2,3, , ,1,2,99, , , ,2, ,3,7,2, ,1,3,2,2,2,2,2,2,2,2,2,2,1,2,2,1,4, , , , , ,4,4,1,4, , , ,2, , , , , , , , , , ,1, , ,2,2, , , , , , , , , , , , , , , , , , , , , , , , , , , , , , , , , , , , , , , , , , , , , , , , , , , , , , , , , , , , , , , , , , , , , , , , , , , , , , , , , , , , , , , , , , , , , , , , , , , , , , , , , , , , , , , , ,1, ,48, , , , , , , , , , , , , , , , , , , , , , , , , , , , , , , , , , , , , , , ,10, , , , , , , , , , , , , , , , , , , , , , , , , , , , , , , , , ,2, , , , , , ,11, , , , , , , , , , , , , , , , , , , , , , , , , , , , , , , , , , , , , , , , , , , , , , , , , , , , , , , , , , , , , , , , , , , , ,4,4, , , , ,1, , , , , , , , , , , , , , , , , , , , , , , , , , , , , , , , , , , , , , , , , , , , , , , , , , , , , , , , , , , , , , ,4, , ,2, , , , , , , , , ,9, , , , , , , , , , , , , , , , , , , , , , , , , , , , , , , , , , , , , ,2/12/2024,2/12/2024,2
1202401,2,.53952722404403,8044564,3,2,2,4,3,2,2,2,4, , , , , , , , , , , , , , , , , , , , , , , , , , , , , , , , , ,2,4,3, , , , , , , , , , , , , , , , , , , , , , , , , , , , , , , , , , , , , , , , , , , , , , , , , , , , , , , , , , , , , , , , , , , , , , , , , , , , , , , , , , , , , , , , , , , , , , , , , , , , , , , , , , , , , , , , , , , , , , , , , , ,2, ,4, ,4, ,4, ,2, ,2, , ,2,3,2,2,3,1,3,2,3,1,1,2,1,1,2,1,3,2,2,3,1,1,3, , ,7,99,1, , , ,2, ,4,7,7, ,1,3,1,1,1,2,1,2,2,2,2,2,1,2,2,1,4, , , , , ,4,4,4,4, , , ,3, , , , , , , , , , ,3, , ,2,2, , , , , , , , , , , , , , , , , , , , , , , , , , , , , , , , , , , , , , , , , , , , , , , , , , , , , , , , , , , , , , , , , , , , , , , , , , , , , , , , , , , , , , , , , , , , , , , , , , , , , , , , , , , , , , , , ,2, ,50, , , , , , , , , , , , , , , , , , , , , , , , , , , , , , , , , , , , , , , ,11, , , , , , , , , , , , , , , , , , , , , , , , , , , , , , , , , ,3, , , , , , ,9, , , , , , , , , , , , , , , , , , , , , , , , , , , , , , , , , , , , , , , , , , , , , , , , , , , , , , , , , , , , , , , , , , , , ,4,3, , , , ,1, , , , , , , , , , , , , , , , , , , , , , , , , , , , , , , , , , , , , , , , , , , , , , , , , , , , , , , , , , , , , , ,3, , ,1, , , , , , , , , ,9, , , , , , , , , , , , , , , , , , , , , , , , , , , , , , , , , , , , , ,2/6/2024,2/6/2024,2
1202401,2,1.50235491608357,8044591,2,2,2,3,3,1,2,2,3, , , , , , , , , , , , , , , , , , , , , , , , , , , , , , , , , ,2,3,1, , , , , , , , , , , , , , , , , , , , , , , , , , , , , , , , , , , , , , , , , , , , , , , , , , , , , , , , , , , , , , , , , , , , , , , , , , , , , , , , , , , , , , , , , , , , , , , , , , , , , , , , , , , , , , , , , , , , , , , , , , ,2, ,4, ,4, ,4, ,1, ,2, , ,2,2,2,2,3,1,3,2,3,3,1,1,1,1,2,1,4,1,2,3,2,1,2, , ,7,99,1, , , ,1, ,4,6,7, ,2,4,2,2,2,2,2,2,2,2,2,2,2,9,2,1,4, , , , , ,4,4,3,3, , , ,2, , , , , , , , , , ,2, , ,2,8, , , , , , , , , , , , , , , , , , , , , , , , , , , , , , , , , , , , , , , , , , , , , , , , , , , , , , , , , , , , , , , , , , , , , , , , , , , , , , , , , , , , , , , , , , , , , , , , , , , , , , , , , , , , , , , , ,2, ,30, , , , , , , , , , , , , , , , , , , , , , , , , , , , , , , , , , , , , , , ,10, , , , , , , , , , , , , , , , , , , , , , , , , , , , , , , , , ,3, , , , , , ,6, , , , , , , , , , , , , , , , , , , , , , , , , , , , , , , , , , , , , , , , , , , , , , , , , , , , , , , , , , , , , , , , , , , , ,1, , , , , ,3, , , , , , , , , , , , , , , , , , , , , , , , , , , , , , , , , , , , , , , , , , , , , , , , , , , , , , , , , , , , , , ,1, , ,2, , , , , , , , , ,9, , , , , , , , , , , , , , , , , , , , , , , , , , , , , , , , , , , , , ,1/27/2024,1/27/2024,2
1202401,2,1.4182295371575,8045117,3,8,2,2,8,2,2,2,3, , , , , , , , , , , , , , , , , , , , , , , , , , , , , , , , , ,2,2,2, , , , , , , , , , , , , , , , , , , , , , , , , , , , , , , , , , , , , , , , , , , , , , , , , , , , , , , , , , , , , , , , , , , , , , , , , , , , , , , , , , , , , , , , , , , , , , , , , , , , , , , , , , , , , , , , , , , , , , , , , , ,3, ,2, ,8, ,4, ,2, ,2, , ,2,8,2,2,2,1,3,2,2,3,1,1,1,2,2,2,2,2,2,3,1,2,3, , ,7,99,3, , , ,2, ,4,7,6, ,1,3,1,2,1,1,1,2,2,2,2,2,1,1,1,1,4, , , , , ,4,4,3,3, , , ,2, , , , , , , , , , ,8, , ,2,1, , , , , , , , , , , , , , , , , , , , , , , , , , , , , , , , , , , , , , , , , , , , , , , , , , , , , , , , , , , , , , , , , , , , , , , , , , , , , , , , , , , , , , , , , , , , , , , , , , , , , , , , , , , , , , , , ,1, ,39, , , , , , , , , , , , , , , , , , , , , , , , , , , , , , , , , , , , , , , ,8, , , , , , , , , , , , , , , , , , , , , , , , , , , , , , , , , ,2, , , , , , ,8, , , , , , , , , , , , , , , , , , , , , , , , , , , , , , , , , , , , , , , , , , , , , , , , , , , , , , , , , , , , , , , , , , , , ,4,1, , , , ,2, , , , , , , , , , , , , , , , , , , , , , , , , , , , , , , , , , , , , , , , , , , , , , , , , , , , , , , , , , , , , , ,4, , ,2, , , , , , , , , ,3, , , , , , , , , , , , , , , , , , , , , , , , , , , , , , , , , , , , , ,1/27/2024,1/27/2024,2
1202401,2,2.1714858451124,8045324,3,2,2,4,3,2,1,2,4, , , , , , , , , , , , , , , , , , , , , , , , , , , , , , , , , ,2,4,2, , , , , , , , , , , , , , , , , , , , , , , , , , , , , , , , , , , , , , , , , , , , , , , , , , , , , , , , , , , , , , , , , , , , , , , , , , , , , , , , , , , , , , , , , , , , , , , , , , , , , , , , , , , , , , , , , , , , , , , , , , ,2, ,4, ,3, ,4, ,4, ,2, , ,2,2,8,8,9,1,1,2,2,1,1,1,1,2,2,1,8,1,2,3,1,1,2, , ,7,99,1, , , ,1, ,4,7,7, ,2,3,2,2,1,2,2,2,2,2,1,2,1,8,2,1,4, , , , , ,4,4,4,4, , , ,3, , , , , , , , , , ,2, , ,2,2, , , , , , , , , , , , , , , , , , , , , , , , , , , , , , , , , , , , , , , , , , , , , , , , , , , , , , , , , , , , , , , , , , , , , , , , , , , , , , , , , , , , , , , , , , , , , , , , , , , , , , , , , , , , , , , , ,2, ,35, , , , , , , , , , , , , , , , , , , , , , , , , , , , , , , , , , , , , , , ,9, , , , , , , , , , , , , , , , , , , , , , , , , , , , , , , , , ,2, , , , , , ,7, , , , , , , , , , , , , , , , , , , , , , , , , , , , , , , , , , , , , , , , , , , , , , , , , , , , , , , , , , , , , , , , , , , , ,1, , , , , ,3, , , , , , , , , , , , , , , , , , , , , , , , , , , , , , , , , , , , , , , , , , , , , , , , , , , , , , , , , , , , , , ,2, , ,2, , , , , , , , , ,3, , , , , , , , , , , , , , , , , , , , , , , , , , , , , , , , , , , , , ,2/10/2024,2/10/2024,2
1202401,2,2.11837753823185,8045630,3,2,4,9,3,2,2,2,4, , , , , , , , , , , , , , , , , , , , , , , , , , , , , , , , , ,4,2,2, , , , , , , , , , , , , , , , , , , , , , , , , , , , , , , , , , , , , , , , , , , , , , , , , , , , , , , , , , , , , , , , , , , , , , , , , , , , , , , , , , , , , , , , , , , , , , , , , , , , , , , , , , , , , , , , , , , , , , , , , , ,2, ,4, ,4, ,4, ,8, ,2, , ,2,2,3,2,4,1,2,2,2,2,1,2,1,1,1,1,3,1,1,1,1,1,2, , ,1,2,99, , , ,2, ,1,4,2, ,1,1,2,2,1,2,2,2,2,1,2,2,1,1,1,2,4, , , , , ,2,2,1,1,2, , ,2, , , , , , , , , , ,2, , ,1,2, , , , , , , , , , , , , , , , , , , , , , , , , , , , , , , , , , , , , , , , , , , , , , , , , , , , , , , , , , , , , , , , , , , , , , , , , , , , , , , , , , , , , , , , , , , , , , , , , , , , , , , , , , , , , , , , ,2, ,51, , , , , , , , , , , , , , , , , , , , , , , , , , , , , , , , , , , , , , , ,9, , , , , , , , , , , , , , , , , , , , , , , , , , , , , , , , , ,3, , , , , , ,5, , , , , , , , , , , , , , , , , , , , , , , , , , , , , , , , , , , , , , , , , , , , , , , , , , , , , , , , , , , , , , , , , , , , ,2,2, , , , ,3, , , , , , , , , , , , , , , , , , , , , , , , , , , , , , , , , , , , , , , , , , , , , , , , , , , , , , , , , , , , , , ,0, , ,2, , , , , , , , , ,9, , , , , , , , , , , , , , , , , , , , , , , , , , , , , , , , , , , , , ,2/10/2024,2/10/2024,2
1202401,2,1.9168717697018,8045693,2,2,2,9,9,9,9,9,9, , , , , , , , , , , , , , , , , , , , , , , , , , , , , , , , , ,9,9,9, , , , , , , , , , , , , , , , , , , , , , , , , , , , , , , , , , , , , , , , , , , , , , , , , , , , , , , , , , , , , , , , , , , , , , , , , , , , , , , , , , , , , , , , , , , , , , , , , , , , , , , , , , , , , , , , , , , , , , , , , , ,9, ,2, ,9, ,9, ,9, ,9, , ,9,9,9,9,9,3,2,3,3,2,1,1,1,3,2,2,2,3,1,3,3,2,3, , ,1,2,99, , , ,2, ,1,2,2, ,1,1,1,2,1,1,2,2,2,2,2,2,1,9,1,9,4, , , , , ,9,1,2,1,1, , ,2, , , , , , , , , , ,2, , ,1,2, , , , , , , , , , , , , , , , , , , , , , , , , , , , , , , , , , , , , , , , , , , , , , , , , , , , , , , , , , , , , , , , , , , , , , , , , , , , , , , , , , , , , , , , , , , , , , , , , , , , , , , , , , , , , , , , ,1, ,29, , , , , , , , , , , , , , , , , , , , , , , , , , , , , , , , , , , , , , , ,6, , , , , , , , , , , , , , , , , , , , , , , , , , , , , , , , , ,3, , , , , , ,6, , , , , , , , , , , , , , , , , , , , , , , , , , , , , , , , , , , , , , , , , , , , , , , , , , , , , , , , , , , , , , , , , , , , ,2,2, , , , ,99, , , , , , , , , , , , , , , , , , , , , , , , , , , , ,9, , , , , , , , , , , , , , , , , , , , , , , , , , , , , , , , , ,3, , ,2, , , , , , , , , ,9, , , , , , , , , , , , , , , , , , , , , , , , , , , , , , , , , , , , , ,4/21/2024,4/21/2024,2
1202401,2,.560771770088417,8045756,4,2,4,1,4,3,3,2,4, , , , , , , , , , , , , , , , , , , , , , , , , , , , , , , , , ,4,2,3, , , , , , , , , , , , , , , , , , , , , , , , , , , , , , , , , , , , , , , , , , , , , , , , , , , , , , , , , , , , , , , , , , , , , , , , , , , , , , , , , , , , , , , , , , , , , , , , , , , , , , , , , , , , , , , , , , , , , , , , , , ,3, ,3, ,4, ,4, ,8, ,4, , ,3,4,2,3,2,3,4,2,3,3,1,1,1,2,2,2,1,2,3,4,3,2,2, , ,7,99,3, , , ,1, ,3,6,6, ,2,3,2,2,2,2,1,2,2,2,2,2,2,2,1,1,4, , , , , ,3,4,1,3, , , ,3, , , , , , , , , , ,1, , ,2,1, , , , , , , , , , , , , , , , , , , , , , , , , , , , , , , , , , , , , , , , , , , , , , , , , , , , , , , , , , , , , , , , , , , , , , , , , , , , , , , , , , , , , , , , , , , , , , , , , , , , , , , , , , , , , , , , ,1, ,35, , , , , , , , , , , , , , , , , , , , , , , , , , , , , , , , , , , , , , , ,10, , , , , , , , , , , , , , , , , , , , , , , , , , , , , , , , , ,2, , , , , , ,11, , , , , , , , , , , , , , , , , , , , , , , , , , , , , , , , , , , , , , , , , , , , , , , , , , , , , , , , , , , , , , , , , , , , ,3,2, , , , ,2, , , , , , , , , , , , , , , , , , , , , , , , , , , , , , , , , , , , , , , , , , , , , , , , , , , , , , , , , , , , , , ,6, , ,2, , , , , , , , , ,2, , , , , , , , , , , , , , , , , , , , , , , , , , , , , , , , , , , , , ,1/25/2024,1/25/2024,2
1202401,2,1.95765921027662,8046166,3,2,2,1,4,1,2,2,4, , , , , , , , , , , , , , , , , , , , , , , , , , , , , , , , , ,3,3,2, , , , , , , , , , , , , , , , , , , , , , , , , , , , , , , , , , , , , , , , , , , , , , , , , , , , , , , , , , , , , , , , , , , , , , , , , , , , , , , , , , , , , , , , , , , , , , , , , , , , , , , , , , , , , , , , , , , , , , , , , , ,2, ,4, ,4, ,4, ,2, ,1, , ,1,2,2,2,3,1,3,3,3,2,2,2,2,3,1,2,1,2,3,1,1,1,3, , ,7,99,3, , , ,1, ,4,6,6, ,2,2,1,2,2,2,1,1,2,2,2,2,1,2,2,1,4, , , , , ,3,3,1,4, , , ,2, , , , , , , , , , ,2, , ,1,2, , , , , , , , , , , , , , , , , , , , , , , , , , , , , , , , , , , , , , , , , , , , , , , , , , , , , , , , , , , , , , , , , , , , , , , , , , , , , , , , , , , , , , , , , , , , , , , , , , , , , , , , , , , , , , , , ,1, ,62, , , , , , , , , , , , , , , , , , , , , , , , , , , , , , , , , , , , , , , ,6, , , , , , , , , , , , , , , , , , , , , , , , , , , , , , , , , ,3, , , , , , ,6, , , , , , , , , , , , , , , , , , , , , , , , , , , , , , , , , , , , , , , , , , , , , , , , , , , , , , , , , , , , , , , , , , , , ,1, , , , , ,3, , , , , , , , , , , , , , , , , , , , , , , , , , , , , , , , , , , , , , , , , , , , , , , , , , , , , , , , , , , , , , ,3, , ,2, , , , , , , , , ,8, , , , , , , , , , , , , , , , , , , , , , , , , , , , , , , , , , , , , ,4/18/2024,4/18/2024,2
1202401,2,1.49146224677316,8046304,3,2,2,3,3,2,3,2,4, , , , , , , , , , , , , , , , , , , , , , , , , , , , , , , , , ,3,3,3, , , , , , , , , , , , , , , , , , , , , , , , , , , , , , , , , , , , , , , , , , , , , , , , , , , , , , , , , , , , , , , , , , , , , , , , , , , , , , , , , , , , , , , , , , , , , , , , , , , , , , , , , , , , , , , , , , , , , , , , , , ,2, ,4, ,4, ,4, ,4, ,1, , ,2,2,3,2,3,1,4,4,2,1,1,1,3,1,1,1,1,1,3,1,1,1,2, , ,7,99,2, , , ,1, ,4,7,7, ,2,2,1,2,1,1,2,2,2,2,2,2,1,2,2,1,4, , , , , ,4,4,4,4, , , ,2, , , , , , , , , , ,2, , ,2,2, , , , , , , , , , , , , , , , , , , , , , , , , , , , , , , , , , , , , , , , , , , , , , , , , , , , , , , , , , , , , , , , , , , , , , , , , , , , , , , , , , , , , , , , , , , , , , , , , , , , , , , , , , , , , , , , ,1, ,77, , , , , , , , , , , , , , , , , , , , , , , , , , , , , , , , , , , , , , , ,5, , , , , , , , , , , , , , , , , , , , , , , , , , , , , , , , , ,4, , , , , , ,2, , , , , , , , , , , , , , , , , , , , , , , , , , , , , , , , , , , , , , , , , , , , , , , , , , , , , , , , , , , , , , , , , , , , ,2,2, , , , ,2, , , , , , , , , , , , , , , , , , , , , , , , , , , , , , , , , , , , , , , , , , , , , , , , , , , , , , , , , , , , , , ,6, , ,2, , , , , , , , , ,1, , , , , , , , , , , , , , , , , , , , , , , , , , , , , , , , , , , , , ,1/27/2024,1/27/2024,2
1202401,2,.258625757265398,8046625,2,1,1,2,2,2,3,3,4, , , , , , , , , , , , , , , , , , , , , , , , , , , , , , , , , ,1,3,4, , , , , , , , , , , , , , , , , , , , , , , , , , , , , , , , , , , , , , , , , , , , , , , , , , , , , , , , , , , , , , , , , , , , , , , , , , , , , , , , , , , , , , , , , , , , , , , , , , , , , , , , , , , , , , , , , , , , , , , , , , ,1, ,4, ,2, ,4, ,2, ,1, , ,1,2,2,1,4,2,3,3,3,2,1,2,1,1,1,1,2,2,3,2,3,1,3, , ,1,2,99, , , ,2, ,2,5,2, ,1,4,2,2,2,2,1,2,1,2,2,1,1,1,1,1,1, , , , , ,3,3,2,3, , , ,2, , , , , , , , , , ,2, , ,1,2, , , , , , , , , , , , , , , , , , , , , , , , , , , , , , , , , , , , , , , , , , , , , , , , , , , , , , , , , , , , , , , , , , , , , , , , , , , , , , , , , , , , , , , , , , , , , , , , , , , , , , , , , , , , , , , , ,1, ,74, , , , , , , , , , , , , , , , , , , , , , , , , , , , , , , , , , , , , , , ,11, , , , , , , , , , , , , , , , , , , , , , , , , , , , , , , , , ,3, , , , , , ,10, , , , , , , , , , , , , , , , , , , , , , , , , , , , , , , , , , , , , , , , , , , , , , , , , , , , , , , , , , , , , , , , , , , , ,2,2, , , , ,1, , , , , , , , , , , , , , , , , , , , , , , , , , , , , , , , , , , , , , , , , , , , , , , , , , , , , , , , , , , , , , ,3, , ,1, , , , , , , , , ,3, , , , , , , , , , , , , , , , , , , , , , , , , , , , , , , , , , , , , ,2/7/2024,2/7/2024,2
1202401,2,.346612456362651,8046627,1,1,1,2,3,1,1,1,3, , , , , , , , , , , , , , , , , , , , , , , , , , , , , , , , , ,1,4,2, , , , , , , , , , , , , , , , , , , , , , , , , , , , , , , , , , , , , , , , , , , , , , , , , , , , , , , , , , , , , , , , , , , , , , , , , , , , , , , , , , , , , , , , , , , , , , , , , , , , , , , , , , , , , , , , , , , , , , , , , , ,1, ,4, ,4, ,4, ,1, ,1, , ,1,1,1,1,2,2,2,1,1,1,1,1,2,2,1,1,4,3,2,3,2,1,3, , ,1,1,99, , , ,2, ,2,3,6, ,2,2,1,2,1,2,1,8,2,2,2,2,1,1,2,2,4, , , , , ,4,4,3,4, , , ,4, , , , , , , , , , ,2, , ,2,2, , , , , , , , , , , , , , , , , , , , , , , , , , , , , , , , , , , , , , , , , , , , , , , , , , , , , , , , , , , , , , , , , , , , , , , , , , , , , , , , , , , , , , , , , , , , , , , , , , , , , , , , , , , , , , , , ,1, ,66, , , , , , , , , , , , , , , , , , , , , , , , , , , , , , , , , , , , , , , ,10, , , , , , , , , , , , , , , , , , , , , , , , , , , , , , , , , ,3, , , , , , ,99,9, , , , , , , , , , , , , , , , , , , , , , , , , , , , , , , , , , , , , , , , , , , , , , , , , , , , , , , , , , , , , , , , , , , ,3,3, , , , ,1, , , , , , , , , , , , , , , , , , , , , , , , , , , , , , , , , , , , , , , , , , , , , , , , , , , , , , , , , , , , , , ,3, , ,1, , , , , , , , , ,9, , , , , , , , , , , , , , , , , , , , , , , , , , , , , , , , , , , , , ,4/18/2024,4/18/2024,2
1202401,2,2.07221780708306,8046652,4,2,4,3,4,3,3,3,2, , , , , , , , , , , , , , , , , , , , , , , , , , , , , , , , , ,4,1,4, , , , , , , , , , , , , , , , , , , , , , , , , , , , , , , , , , , , , , , , , , , , , , , , , , , , , , , , , , , , , , , , , , , , , , , , , , , , , , , , , , , , , , , , , , , , , , , , , , , , , , , , , , , , , , , , , , , , , , , , , , ,4, ,1, ,4, ,3, ,8, ,4, , ,4,4,4,4,4,2,4,4,4,1,1,1,1,4,2,2,1,1,4,1,8,1,1, , ,99,99,99, , , ,1, ,2,6,5, ,1,2,1,2,1,2,2,8,2,1,2,2,1,1,1,1,4, , , , , ,4,2,4,4, , , ,3, , , , , , , , , , ,2, , ,1,2, , , , , , , , , , , , , , , , , , , , , , , , , , , , , , , , , , , , , , , , , , , , , , , , , , , , , , , , , , , , , , , , , , , , , , , , , , , , , , , , , , , , , , , , , , , , , , , , , , , , , , , , , , , , , , , , ,1, ,31, , , , , , , , , , , , , , , , , , , , , , , , , , , , , , , , , , , , , , , ,6, , , , , , , , , , , , , , , , , , , , , , , , , , , , , , , , , ,4, , , , , , ,11, , , , , , , , , , , , , , , , , , , , , , , , , , , , , , , , , , , , , , , , , , , , , , , , , , , , , , , , , , , , , , , , , , , , ,2,2, , , , ,2, , , , , , , , , , , , , , , , , , , , , , , , , , , , , , , , , , , , , , , , , , , , , , , , , , , , , , , , , , , , , , ,3, , ,2, , , , , , , , , ,8, , , , , , , , , , , , , , , , , , , , , , , , , , , , , , , , , , , , , ,1/31/2024,1/31/2024,2
1202401,2,.981210226204916,8046684,3,2,3,2,4,3,2,2,2, , , , , , , , , , , , , , , , , , , , , , , , , , , , , , , , , ,4,2,4, , , , , , , , , , , , , , , , , , , , , , , , , , , , , , , , , , , , , , , , , , , , , , , , , , , , , , , , , , , , , , , , , , , , , , , , , , , , , , , , , , , , , , , , , , , , , , , , , , , , , , , , , , , , , , , , , , , , , , , , , , ,2, ,1, ,3, ,2, ,3, ,2, , ,3,3,3,3,3,3,3,2,3,1,2,2,2,2,1,1,1,1,2,1,1,1,3, , ,99,99,99, , , ,2, ,1,3,2, ,1,1,1,2,1,2,2,1,2,2,2,1,1,1,2,1,4, , , , , ,4,1,1,4, , , ,2, , , , , , , , , , ,2, , ,1,2, , , , , , , , , , , , , , , , , , , , , , , , , , , , , , , , , , , , , , , , , , , , , , , , , , , , , , , , , , , , , , , , , , , , , , , , , , , , , , , , , , , , , , , , , , , , , , , , , , , , , , , , , , , , , , , , ,1, ,32, , , , , , , , , , , , , , , , , , , , , , , , , , , , , , , , , , , , , , , ,10, , , , , , , , , , , , , , , , , , , , , , , , , , , , , , , , , ,3, , , , , , ,6, , , , , , , , , , , , , , , , , , , , , , , , , , , , , , , , , , , , , , , , , , , , , , , , , , , , , , , , , , , , , , , , , , , , ,4,2, , , , ,97, , , , , , , , , , , , , , , , , , , , , , , , , , , , ,1, , , , ,2, , , , , , , , , , , , , , , , , , , , , , , , , , , , ,4, , ,2, , , , , , , , , ,9, , , , , , , , , , , , , , , , , , , , , , , , , , , , , , , , , , , , , ,2/6/2024,2/6/2024,2
1202401,2,.573665259003115,8046817,2,1,2,4,4,2,2,2,4, , , , , , , , , , , , , , , , , , , , , , , , , , , , , , , , , ,2,2,2, , , , , , , , , , , , , , , , , , , , , , , , , , , , , , , , , , , , , , , , , , , , , , , , , , , , , , , , , , , , , , , , , , , , , , , , , , , , , , , , , , , , , , , , , , , , , , , , , , , , , , , , , , , , , , , , , , , , , , , , , , ,2, ,4, ,4, ,4, ,2, ,2, , ,2,2,3,2,2,2,2,3,2,1,2,1,1,2,2,1,1,1,3,1,2,1,3, , ,1,2,99, , , ,2, ,3,5,2, ,2,4,1,1,1,1,2,2,2,2,2,1,2,1,2,1,4, , , , , ,3,3,1,2,2, , ,3, , , , , , , , , , ,2, , ,2,2, , , , , , , , , , , , , , , , , , , , , , , , , , , , , , , , , , , , , , , , , , , , , , , , , , , , , , , , , , , , , , , , , , , , , , , , , , , , , , , , , , , , , , , , , , , , , , , , , , , , , , , , , , , , , , , , ,1, ,78, , , , , , , , , , , , , , , , , , , , , , , , , , , , , , , , , , , , , , , ,11, , , , , , , , , , , , , , , , , , , , , , , , , , , , , , , , , ,4, , , , , , ,1, , , , , , , , , , , , , , , , , , , , , , , , , , , , , , , , , , , , , , , , , , , , , , , , , , , , , , , , , , , , , , , , , , , , ,1, , , , , ,2, , , , , , , , , , , , , , , , , , , , , , , , , , , , , , , , , , , , , , , , , , , , , , , , , , , , , , , , , , , , , , ,3, , ,2, , , , , , , , , ,9, , , , , , , , , , , , , , , , , , , , , , , , , , , , , , , , , , , , , ,2/1/2024,2/1/2024,2
1202401,2,2.43256932414706,8046870,3,2,4,2,4,2,2,2,4, , , , , , , , , , , , , , , , , , , , , , , , , , , , , , , , , ,3,3,3, , , , , , , , , , , , , , , , , , , , , , , , , , , , , , , , , , , , , , , , , , , , , , , , , , , , , , , , , , , , , , , , , , , , , , , , , , , , , , , , , , , , , , , , , , , , , , , , , , , , , , , , , , , , , , , , , , , , , , , , , , ,4, ,4, ,4, ,4, ,4, ,4, , ,2,3,3,2,3,1,1,3,1,1,1,2,1,2,2,1,2,1,2,1,2,1,2, , ,1,1,99, , , ,2, ,2,7,2, ,1,2,1,1,1,1,1,1,2,2,2,1,2,1,2,2,4, , , , , ,4,4,4,2,2, , ,2, , , , , , , , , , ,1, , ,2,2, , , , , , , , , , , , , , , , , , , , , , , , , , , , , , , , , , , , , , , , , , , , , , , , , , , , , , , , , , , , , , , , , , , , , , , , , , , , , , , , , , , , , , , , , , , , , , , , , , , , , , , , , , , , , , , , ,2, ,43, , , , , , , , , , , , , , , , , , , , , , , , , , , , , , , , , , , , , , , ,8, , , , , , , , , , , , , , , , , , , , , , , , , , , , , , , , , ,3, , , , , , ,4, , , , , , , , , , , , , , , , , , , , , , , , , , , , , , , , , , , , , , , , , , , , , , , , , , , , , , , , , , , , , , , , , , , , ,1, , , , , ,4, , , , , , , , , , , , , , , , , , , , , , , , , , , , , , , , , , , , , , , , , , , , , , , , , , , , , , , , , , , , , , ,3, , ,2, , , , , , , , , ,3, , , , , , , , , , , , , , , , , , , , , , , , , , , , , , , , , , , , , ,2/10/2024,2/10/2024,2
1202401,2,1.27304996744189,8047069,2,2,1,3,4,2,2,2,4, , , , , , , , , , , , , , , , , , , , , , , , , , , , , , , , , ,2,3,2, , , , , , , , , , , , , , , , , , , , , , , , , , , , , , , , , , , , , , , , , , , , , , , , , , , , , , , , , , , , , , , , , , , , , , , , , , , , , , , , , , , , , , , , , , , , , , , , , , , , , , , , , , , , , , , , , , , , , , , , , , ,2, ,4, ,4, ,4, ,2, ,2, , ,3,2,2,1,4,1,2,1,1,1,2,1,1,1,1,1,2,8,3,3,2,1,3, , ,7,99,1, , , ,1, ,4,7,7, ,1,4,2,2,1,1,1,1,2,2,2,2,1,8,2,1,4, , , , , ,4,9,9,4, , , ,3, , , , , , , , , , ,1, , ,2,2, , , , , , , , , , , , , , , , , , , , , , , , , , , , , , , , , , , , , , , , , , , , , , , , , , , , , , , , , , , , , , , , , , , , , , , , , , , , , , , , , , , , , , , , , , , , , , , , , , , , , , , , , , , , , , , , ,1, ,59, , , , , , , , , , , , , , , , , , , , , , , , , , , , , , , , , , , , , , , ,4, , , , , , , , , , , , , , , , , , , , , , , , , , , , , , , , , ,3, , , , , , ,99,9, , , , , , , , , , , , , , , , , , , , , , , , , , , , , , , , , , , , , , , , , , , , , , , , , , , , , , , , , , , , , , , , , , , ,1, , , , , ,1, , , , , , , , , , , , , , , , , , , , , , , , , , , , , , , , , , , , , , , , , , , , , , , , , , , , , , , , , , , , , , ,3, , ,2, , , , , , , , , ,3, , , , , , , , , , , , , , , , , , , , , , , , , , , , , , , , , , , , , ,4/17/2024,4/17/2024,2
1202401,2,.516098878606357,8047115,3,8,3,2,2,2,8,2,1, , , , , , , , , , , , , , , , , , , , , , , , , , , , , , , , , ,8,8,8, , , , , , , , , , , , , , , , , , , , , , , , , , , , , , , , , , , , , , , , , , , , , , , , , , , , , , , , , , , , , , , , , , , , , , , , , , , , , , , , , , , , , , , , , , , , , , , , , , , , , , , , , , , , , , , , , , , , , , , , , , ,3, ,3, ,4, ,4, ,2, ,2, , ,3,8,2,8,8,1,4,2,3,8,1,2,4,2,3,1,1,1,2,2,1,2,2, , ,1,2,99, , , ,2, ,1,3,1, ,1,4,2,2,2,2,2,2,2,2,2,2,1,1,1,2,4, , , , , ,4,2,4,8, , , ,8, , , , , , , , , , ,2, , ,3,8, , , , , , , , , , , , , , , , , , , , , , , , , , , , , , , , , , , , , , , , , , , , , , , , , , , , , , , , , , , , , , , , , , , , , , , , , , , , , , , , , , , , , , , , , , , , , , , , , , , , , , , , , , , , , , , , ,2, ,50, , , , , , , , , , , , , , , , , , , , , , , , , , , , , , , , , , , , , , , ,10, , , , , , , , , , , , , , , , , , , , , , , , , , , , , , , , , ,2, , , , , , ,9, , , , , , , , , , , , , , , , , , , , , , , , , , , , , , , , , , , , , , , , , , , , , , , , , , , , , , , , , , , , , , , , , , , , ,3,2, , , , ,98, , , , , , , , , , , , , , , , , , , , , , , , , , , , ,2, , , , , , , , , , , , , , , , , , , , , , , , , , , , , , , , , ,6, , ,1, , , , , , , , , ,3, , , , , , , , , , , , , , , , , , , , , , , , , , , , , , , , , , , , , ,2/28/2024,2/28/2024,2
1202401,2,.609695806235436,8047314,4,2,4,2,2,2,2,2,8, , , , , , , , , , , , , , , , , , , , , , , , , , , , , , , , , ,4,2,4, , , , , , , , , , , , , , , , , , , , , , , , , , , , , , , , , , , , , , , , , , , , , , , , , , , , , , , , , , , , , , , , , , , , , , , , , , , , , , , , , , , , , , , , , , , , , , , , , , , , , , , , , , , , , , , , , , , , , , , , , , ,4, ,4, ,4, ,4, ,2, ,4, , ,3,2,8,8,3,2,3,4,4,1,1,1,1,8,2,2,3,4,4,8,4,2,3, , ,99,99,99, , , ,2, ,9,99,9, ,1,8,9,2,8,9,9,9,9,9,9,9,9,9,9,9,9, , , , , ,9,4,9,9, , , ,9, , , , , , , , , , ,2, , ,2,9, , , , , , , , , , , , , , , , , , , , , , , , , , , , , , , , , , , , , , , , , , , , , , , , , , , , , , , , , , , , , , , , , , , , , , , , , , , , , , , , , , , , , , , , , , , , , , , , , , , , , , , , , , , , , , , , ,1, ,99, , , , ,3, , , , , , , , , , , , , , , , , , , , , , , , , , , , , , , , , , ,11, , , , , , , , , , , , , , , , , , , , , , , , , , , , , , , , , ,3, , , , , , ,11, , , , , , , , , , , , , , , , , , , , , , , , , , , , , , , , , , , , , , , , , , , , , , , , , , , , , , , , , , , , , , , , , , , , ,4,2, , , , ,2, , , , , , , , , , , , , , , , , , , , , , , , , , , , , , , , , , , , , , , , , , , , , , , , , , , , , , , , , , , , , , ,3, , ,2, , , , , , , , , ,9, , , , , , , , , , , , , , , , , , , , , , , , , , , , , , , , , , , , , ,1/29/2024,1/29/2024,2
1202401,2,.520534884321788,8047324,2,2,2,2,4,2,1,1,4, , , , , , , , , , , , , , , , , , , , , , , , , , , , , , , , , ,4,4,3, , , , , , , , , , , , , , , , , , , , , , , , , , , , , , , , , , , , , , , , , , , , , , , , , , , , , , , , , , , , , , , , , , , , , , , , , , , , , , , , , , , , , , , , , , , , , , , , , , , , , , , , , , , , , , , , , , , , , , , , , , ,2, ,4, ,4, ,4, ,2, ,2, , ,1,3,1,1,8,2,4,4,4,2,1,1,1,2,2,1,4,2,4,4,4,2,4, , ,7,99,3, , , ,1, ,4,6,7, ,2,1,2,2,1,2,2,2,2,2,2,2,1,2,2,1,4, , , , , ,4,4,4,4, , , ,2, , , , , , , , , , ,2, , ,2,2, , , , , , , , , , , , , , , , , , , , , , , , , , , , , , , , , , , , , , , , , , , , , , , , , , , , , , , , , , , , , , , , , , , , , , , , , , , , , , , , , , , , , , , , , , , , , , , , , , , , , , , , , , , , , , , , ,1, ,52, , , , , , , , , , , , , , , , , , , , , , , , , , , , , , , , , , , , , , , ,10, , , , , , , , , , , , , , , , , , , , , , , , , , , , , , , , , ,3, , , , , , ,3, , , , , , , , , , , , , , , , , , , , , , , , , , , , , , , , , , , , , , , , , , , , , , , , , , , , , , , , , , , , , , , , , , , , ,1, , , , , ,4, , , , , , , , , , , , , , , , , , , , , , , , , , , , , , , , , , , , , , , , , , , , , , , , , , , , , , , , , , , , , , ,5, , ,2, , , , , , , , , ,3, , , , , , , , , , , , , , , , , , , , , , , , , , , , , , , , , , , , , ,2/8/2024,2/8/2024,2
1202401,2,.564286719176919,8047661,3,2,2,3,3,2,3,2,4, , , , , , , , , , , , , , , , , , , , , , , , , , , , , , , , , ,2,3,1, , , , , , , , , , , , , , , , , , , , , , , , , , , , , , , , , , , , , , , , , , , , , , , , , , , , , , , , , , , , , , , , , , , , , , , , , , , , , , , , , , , , , , , , , , , , , , , , , , , , , , , , , , , , , , , , , , , , , , , , , , ,2, ,4, ,4, ,4, ,2, ,1, , ,3,3,2,3,4,1,4,4,4,2,1,1,1,3,1,1,2,1,4,4,4,1,1, , ,7,99,1, , , ,1, ,4,7,7, ,2,4,2,2,2,2,2,2,2,2,2,2,2,2,2,1,4, , , , , ,4,1,4,4, , , ,3, , , , , , , , , , ,2, , ,2,8, , , , , , , , , , , , , , , , , , , , , , , , , , , , , , , , , , , , , , , , , , , , , , , , , , , , , , , , , , , , , , , , , , , , , , , , , , , , , , , , , , , , , , , , , , , , , , , , , , , , , , , , , , , , , , , , ,1, ,51, , , , , , , , , , , , , , , , , , , , , , , , , , , , , , , , , , , , , , , ,10, , , , , , , , , , , , , , , , , , , , , , , , , , , , , , , , , ,3, , , , , , ,5, , , , , , , , , , , , , , , , , , , , , , , , , , , , , , , , , , , , , , , , , , , , , , , , , , , , , , , , , , , , , , , , , , , , ,2,2, , , , ,3, , , , , , , , , , , , , , , , , , , , , , , , , , , , , , , , , , , , , , , , , , , , , , , , , , , , , , , , , , , , , , ,1, , ,2, , , , , , , , , ,9, , , , , , , , , , , , , , , , , , , , , , , , , , , , , , , , , , , , , ,1/31/2024,1/31/2024,2
1202401,2,1.585137434671,8047719,4,2,4,2,4,4,4,4,3, , , , , , , , , , , , , , , , , , , , , , , , , , , , , , , , , ,4,4,4, , , , , , , , , , , , , , , , , , , , , , , , , , , , , , , , , , , , , , , , , , , , , , , , , , , , , , , , , , , , , , , , , , , , , , , , , , , , , , , , , , , , , , , , , , , , , , , , , , , , , , , , , , , , , , , , , , , , , , , , , , ,4, ,2, ,4, ,2, ,4, ,4, , ,4,4,4,4,4,1,4,4,4,1,1,1,1,4,3,3,9,4,4,4,1,1,1, , ,7,99,3, , , ,2, ,4,6,7, ,1,1,1,1,1,1,1,1,2,2,2,2,1,1,9,9,3, , , , , ,4,4,9,4, , , ,3, , , , , , , , , , ,2, , ,1,2, , , , , , , , , , , , , , , , , , , , , , , , , , , , , , , , , , , , , , , , , , , , , , , , , , , , , , , , , , , , , , , , , , , , , , , , , , , , , , , , , , , , , , , , , , , , , , , , , , , , , , , , , , , , , , , , ,1, ,40, , , , , , , , , , , , , , , , , , , , , , , , , , , , , , , , , , , , , , , ,6, , , , , , , , , , , , , , , , , , , , , , , , , , , , , , , , , ,2, , , , , , ,10, , , , , , , , , , , , , , , , , , , , , , , , , , , , , , , , , , , , , , , , , , , , , , , , , , , , , , , , , , , , , , , , , , , , ,4,2, , , , ,97, , , , , , , , , , , , , , , , , , , , , , , , , , , , ,1, , , , ,6, , , , , , , , , , , , , , , , , , , , , , , , , , , , ,6, , ,2, , , , , , , , , ,1, , , , , , , , , , , , , , , , , , , , , , , , , , , , , , , , , , , , , ,1/28/2024,1/28/2024,2
1202401,2,.824362161420492,8047853,2,2,3,3,2,4,3,4,2, , , , , , , , , , , , , , , , , , , , , , , , , , , , , , , , , ,2,4,2, , , , , , , , , , , , , , , , , , , , , , , , , , , , , , , , , , , , , , , , , , , , , , , , , , , , , , , , , , , , , , , , , , , , , , , , , , , , , , , , , , , , , , , , , , , , , , , , , , , , , , , , , , , , , , , , , , , , , , , , , , ,4, ,2, ,3, ,2, ,4, ,4, , ,4,4,3,4,4,1,2,1,1,1,1,2,1,1,1,1,2,1,1,1,2,1,2, , ,7,99,3, , , ,1, ,3,7,3, ,1,4,1,2,1,1,1,1,2,2,2,1,1,2,2,1,4, , , , , ,3,3,2,3, , , ,2, , , , , , , , , , ,3, , ,4, , , , , , , , , , , , , , , , , , , , , , , , , , , , , , , , , , , , , , , , , , , , , , , , , , , , , , , , , , , , , , , , , , , , , , , , , , , , , , , , , , , , , , , , , , , , , , , , , , , , , , , , , , , , , , , , , ,1, ,52, , , , , , , , , , , , , , , , , , , , , , , , , , , , , , , , , , , , , , , ,4, , , , , , , , , , , , , , , , , , , , , , , , , , , , , , , , , ,3, , , , , , ,3, , , , , , , , , , , , , , , , , , , , , , , , , , , , , , , , , , , , , , , , , , , , , , , , , , , , , , , , , , , , , , , , , , , , ,2,2, , , , ,1, , , , , , , , , , , , , , , , , , , , , , , , , , , , , , , , , , , , , , , , , , , , , , , , , , , , , , , , , , , , , , ,4, , ,1, , , , , , , , , ,3, , , , , , , , , , , , , , , , , , , , , , , , , , , , , , , , , , , , , ,1/27/2024,1/27/2024,2
1202401,2,.555100308092024,8047854,2,2,3,4,4,4,2,4,4, , , , , , , , , , , , , , , , , , , , , , , , , , , , , , , , , ,4,4,4, , , , , , , , , , , , , , , , , , , , , , , , , , , , , , , , , , , , , , , , , , , , , , , , , , , , , , , , , , , , , , , , , , , , , , , , , , , , , , , , , , , , , , , , , , , , , , , , , , , , , , , , , , , , , , , , , , , , , , , , , , ,4, ,1, ,4, ,4, ,1, ,1, , ,4,4,4,4,4,1,1,1,1,1,3,4,3,3,3,2,1,1,2,1,3,1,2, , ,1,1,99, , , ,2, ,4,5,2, ,1,3,2,1,1,1,1,1,2,2,1,1,1,2,1,2,4, , , , , ,4,8,4,4, , , ,4, , , , , , , , , , ,3, , ,2,2, , , , , , , , , , , , , , , , , , , , , , , , , , , , , , , , , , , , , , , , , , , , , , , , , , , , , , , , , , , , , , , , , , , , , , , , , , , , , , , , , , , , , , , , , , , , , , , , , , , , , , , , , , , , , , , , ,1, ,61, , , , , , , , , , , , , , , , , , , , , , , , , , , , , , , , , , , , , , , ,5, , , , , , , , , , , , , , , , , , , , , , , , , , , , , , , , , ,3, , , , , , ,3, , , , , , , , , , , , , , , , , , , , , , , , , , , , , , , , , , , , , , , , , , , , , , , , , , , , , , , , , , , , , , , , , , , , ,1, , , , , ,97, , , , , , , , , , , , , , , , , , , , , , , , , , , , ,8, , , , , , , , , , , , , , , , , , , , , , , , , , , , , , , , , ,8, , ,1, , , , , , , , , ,3, , , , , , , , , , , , , , , , , , , , , , , , , , , , , , , , , , , , , ,2/14/2024,2/14/2024,2
1202401,2,1.98693599105921,8047901,2,2,2,1,3,1,1,1,4, , , , , , , , , , , , , , , , , , , , , , , , , , , , , , , , , ,2,4,2, , , , , , , , , , , , , , , , , , , , , , , , , , , , , , , , , , , , , , , , , , , , , , , , , , , , , , , , , , , , , , , , , , , , , , , , , , , , , , , , , , , , , , , , , , , , , , , , , , , , , , , , , , , , , , , , , , , , , , , , , , ,3, ,2, ,3, ,4, ,1, ,2, , ,2,2,2,3,3,1,3,1,1,2,1,2,1,2,2,1,8,4,1,4,2,1,4, , ,7,99,3, , , ,1, ,4,7,7, ,2,1,1,2,1,2,1,1,2,2,2,2,1,1,2,2,4, , , , , ,4,4,2,4, , , ,1, , , , , , , , , , ,2, , ,1,1, , , , , , , , , , , , , , , , , , , , , , , , , , , , , , , , , , , , , , , , , , , , , , , , , , , , , , , , , , , , , , , , , , , , , , , , , , , , , , , , , , , , , , , , , , , , , , , , , , , , , , , , , , , , , , , , ,1, ,48, , , , , , , , , , , , , , , , , , , , , , , , , , , , , , , , , , , , , , , ,9, , , , , , , , , , , , , , , , , , , , , , , , , , , , , , , , , ,2, , , , , , ,11, , , , , , , , , , , , , , , , , , , , , , , , , , , , , , , , , , , , , , , , , , , , , , , , , , , , , , , , , , , , , , , , , , , , ,4,3, , , , ,1, , , , , , , , , , , , , , , , , , , , , , , , , , , , , , , , , , , , , , , , , , , , , , , , , , , , , , , , , , , , , , ,3, , ,2, , , , , , , , , ,8, , , , , , , , , , , , , , , , , , , , , , , , , , , , , , , , , , , , , ,2/2/2024,2/2/2024,2
1202401,2,.885653708684748,8047976,4,1,2,2,2,2,2,2,4, , , , , , , , , , , , , , , , , , , , , , , , , , , , , , , , , ,2,2,3, , , , , , , , , , , , , , , , , , , , , , , , , , , , , , , , , , , , , , , , , , , , , , , , , , , , , , , , , , , , , , , , , , , , , , , , , , , , , , , , , , , , , , , , , , , , , , , , , , , , , , , , , , , , , , , , , , , , , , , , , , ,2, ,4, ,4, ,4, ,3, ,4, , ,2,2,2,2,2,1,1,1,2,1,2,1,1,1,1,1,1,3,1,4,4,1,2, , ,7,99,1, , , ,1, ,4,7,6, ,1,1,2,1,8,1,1,2,2,2,2,2,1,1,1,2,4, , , , , ,4,4,4,4, , , ,3, , , , , , , , , , ,2, , ,1,1, , , , , , , , , , , , , , , , , , , , , , , , , , , , , , , , , , , , , , , , , , , , , , , , , , , , , , , , , , , , , , , , , , , , , , , , , , , , , , , , , , , , , , , , , , , , , , , , , , , , , , , , , , , , , , , , ,2, ,32, , , , , , , , , , , , , , , , , , , , , , , , , , , , , , , , , , , , , , , ,10, , , , , , , , , , , , , , , , , , , , , , , , , , , , , , , , , ,2, , , , , , ,8, , , , , , , , , , , , , , , , , , , , , , , , , , , , , , , , , , , , , , , , , , , , , , , , , , , , , , , , , , , , , , , , , , , , ,4,2, , , , ,1, , , , , , , , , , , , , , , , , , , , , , , , , , , , , , , , , , , , , , , , , , , , , , , , , , , , , , , , , , , , , , ,3, , ,2, , , , , , , , , ,3, , , , , , , , , , , , , , , , , , , , , , , , , , , , , , , , , , , , , ,2/2/2024,2/2/2024,2
1202401,2,1.68750216979439,8048021,4,2,3,4,3,2,3,3,2, , , , , , , , , , , , , , , , , , , , , , , , , , , , , , , , , ,3,2,3, , , , , , , , , , , , , , , , , , , , , , , , , , , , , , , , , , , , , , , , , , , , , , , , , , , , , , , , , , , , , , , , , , , , , , , , , , , , , , , , , , , , , , , , , , , , , , , , , , , , , , , , , , , , , , , , , , , , , , , , , , ,4, ,9, ,9, ,2, ,9, ,4, , ,4,9,3,4,9,2,9,3,3,2,2,2,9,3,3,1,1,2,3,8,2,1,3, , ,1,2,99, , , ,1, ,1,3,9, ,1,2,9,2,1,2,9,2,9,9,2,2,1,1,1,2,1, , , , , ,3,2,2,2,9, , ,3, , , , , , , , , , ,2, , ,9, , , , , , , , , , , , , , , , , , , , , , , , , , , , , , , , , , , , , , , , , , , , , , , , , , , , , , , , , , , , , , , , , , , , , , , , , , , , , , , , , , , , , , , , , , , , , , , , , , , , , , , , , , , , , , , , , ,2, ,83, , , , , , , , , , , , , , , , , , , , , , , , , , , , , , , , , , , , , , , ,99, , , , , , , , , , , , , , , , , , , , , , , , , , , , , , , , , ,2, , , , , , ,2, , , , , , , , , , , , , , , , , , , , , , , , , , , , , , , , , , , , , , , , , , , , , , , , , , , , , , , , , , , , , , , , , , , , ,3,3, , , , ,2, , , , , , , , , , , , , , , , , , , , , , , , , , , , , , , , , , , , , , , , , , , , , , , , , , , , , , , , , , , , , , ,3, , ,2, , , , , , , , , ,8, , , , , , , , , , , , , , , , , , , , , , , , , , , , , , , , , , , , , ,2/1/2024,2/1/2024,2
1202401,2,.570042354578936,8048227,3,2,2,2,3,2,2,2,3, , , , , , , , , , , , , , , , , , , , , , , , , , , , , , , , , ,8,8,8, , , , , , , , , , , , , , , , , , , , , , , , , , , , , , , , , , , , , , , , , , , , , , , , , , , , , , , , , , , , , , , , , , , , , , , , , , , , , , , , , , , , , , , , , , , , , , , , , , , , , , , , , , , , , , , , , , , , , , , , , , ,2, ,4, ,3, ,4, ,2, ,1, , ,3,3,3,4,8,2,1,1,2,3,1,2,2,2,2,2,2,2,2,3,2,1,2, , ,1,1,99, , , ,2, ,3,6,7, ,1,3,2,2,2,2,1,2,2,2,2,2,1,2,1,1,4, , , , , ,4,4,4,4, , , ,2, , , , , , , , , , ,2, , ,2,2, , , , , , , , , , , , , , , , , , , , , , , , , , , , , , , , , , , , , , , , , , , , , , , , , , , , , , , , , , , , , , , , , , , , , , , , , , , , , , , , , , , , , , , , , , , , , , , , , , , , , , , , , , , , , , , , ,2, ,18, , , , , , , , , , , , , , , , , , , , , , , , , , , , , , , , , , , , , , , ,10, , , , , , , , , , , , , , , , , , , , , , , , , , , , , , , , , ,2, , , , , , ,8, , , , , , , , , , , , , , , , , , , , , , , , , , , , , , , , , , , , , , , , , , , , , , , , , , , , , , , , , , , , , , , , , , , , ,4,2, , , , ,98, , , , , , , , , , , , , , , , , , , , , , , , , , , , ,2, , , , , , , , , , , , , , , , , , , , , , , , , , , , , , , , , ,2, , ,1, , , , , , , , , ,3, , , , , , , , , , , , , , , , , , , , , , , , , , , , , , , , , , , , , ,2/7/2024,2/7/2024,2
1202401,2,1.23417891857994,8048502,2,3,2,4,8,2,8,3,4, , , , , , , , , , , , , , , , , , , , , , , , , , , , , , , , , ,2,3,2, , , , , , , , , , , , , , , , , , , , , , , , , , , , , , , , , , , , , , , , , , , , , , , , , , , , , , , , , , , , , , , , , , , , , , , , , , , , , , , , , , , , , , , , , , , , , , , , , , , , , , , , , , , , , , , , , , , , , , , , , , ,1, ,4, ,3, ,4, ,1, ,1, , ,2,2,2,1,3,4,4,3,4,3,4,4,3,9,4,4,1,2,3,3,3,4,4, , ,1,1,99, , , ,2, ,3,5,6, ,2,3,2,2,2,2,2,2,2,2,2,2,2,1,2,2,3, , , , , ,1,1,3,3, , , ,3, , , , , , , , , , ,9, , ,3,2, , , , , , , , , , , , , , , , , , , , , , , , , , , , , , , , , , , , , , , , , , , , , , , , , , , , , , , , , , , , , , , , , , , , , , , , , , , , , , , , , , , , , , , , , , , , , , , , , , , , , , , , , , , , , , , , ,1, ,90, , , , , , , , , , , , , , , , , , , , , , , , , , , , , , , , , , , , , , , ,5, , , , , , , , , , , , , , , , , , , , , , , , , , , , , , , , , ,4, , , , , , ,3, , , , , , , , , , , , , , , , , , , , , , , , , , , , , , , , , , , , , , , , , , , , , , , , , , , , , , , , , , , , , , , , , , , , ,1, , , , , ,1, , , , , , , , , , , , , , , , , , , , , , , , , , , , , , , , , , , , , , , , , , , , , , , , , , , , , , , , , , , , , , ,6, , ,2, , , , , , , , , ,2, , , , , , , , , , , , , , , , , , , , , , , , , , , , , , , , , , , , , ,4/17/2024,4/17/2024,2
1202401,2,1.49146224677316,8048555,3,2,3,3,4,2,1,1,4, , , , , , , , , , , , , , , , , , , , , , , , , , , , , , , , , ,3,4,1, , , , , , , , , , , , , , , , , , , , , , , , , , , , , , , , , , , , , , , , , , , , , , , , , , , , , , , , , , , , , , , , , , , , , , , , , , , , , , , , , , , , , , , , , , , , , , , , , , , , , , , , , , , , , , , , , , , , , , , , , , ,2, ,4, ,4, ,4, ,2, ,1, , ,2,3,2,2,3,1,2,2,3,1,1,2,1,1,2,2,3,2,2,2,2,1,2, , ,7,99,1, , , ,1, ,4,7,7, ,2,4,2,2,2,2,2,2,2,2,2,2,2,2,2,1,4, , , , , ,4,4,2,4, , , ,2, , , , , , , , , , ,3, , ,2,2, , , , , , , , , , , , , , , , , , , , , , , , , , , , , , , , , , , , , , , , , , , , , , , , , , , , , , , , , , , , , , , , , , , , , , , , , , , , , , , , , , , , , , , , , , , , , , , , , , , , , , , , , , , , , , , , ,1, ,56, , , , , , , , , , , , , , , , , , , , , , , , , , , , , , , , , , , , , , , ,6, , , , , , , , , , , , , , , , , , , , , , , , , , , , , , , , , ,4, , , , , , ,7, , , , , , , , , , , , , , , , , , , , , , , , , , , , , , , , , , , , , , , , , , , , , , , , , , , , , , , , , , , , , , , , , , , , ,5,5, , , , ,3, , , , , , , , , , , , , , , , , , , , , , , , , , , , , , , , , , , , , , , , , , , , , , , , , , , , , , , , , , , , , , ,2, , ,2, , , , , , , , , ,1, , , , , , , , , , , , , , , , , , , , , , , , , , , , , , , , , , , , , ,2/3/2024,2/3/2024,2
1202401,2,.374594150354314,8048558,2,2,3,2,4,2,2,2,4, , , , , , , , , , , , , , , , , , , , , , , , , , , , , , , , , ,3,2,4, , , , , , , , , , , , , , , , , , , , , , , , , , , , , , , , , , , , , , , , , , , , , , , , , , , , , , , , , , , , , , , , , , , , , , , , , , , , , , , , , , , , , , , , , , , , , , , , , , , , , , , , , , , , , , , , , , , , , , , , , , ,2, ,3, ,4, ,4, ,2, ,3, , ,3,2,3,2,1,2,3,1,1,3,1,2,1,3,2,1,2,3,2,3,3,2,3, , ,1,2,99, , , ,2, ,3,5,5, ,1,2,1,2,1,2,1,2,2,2,2,2,1,1,1,2,3, , , , , ,3,2,3,2,2, , ,3, , , , , , , , , , ,2, , ,2,2, , , , , , , , , , , , , , , , , , , , , , , , , , , , , , , , , , , , , , , , , , , , , , , , , , , , , , , , , , , , , , , , , , , , , , , , , , , , , , , , , , , , , , , , , , , , , , , , , , , , , , , , , , , , , , , , ,1, ,58, , , , , , , , , , , , , , , , , , , , , , , , , , , , , , , , , , , , , , , ,10, , , , , , , , , , , , , , , , , , , , , , , , , , , , , , , , , ,2, , , , , , ,11, , , , , , , , , , , , , , , , , , , , , , , , , , , , , , , , , , , , , , , , , , , , , , , , , , , , , , , , , , , , , , , , , , , , ,3,3, , , , ,2, , , , , , , , , , , , , , , , , , , , , , , , , , , , , , , , , , , , , , , , , , , , , , , , , , , , , , , , , , , , , , ,4, , ,1, , , , , , , , , ,1, , , , , , , , , , , , , , , , , , , , , , , , , , , , , , , , , , , , , ,4/20/2024,4/20/2024,2
1202401,2,2.43256932414706,8048569,2,8,3,4,2,3,2,2,3, , , , , , , , , , , , , , , , , , , , , , , , , , , , , , , , , ,2,2,2, , , , , , , , , , , , , , , , , , , , , , , , , , , , , , , , , , , , , , , , , , , , , , , , , , , , , , , , , , , , , , , , , , , , , , , , , , , , , , , , , , , , , , , , , , , , , , , , , , , , , , , , , , , , , , , , , , , , , , , , , , ,3, ,3, ,4, ,3, ,3, ,4, , ,8,1,1,4,3,1,4,1,1,2,1,3,3,4,1,1,3,4,3,1,3,3,2, , ,1,99,99, , , ,2, ,1,2,1, ,1,1,1,1,2,1,2,2,1,2,2,2,1,1,1,2,1, , , , , ,1,1,1,1,1, , ,3, , , , , , , , , , ,2, , ,2,1, , , , , , , , , , , , , , , , , , , , , , , , , , , , , , , , , , , , , , , , , , , , , , , , , , , , , , , , , , , , , , , , , , , , , , , , , , , , , , , , , , , , , , , , , , , , , , , , , , , , , , , , , , , , , , , , ,2, ,28, , , , , , , , , , , , , , , , , , , , , , , , , , , , , , , , , , , , , , , ,3, , , , , , , , , , , , , , , , , , , , , , , , , , , , , , , , , ,2, , , , , , ,2, , , , , , , , , , , , , , , , , , , , , , , , , , , , , , , , , , , , , , , , , , , , , , , , , , , , , , , , , , , , , , , , , , , , ,4,2, , , , ,97, , , , , , , , , , , , , , , , , , , , , , , , , , , , ,1, , , , ,1, , , , , , , , , , , , , , , , , , , , , , , , , , , , ,4, , ,2, , , , , , , , , ,3, , , , , , , , , , , , , , , , , , , , , , , , , , , , , , , , , , , , , ,1/27/2024,1/27/2024,2
1202401,2,.504640978002086,8048577,2,2,2,2,4,1,3,1,4, , , , , , , , , , , , , , , , , , , , , , , , , , , , , , , , , ,3,3,2, , , , , , , , , , , , , , , , , , , , , , , , , , , , , , , , , , , , , , , , , , , , , , , , , , , , , , , , , , , , , , , , , , , , , , , , , , , , , , , , , , , , , , , , , , , , , , , , , , , , , , , , , , , , , , , , , , , , , , , , , , ,2, ,4, ,4, ,4, ,2, ,2, , ,2,2,2,1,2,1,2,1,2,2,1,1,2,2,2,2,2,2,2,2,2,2,3, , ,7,99,3, , , ,1, ,4,6,6, ,1,2,1,1,1,2,1,2,2,2,2,2,2,2,2,1,4, , , , , ,4,4,1,4, , , ,2, , , , , , , , , , ,2, , ,2,2, , , , , , , , , , , , , , , , , , , , , , , , , , , , , , , , , , , , , , , , , , , , , , , , , , , , , , , , , , , , , , , , , , , , , , , , , , , , , , , , , , , , , , , , , , , , , , , , , , , , , , , , , , , , , , , , ,1, ,73, , , , , , , , , , , , , , , , , , , , , , , , , , , , , , , , , , , , , , , ,10, , , , , , , , , , , , , , , , , , , , , , , , , , , , , , , , , ,3, , , , , , ,2, , , , , , , , , , , , , , , , , , , , , , , , , , , , , , , , , , , , , , , , , , , , , , , , , , , , , , , , , , , , , , , , , , , , ,1, , , , , ,3, , , , , , , , , , , , , , , , , , , , , , , , , , , , , , , , , , , , , , , , , , , , , , , , , , , , , , , , , , , , , , ,3, , ,2, , , , , , , , , ,2, , , , , , , , , , , , , , , , , , , , , , , , , , , , , , , , , , , , , ,2/3/2024,2/3/2024,2
1202401,2,1.86479790278112,8048651,2,1,3,2,3,2,4,1,4, , , , , , , , , , , , , , , , , , , , , , , , , , , , , , , , , ,4,2,3, , , , , , , , , , , , , , , , , , , , , , , , , , , , , , , , , , , , , , , , , , , , , , , , , , , , , , , , , , , , , , , , , , , , , , , , , , , , , , , , , , , , , , , , , , , , , , , , , , , , , , , , , , , , , , , , , , , , , , , , , , ,2, ,3, ,4, ,4, ,2, ,2, , ,2,3,2,2,2,3,4,3,3,1,1,1,1,2,2,2,4,4,4,4,3,3,3, , ,7,99,2, , , ,1, ,3,5,7, ,2,3,1,2,1,2,2,2,2,2,2,2,2,9,1,2,3, , , , , ,2,2,9,9, , , ,1, , , , , , , , , , ,2, , ,3,2, , , , , , , , , , , , , , , , , , , , , , , , , , , , , , , , , , , , , , , , , , , , , , , , , , , , , , , , , , , , , , , , , , , , , , , , , , , , , , , , , , , , , , , , , , , , , , , , , , , , , , , , , , , , , , , , ,1, ,62, , , , , , , , , , , , , , , , , , , , , , , , , , , , , , , , , , , , , , , ,6, , , , , , , , , , , , , , , , , , , , , , , , , , , , , , , , , ,4, , , , , , ,4, , , , , , , , , , , , , , , , , , , , , , , , , , , , , , , , , , , , , , , , , , , , , , , , , , , , , , , , , , , , , , , , , , , , ,3,3, , , , ,1, , , , , , , , , , , , , , , , , , , , , , , , , , , , , , , , , , , , , , , , , , , , , , , , , , , , , , , , , , , , , , ,4, , ,2, , , , , , , , , ,8, , , , , , , , , , , , , , , , , , , , , , , , , , , , , , , , , , , , , ,2/2/2024,2/2/2024,2
1202401,2,1.76824757874302,8048729,3,2,2,3,3,2,2,2,4, , , , , , , , , , , , , , , , , , , , , , , , , , , , , , , , , ,2,4,2, , , , , , , , , , , , , , , , , , , , , , , , , , , , , , , , , , , , , , , , , , , , , , , , , , , , , , , , , , , , , , , , , , , , , , , , , , , , , , , , , , , , , , , , , , , , , , , , , , , , , , , , , , , , , , , , , , , , , , , , , , ,3, ,3, ,3, ,4, ,2, ,4, , ,3,4,8,3,8,1,1,1,1,2,2,1,1,2,2,1,2,2,2,2,2,2,3, , ,7,99,3, , , ,1, ,4,7,7, ,2,3,2,2,1,2,2,2,2,2,2,2,2,2,1,1,4, , , , , ,4,4,4,4, , , ,4, , , , , , , , , , ,2, , ,8, , , , , , , , , , , , , , , , , , , , , , , , , , , , , , , , , , , , , , , , , , , , , , , , , , , , , , , , , , , , , , , , , , , , , , , , , , , , , , , , , , , , , , , , , , , , , , , , , , , , , , , , , , , , , , , , , ,1, ,20, , , , , , , , , , , , , , , , , , , , , , , , , , , , , , , , , , , , , , , ,6, , , , , , , , , , , , , , , , , , , , , , , , , , , , , , , , , ,3, , , , , , ,9, , , , , , , , , , , , , , , , , , , , , , , , , , , , , , , , , , , , , , , , , , , , , , , , , , , , , , , , , , , , , , , , , , , , ,2,2, , , , ,1, , , , , , , , , , , , , , , , , , , , , , , , , , , , , , , , , , , , , , , , , , , , , , , , , , , , , , , , , , , , , , ,8, , ,2, , , , , , , , , ,3, , , , , , , , , , , , , , , , , , , , , , , , , , , , , , , , , , , , , ,1/30/2024,1/30/2024,2
1202401,2,.400130789739438,8048740,4,2,4,4,4,3,4,2,2, , , , , , , , , , , , , , , , , , , , , , , , , , , , , , , , , ,4,1,4, , , , , , , , , , , , , , , , , , , , , , , , , , , , , , , , , , , , , , , , , , , , , , , , , , , , , , , , , , , , , , , , , , , , , , , , , , , , , , , , , , , , , , , , , , , , , , , , , , , , , , , , , , , , , , , , , , , , , , , , , , ,4, ,1, ,4, ,2, ,4, ,4, , ,4,4,4,3,2,2,2,2,2,1,1,1,1,4,4,4,1,4,3,1,1,1,2, , ,1,1,99, , , ,2, ,1,3,1, ,1,2,2,2,2,2,1,2,1,1,2,2,1,1,1,1,4, , , , , ,4,1,1,4, , , ,2, , , , , , , , , , ,2, , ,1,2, , , , , , , , , , , , , , , , , , , , , , , , , , , , , , , , , , , , , , , , , , , , , , , , , , , , , , , , , , , , , , , , , , , , , , , , , , , , , , , , , , , , , , , , , , , , , , , , , , , , , , , , , , , , , , , , ,1, ,50, , , , , , , , , , , , , , , , , , , , , , , , , , , , , , , , , , , , , , , ,10, , , , , , , , , , , , , , , , , , , , , , , , , , , , , , , , , ,3, , , , , , ,6, , , , , , , , , , , , , , , , , , , , , , , , , , , , , , , , , , , , , , , , , , , , , , , , , , , , , , , , , , , , , , , , , , , , ,3,3, , , , ,2, , , , , , , , , , , , , , , , , , , , , , , , , , , , , , , , , , , , , , , , , , , , , , , , , , , , , , , , , , , , , , ,5, , ,1, , , , , , , , , ,6, , , , , , , , , , , , , , , , , , , , , , , , , , , , , , , , , , , , , ,1/27/2024,1/27/2024,2
1202401,2,2.43256932414706,8048803,3,2,3,4,3,1,1,1,4, , , , , , , , , , , , , , , , , , , , , , , , , , , , , , , , , ,4,1,3, , , , , , , , , , , , , , , , , , , , , , , , , , , , , , , , , , , , , , , , , , , , , , , , , , , , , , , , , , , , , , , , , , , , , , , , , , , , , , , , , , , , , , , , , , , , , , , , , , , , , , , , , , , , , , , , , , , , , , , , , , ,2, ,4, ,4, ,4, ,2, ,2, , ,2,2,2,1,3,1,1,2,2,3,2,1,1,4,2,1,4,1,2,4,2,1,2, , ,7,99,3, , , ,2, ,4,7,7, ,2,2,1,2,1,2,1,1,2,2,2,2,1,2,2,1,4, , , , , ,4,4,2,4, , , ,2, , , , , , , , , , ,2, , ,3,2, , , , , , , , , , , , , , , , , , , , , , , , , , , , , , , , , , , , , , , , , , , , , , , , , , , , , , , , , , , , , , , , , , , , , , , , , , , , , , , , , , , , , , , , , , , , , , , , , , , , , , , , , , , , , , , , ,2, ,20, , , , , , , , , , , , , , , , , , , , , , , , , , , , , , , , , , , , , , , ,6, , , , , , , , , , , , , , , , , , , , , , , , , , , , , , , , , ,3, , , , , , ,6, , , , , , , , , , , , , , , , , , , , , , , , , , , , , , , , , , , , , , , , , , , , , , , , , , , , , , , , , , , , , , , , , , , , ,2,2, , , , ,2, , , , , , , , , , , , , , , , , , , , , , , , , , , , , , , , , , , , , , , , , , , , , , , , , , , , , , , , , , , , , , ,3, , ,2, , , , , , , , , ,1, , , , , , , , , , , , , , , , , , , , , , , , , , , , , , , , , , , , , ,1/31/2024,1/31/2024,2
1202401,2,1.27304996744189,8049071,2,2,2,4,4,2,2,1,4, , , , , , , , , , , , , , , , , , , , , , , , , , , , , , , , , ,3,2,3, , , , , , , , , , , , , , , , , , , , , , , , , , , , , , , , , , , , , , , , , , , , , , , , , , , , , , , , , , , , , , , , , , , , , , , , , , , , , , , , , , , , , , , , , , , , , , , , , , , , , , , , , , , , , , , , , , , , , , , , , , ,2, ,4, ,4, ,4, ,2, ,2, , ,2,3,1,2,2,1,4,4,4,4,1,3,1,1,2,2,3,3,3,3,3,2,3, , ,1,1,99, , , ,2, ,4,6,6, ,2,3,2,2,2,2,1,2,2,2,2,2,2,2,1,1,4, , , , , ,4,4,4,4, , , ,3, , , , , , , , , , ,2, , ,1,2, , , , , , , , , , , , , , , , , , , , , , , , , , , , , , , , , , , , , , , , , , , , , , , , , , , , , , , , , , , , , , , , , , , , , , , , , , , , , , , , , , , , , , , , , , , , , , , , , , , , , , , , , , , , , , , , ,1, ,53, , , , , , , , , , , , , , , , , , , , , , , , , , , , , , , , , , , , , , , ,6, , , , , , , , , , , , , , , , , , , , , , , , , , , , , , , , , ,2, , , , , , ,8, , , , , , , , , , , , , , , , , , , , , , , , , , , , , , , , , , , , , , , , , , , , , , , , , , , , , , , , , , , , , , , , , , , , ,2,2, , , , ,4, , , , , , , , , , , , , , , , , , , , , , , , , , , , , , , , , , , , , , , , , , , , , , , , , , , , , , , , , , , , , , ,3, , ,2, , , , , , , , , ,3, , , , , , , , , , , , , , , , , , , , , , , , , , , , , , , , , , , , , ,2/8/2024,2/8/2024,2
1202401,2,.723581527507055,8049115,3,2,2,4,3,1,2,2,3, , , , , , , , , , , , , , , , , , , , , , , , , , , , , , , , , ,2,4,8, , , , , , , , , , , , , , , , , , , , , , , , , , , , , , , , , , , , , , , , , , , , , , , , , , , , , , , , , , , , , , , , , , , , , , , , , , , , , , , , , , , , , , , , , , , , , , , , , , , , , , , , , , , , , , , , , , , , , , , , , , ,2, ,4, ,4, ,4, ,3, ,2, , ,3,4,8,2,4,2,2,1,1,2,1,1,1,1,1,1,2,1,2,4,8,2,2, , ,7,99,1, , , ,1, ,3,7,7, ,2,3,2,2,1,2,2,2,2,2,2,2,2,2,2,1,4, , , , , ,4,4,4,4, , , ,3, , , , , , , , , , ,2, , ,2,2, , , , , , , , , , , , , , , , , , , , , , , , , , , , , , , , , , , , , , , , , , , , , , , , , , , , , , , , , , , , , , , , , , , , , , , , , , , , , , , , , , , , , , , , , , , , , , , , , , , , , , , , , , , , , , , , ,2, ,31, , , , , , , , , , , , , , , , , , , , , , , , , , , , , , , , , , , , , , , ,11, , , , , , , , , , , , , , , , , , , , , , , , , , , , , , , , , ,2, , , , , , ,10, , , , , , , , , , , , , , , , , , , , , , , , , , , , , , , , , , , , , , , , , , , , , , , , , , , , , , , , , , , , , , , , , , , , ,2,2, , , , ,97, , , , , , , , , , , , , , , , , , , , , , , , , , , , ,8, , , , , , , , , , , , , , , , , , , , , , , , , , , , , , , , , ,3, , ,2, , , , , , , , , ,3, , , , , , , , , , , , , , , , , , , , , , , , , , , , , , , , , , , , , ,2/5/2024,2/5/2024,2
1202401,2,.425278438993516,8049118,3,8,2,4,4,1,3,2,4, , , , , , , , , , , , , , , , , , , , , , , , , , , , , , , , , ,3,4,3, , , , , , , , , , , , , , , , , , , , , , , , , , , , , , , , , , , , , , , , , , , , , , , , , , , , , , , , , , , , , , , , , , , , , , , , , , , , , , , , , , , , , , , , , , , , , , , , , , , , , , , , , , , , , , , , , , , , , , , , , , ,2, ,4, ,4, ,4, ,3, ,2, , ,2,3,2,2,4,1,2,2,9,1,1,1,2,2,1,1,4,1,2,3,1,1,2, , ,1,1,99, , , ,2, ,4,7,6, ,2,2,1,2,1,1,1,2,2,2,2,1,1,2,2,1,4, , , , , ,4,4,1,4, , , ,2, , , , , , , , , , ,2, , ,2,8, , , , , , , , , , , , , , , , , , , , , , , , , , , , , , , , , , , , , , , , , , , , , , , , , , , , , , , , , , , , , , , , , , , , , , , , , , , , , , , , , , , , , , , , , , , , , , , , , , , , , , , , , , , , , , , , ,1, ,73, , , , , , , , , , , , , , , , , , , , , , , , , , , , , , , , , , , , , , , ,11, , , , , , , , , , , , , , , , , , , , , , , , , , , , , , , , , ,2, , , , , , ,5, , , , , , , , , , , , , , , , , , , , , , , , , , , , , , , , , , , , , , , , , , , , , , , , , , , , , , , , , , , , , , , , , , , , ,1, , , , , ,4, , , , , , , , , , , , , , , , , , , , , , , , , , , , , , , , , , , , , , , , , , , , , , , , , , , , , , , , , , , , , , ,2, , ,2, , , , , , , , , ,3, , , , , , , , , , , , , , , , , , , , , , , , , , , , , , , , , , , , , ,2/11/2024,2/11/2024,2
1202401,2,2.1714858451124,8049119,2,2,2,3,3,3,2,8,4, , , , , , , , , , , , , , , , , , , , , , , , , , , , , , , , , ,2,3,2, , , , , , , , , , , , , , , , , , , , , , , , , , , , , , , , , , , , , , , , , , , , , , , , , , , , , , , , , , , , , , , , , , , , , , , , , , , , , , , , , , , , , , , , , , , , , , , , , , , , , , , , , , , , , , , , , , , , , , , , , , ,2, ,4, ,4, ,4, ,2, ,2, , ,2,3,2,2,8,1,2,1,1,1,1,1,1,2,1,1,4,2,2,4,1,1,2, , ,7,99,3, , , ,1, ,4,6,7, ,2,2,2,2,2,2,2,2,2,2,2,2,2,2,2,1,4, , , , , ,4,4,4,4, , , ,2, , , , , , , , , , ,3, , ,2,2, , , , , , , , , , , , , , , , , , , , , , , , , , , , , , , , , , , , , , , , , , , , , , , , , , , , , , , , , , , , , , , , , , , , , , , , , , , , , , , , , , , , , , , , , , , , , , , , , , , , , , , , , , , , , , , , ,2, ,39, , , , , , , , , , , , , , , , , , , , , , , , , , , , , , , , , , , , , , , ,9, , , , , , , , , , , , , , , , , , , , , , , , , , , , , , , , , ,3, , , , , , ,3, , , , , , , , , , , , , , , , , , , , , , , , , , , , , , , , , , , , , , , , , , , , , , , , , , , , , , , , , , , , , , , , , , , , ,3,2, , , , ,97, , , , , , , , , , , , , , , , , , , , , , , , , , , , ,2, , , , , , , , , , , , , , , , , , , , , , , , , , , , , , , , , ,8, , ,2, , , , , , , , , ,3, , , , , , , , , , , , , , , , , , , , , , , , , , , , , , , , , , , , , ,2/9/2024,2/9/2024,2
1202401,2,2.11303123153627,8049127,4,2,4,4,4,4,4,4,2, , , , , , , , , , , , , , , , , , , , , , , , , , , , , , , , , ,4,3,4, , , , , , , , , , , , , , , , , , , , , , , , , , , , , , , , , , , , , , , , , , , , , , , , , , , , , , , , , , , , , , , , , , , , , , , , , , , , , , , , , , , , , , , , , , , , , , , , , , , , , , , , , , , , , , , , , , , , , , , , , , ,4, ,1, ,2, ,2, ,4, ,4, , ,4,4,4,4,4,1,1,1,1,1,1,1,1,4,4,4,1,2,1,1,1,1,2, , ,1,2,99, , , ,2, ,1,6,1, ,1,1,1,1,1,2,1,1,2,1,2,2,1,1,1,2,2, , , , , ,2,2,2,1,1, , ,4, , , , , , , , , , ,3, , ,1,2, , , , , , , , , , , , , , , , , , , , , , , , , , , , , , , , , , , , , , , , , , , , , , , , , , , , , , , , , , , , , , , , , , , , , , , , , , , , , , , , , , , , , , , , , , , , , , , , , , , , , , , , , , , , , , , , ,2, ,65, , , , , , , , , , , , , , , , , , , , , , , , , , , , , , , , , , , , , , , ,6, , , , , , , , , , , , , , , , , , , , , , , , , , , , , , , , , ,4, , , , , , ,4, , , , , , , , , , , , , , , , , , , , , , , , , , , , , , , , , , , , , , , , , , , , , , , , , , , , , , , , , , , , , , , , , , , , ,2,2, , , , ,97, , , , , , , , , , , , , , , , , , , , , , , , , , , , ,2, , , , , , , , , , , , , , , , , , , , , , , , , , , , , , , , , ,0, , ,2, , , , , , , , , ,9, , , , , , , , , , , , , , , , , , , , , , , , , , , , , , , , , , , , , ,1/27/2024,1/27/2024,2
1202401,2,.517798072839898,8049135,3,2,2,3,3,1,2,3,4, , , , , , , , , , , , , , , , , , , , , , , , , , , , , , , , , ,3,3,2, , , , , , , , , , , , , , , , , , , , , , , , , , , , , , , , , , , , , , , , , , , , , , , , , , , , , , , , , , , , , , , , , , , , , , , , , , , , , , , , , , , , , , , , , , , , , , , , , , , , , , , , , , , , , , , , , , , , , , , , , , ,1, ,4, ,4, ,4, ,2, ,2, , ,3,3,2,2,3,1,1,1,2,1,1,1,2,2,2,1,4,1,1,4,4,1,3, , ,1,1,99, , , ,2, ,3,5,5, ,1,3,2,2,2,1,1,1,2,2,2,2,1,2,2,2,4, , , , , ,4,4,2,4, , , ,3, , , , , , , , , , ,2, , ,1,2, , , , , , , , , , , , , , , , , , , , , , , , , , , , , , , , , , , , , , , , , , , , , , , , , , , , , , , , , , , , , , , , , , , , , , , , , , , , , , , , , , , , , , , , , , , , , , , , , , , , , , , , , , , , , , , , ,2, ,99, , , , ,4, , , , , , , , , , , , , , , , , , , , , , , , , , , , , , , , , , ,11, , , , , , , , , , , , , , , , , , , , , , , , , , , , , , , , , ,2, , , , , , ,99,1, , , , , , , , , , , , , , , , , , , , , , , , , , , , , , , , , , , , , , , , , , , , , , , , , , , , , , , , , , , , , , , , , , , ,1, , , , , ,1, , , , , , , , , , , , , , , , , , , , , , , , , , , , , , , , , , , , , , , , , , , , , , , , , , , , , , , , , , , , , , ,3, , ,2, , , , , , , , , ,3, , , , , , , , , , , , , , , , , , , , , , , , , , , , , , , , , , , , , ,2/12/2024,2/12/2024,2
1202401,2,.981210226204916,8049178,3,8,2,2,2,2,1,2,2, , , , , , , , , , , , , , , , , , , , , , , , , , , , , , , , , ,2,3,2, , , , , , , , , , , , , , , , , , , , , , , , , , , , , , , , , , , , , , , , , , , , , , , , , , , , , , , , , , , , , , , , , , , , , , , , , , , , , , , , , , , , , , , , , , , , , , , , , , , , , , , , , , , , , , , , , , , , , , , , , , ,4, ,3, ,3, ,3, ,2, ,3, , ,4,3,8,4,4,2,3,3,3,1,1,1,1,2,3,2,2,2,1,1,8,1,3, , ,7,99,2, , , ,1, ,4,6,7, ,2,3,2,2,2,2,2,2,2,2,2,2,2,2,1,1,4, , , , , ,4,4,1,4, , , ,2, , , , , , , , , , ,2, , ,2,2, , , , , , , , , , , , , , , , , , , , , , , , , , , , , , , , , , , , , , , , , , , , , , , , , , , , , , , , , , , , , , , , , , , , , , , , , , , , , , , , , , , , , , , , , , , , , , , , , , , , , , , , , , , , , , , , ,1, ,31, , , , , , , , , , , , , , , , , , , , , , , , , , , , , , , , , , , , , , , ,10, , , , , , , , , , , , , , , , , , , , , , , , , , , , , , , , , ,2, , , , , , ,11, , , , , , , , , , , , , , , , , , , , , , , , , , , , , , , , , , , , , , , , , , , , , , , , , , , , , , , , , , , , , , , , , , , , ,4,4, , , , ,1, , , , , , , , , , , , , , , , , , , , , , , , , , , , , , , , , , , , , , , , , , , , , , , , , , , , , , , , , , , , , , ,2, , ,2, , , , , , , , , ,9, , , , , , , , , , , , , , , , , , , , , , , , , , , , , , , , , , , , , ,1/31/2024,2/2/2024,2
1202401,2,1.9168717697018,8049195,2,2,2,2,8,2,1,8,4, , , , , , , , , , , , , , , , , , , , , , , , , , , , , , , , , ,2,4,1, , , , , , , , , , , , , , , , , , , , , , , , , , , , , , , , , , , , , , , , , , , , , , , , , , , , , , , , , , , , , , , , , , , , , , , , , , , , , , , , , , , , , , , , , , , , , , , , , , , , , , , , , , , , , , , , , , , , , , , , , , ,2, ,4, ,8, ,4, ,2, ,2, , ,8,8,8,8,3,1,4,3,2,1,2,1,2,2,1,2,2,1,2,4,2,1,2, , ,7,99,2, , , ,2, ,4,6,2, ,2,2,1,1,1,1,1,1,2,2,2,1,1,1,2,1,4, , , , , ,4,4,4,4, , , ,8, , , , , , , , , , ,2, , ,2,2, , , , , , , , , , , , , , , , , , , , , , , , , , , , , , , , , , , , , , , , , , , , , , , , , , , , , , , , , , , , , , , , , , , , , , , , , , , , , , , , , , , , , , , , , , , , , , , , , , , , , , , , , , , , , , , , ,1, ,24, , , , , , , , , , , , , , , , , , , , , , , , , , , , , , , , , , , , , , , ,6, , , , , , , , , , , , , , , , , , , , , , , , , , , , , , , , , ,2, , , , , , ,11, , , , , , , , , , , , , , , , , , , , , , , , , , , , , , , , , , , , , , , , , , , , , , , , , , , , , , , , , , , , , , , , , , , , ,5,5, , , , ,1, , , , , , , , , , , , , , , , , , , , , , , , , , , , , , , , , , , , , , , , , , , , , , , , , , , , , , , , , , , , , , ,1, , ,2, , , , , , , , , ,9, , , , , , , , , , , , , , , , , , , , , , , , , , , , , , , , , , , , , ,1/31/2024,1/31/2024,2
1202401,2,2.2236502731267,8049353,2,2,4,2,3,2,2,3,3, , , , , , , , , , , , , , , , , , , , , , , , , , , , , , , , , ,8,8,8, , , , , , , , , , , , , , , , , , , , , , , , , , , , , , , , , , , , , , , , , , , , , , , , , , , , , , , , , , , , , , , , , , , , , , , , , , , , , , , , , , , , , , , , , , , , , , , , , , , , , , , , , , , , , , , , , , , , , , , , , , ,8, ,4, ,4, ,8, ,8, ,8, , ,9,9,2,3,8,1,2,1,1,2,4,2,4,1,1,1,1,1,1,3,1,1,2, , ,1,2,99, , , ,2, ,1,7,2, ,1,2,2,2,1,2,2,1,2,2,2,2,1,1,1,8,1, , , , , ,3,4,1,1,1, , ,4, , , , , , , , , , ,2, , ,4, , , , , , , , , , , , , , , , , , , , , , , , , , , , , , , , , , , , , , , , , , , , , , , , , , , , , , , , , , , , , , , , , , , , , , , , , , , , , , , , , , , , , , , , , , , , , , , , , , , , , , , , , , , , , , , , , ,1, ,26, , , , , , , , , , , , , , , , , , , , , , , , , , , , , , , , , , , , , , , ,6, , , , , , , , , , , , , , , , , , , , , , , , , , , , , , , , , ,4, , , , , , ,1, , , , , , , , , , , , , , , , , , , , , , , , , , , , , , , , , , , , , , , , , , , , , , , , , , , , , , , , , , , , , , , , , , , , ,5,5, , , , ,4, , , , , , , , , , , , , , , , , , , , , , , , , , , , , , , , , , , , , , , , , , , , , , , , , , , , , , , , , , , , , , ,8, , ,2, , , , , , , , , ,3, , , , , , , , , , , , , , , , , , , , , , , , , , , , , , , , , , , , , ,4/19/2024,4/19/2024,2
1202401,2,.824362161420492,8049366,3,2,3,4,4,4,4,4,4, , , , , , , , , , , , , , , , , , , , , , , , , , , , , , , , , ,4,4,3, , , , , , , , , , , , , , , , , , , , , , , , , , , , , , , , , , , , , , , , , , , , , , , , , , , , , , , , , , , , , , , , , , , , , , , , , , , , , , , , , , , , , , , , , , , , , , , , , , , , , , , , , , , , , , , , , , , , , , , , , , ,1, ,4, ,3, ,4, ,3, ,1, , ,4,1,4,4,4,1,1,1,4,1,3,1,3,2,1,2,3,1,1,1,1,1,2, , ,1,1,99, , , ,2, ,2,7,4, ,1,4,2,2,1,1,1,2,2,2,2,1,2,2,1,2,4, , , , , ,3,3,3,3, , , ,4, , , , , , , , , , ,2, , ,4, , , , , , , , , , , , , , , , , , , , , , , , , , , , , , , , , , , , , , , , , , , , , , , , , , , , , , , , , , , , , , , , , , , , , , , , , , , , , , , , , , , , , , , , , , , , , , , , , , , , , , , , , , , , , , , , , ,1, ,66, , , , , , , , , , , , , , , , , , , , , , , , , , , , , , , , , , , , , , , ,5, , , , , , , , , , , , , , , , , , , , , , , , , , , , , , , , , ,4, , , , , , ,11, , , , , , , , , , , , , , , , , , , , , , , , , , , , , , , , , , , , , , , , , , , , , , , , , , , , , , , , , , , , , , , , , , , , ,2,2, , , , ,4, , , , , , , , , , , , , , , , , , , , , , , , , , , , , , , , , , , , , , , , , , , , , , , , , , , , , , , , , , , , , , ,3, , ,1, , , , , , , , , ,3, , , , , , , , , , , , , , , , , , , , , , , , , , , , , , , , , , , , , ,4/20/2024,4/20/2024,2
1202401,2,2.22927646367533,8049370,3,2,2,2,2,1,2,2,3, , , , , , , , , , , , , , , , , , , , , , , , , , , , , , , , , ,1,2,1, , , , , , , , , , , , , , , , , , , , , , , , , , , , , , , , , , , , , , , , , , , , , , , , , , , , , , , , , , , , , , , , , , , , , , , , , , , , , , , , , , , , , , , , , , , , , , , , , , , , , , , , , , , , , , , , , , , , , , , , , , ,3, ,2, ,9, ,3, ,8, ,2, , ,2,3,2,2,4,2,3,3,4,2,1,1,1,2,2,1,3,3,4,4,2,3,3, , ,7,99,2, , , ,1, ,4,6,6, ,2,3,1,2,1,2,1,1,2,1,2,2,1,2,2,1,4, , , , , ,4,4,2,4, , , ,3, , , , , , , , , , ,2, , ,3,1, , , , , , , , , , , , , , , , , , , , , , , , , , , , , , , , , , , , , , , , , , , , , , , , , , , , , , , , , , , , , , , , , , , , , , , , , , , , , , , , , , , , , , , , , , , , , , , , , , , , , , , , , , , , , , , , ,1, ,21, , , , , , , , , , , , , , , , , , , , , , , , , , , , , , , , , , , , , , , ,8, , , , , , , , , , , , , , , , , , , , , , , , , , , , , , , , , ,2, , , , , , ,9, , , , , , , , , , , , , , , , , , , , , , , , , , , , , , , , , , , , , , , , , , , , , , , , , , , , , , , , , , , , , , , , , , , , ,2,2, , , , ,1, , , , , , , , , , , , , , , , , , , , , , , , , , , , , , , , , , , , , , , , , , , , , , , , , , , , , , , , , , , , , , ,2, , ,2, , , , , , , , , ,3, , , , , , , , , , , , , , , , , , , , , , , , , , , , , , , , , , , , , ,1/29/2024,1/29/2024,2
1202401,2,.793657121793346,8049514,3,2,2,4,4,2,2,3,4, , , , , , , , , , , , , , , , , , , , , , , , , , , , , , , , , ,3,2,3, , , , , , , , , , , , , , , , , , , , , , , , , , , , , , , , , , , , , , , , , , , , , , , , , , , , , , , , , , , , , , , , , , , , , , , , , , , , , , , , , , , , , , , , , , , , , , , , , , , , , , , , , , , , , , , , , , , , , , , , , , ,3, ,1, ,4, ,4, ,2, ,2, , ,2,3,4,4,3,2,4,3,4,2,3,2,2,1,1,1,3,1,3,2,3,1,2, , ,1,2,99, , , ,1, ,1,3,3, ,1,1,2,2,1,1,1,2,2,2,2,2,1,1,1,2,2, , , , , ,3,3,3,3, , , ,3, , , , , , , , , , ,2, , ,1,2, , , , , , , , , , , , , , , , , , , , , , , , , , , , , , , , , , , , , , , , , , , , , , , , , , , , , , , , , , , , , , , , , , , , , , , , , , , , , , , , , , , , , , , , , , , , , , , , , , , , , , , , , , , , , , , , ,2, ,55, , , , , , , , , , , , , , , , , , , , , , , , , , , , , , , , , , , , , , , ,10, , , , , , , , , , , , , , , , , , , , , , , , , , , , , , , , , ,2, , , , , , ,3, , , , , , , , , , , , , , , , , , , , , , , , , , , , , , , , , , , , , , , , , , , , , , , , , , , , , , , , , , , , , , , , , , , , ,4,4, , , , ,99, , , , , , , , , , , , , , , , , , , , , , , , , , , , ,2, , , , , , , , , , , , , , , , , , , , , , , , , , , , , , , , , ,4, , ,1, , , , , , , , , ,8, , , , , , , , , , , , , , , , , , , , , , , , , , , , , , , , , , , , , ,2/20/2024,2/20/2024,2
1202401,2,.727406003372143,8049603,3,2,2,2,3,1,2,2,3, , , , , , , , , , , , , , , , , , , , , , , , , , , , , , , , , ,3,2,2, , , , , , , , , , , , , , , , , , , , , , , , , , , , , , , , , , , , , , , , , , , , , , , , , , , , , , , , , , , , , , , , , , , , , , , , , , , , , , , , , , , , , , , , , , , , , , , , , , , , , , , , , , , , , , , , , , , , , , , , , , ,3, ,3, ,8, ,4, ,8, ,1, , ,8,1,8,2,2,1,2,1,2,1,1,1,1,1,2,1,4,3,2,3,2,1,2, , ,7,99,1, , , ,1, ,4,6,7, ,2,3,2,2,2,2,2,2,2,1,2,2,2,2,1,1,4, , , , , ,4,4,4,2,2, , ,3, , , , , , , , , , ,3, , ,1,1, , , , , , , , , , , , , , , , , , , , , , , , , , , , , , , , , , , , , , , , , , , , , , , , , , , , , , , , , , , , , , , , , , , , , , , , , , , , , , , , , , , , , , , , , , , , , , , , , , , , , , , , , , , , , , , , ,1, ,30, , , , , , , , , , , , , , , , , , , , , , , , , , , , , , , , , , , , , , , ,10, , , , , , , , , , , , , , , , , , , , , , , , , , , , , , , , , ,2, , , , , , ,9, , , , , , , , , , , , , , , , , , , , , , , , , , , , , , , , , , , , , , , , , , , , , , , , , , , , , , , , , , , , , , , , , , , , ,1, , , , , ,98, , , , , , , , , , , , , , , , , , , , , , , , , , , , ,1, , , , ,2, , , , , , , , , , , , , , , , , , , , , , , , , , , , ,6, , ,2, , , , , , , , , ,3, , , , , , , , , , , , , , , , , , , , , , , , , , , , , , , , , , , , , ,1/27/2024,1/27/2024,2
1202401,2,.578433542257229,8049608,2,2,3,2,2,2,2,2,3, , , , , , , , , , , , , , , , , , , , , , , , , , , , , , , , , ,2,2,3, , , , , , , , , , , , , , , , , , , , , , , , , , , , , , , , , , , , , , , , , , , , , , , , , , , , , , , , , , , , , , , , , , , , , , , , , , , , , , , , , , , , , , , , , , , , , , , , , , , , , , , , , , , , , , , , , , , , , , , , , , ,2, ,3, ,3, ,3, ,2, ,2, , ,3,4,2,3,2,3,3,3,4,3,1,1,1,2,2,1,1,2,3,2,4,3,2, , ,7,99,3, , , ,1, ,4,7,7, ,2,4,2,2,2,2,2,2,2,2,2,2,2,2,1,1,4, , , , , ,4,4,4,4, , , ,3, , , , , , , , , , ,3, , ,2,1, , , , , , , , , , , , , , , , , , , , , , , , , , , , , , , , , , , , , , , , , , , , , , , , , , , , , , , , , , , , , , , , , , , , , , , , , , , , , , , , , , , , , , , , , , , , , , , , , , , , , , , , , , , , , , , , ,1, ,36, , , , , , , , , , , , , , , , , , , , , , , , , , , , , , , , , , , , , , , ,10, , , , , , , , , , , , , , , , , , , , , , , , , , , , , , , , , ,2, , , , , , ,11, , , , , , , , , , , , , , , , , , , , , , , , , , , , , , , , , , , , , , , , , , , , , , , , , , , , , , , , , , , , , , , , , , , , ,3,2, , , , ,4, , , , , , , , , , , , , , , , , , , , , , , , , , , , , , , , , , , , , , , , , , , , , , , , , , , , , , , , , , , , , , ,5, , ,2, , , , , , , , , ,3, , , , , , , , , , , , , , , , , , , , , , , , , , , , , , , , , , , , , ,2/5/2024,2/5/2024,2
1202401,2,.321190902307281,8049630,4,1,3,2,2,2,1,2,4, , , , , , , , , , , , , , , , , , , , , , , , , , , , , , , , , ,8,8,8, , , , , , , , , , , , , , , , , , , , , , , , , , , , , , , , , , , , , , , , , , , , , , , , , , , , , , , , , , , , , , , , , , , , , , , , , , , , , , , , , , , , , , , , , , , , , , , , , , , , , , , , , , , , , , , , , , , , , , , , , , ,2, ,4, ,2, ,2, ,2, ,2, , ,2,3,3,3,3,4,2,2,2,1,1,1,1,2,2,2,1,3,3,3,1,4,2, , ,7,99,3, , , ,1, ,3,4,2, ,1,2,1,1,2,2,2,1,1,2,1,1,1,1,2,1,3, , , , , ,2,1,2,3, , , ,3, , , , , , , , , , ,3, , ,3,1, , , , , , , , , , , , , , , , , , , , , , , , , , , , , , , , , , , , , , , , , , , , , , , , , , , , , , , , , , , , , , , , , , , , , , , , , , , , , , , , , , , , , , , , , , , , , , , , , , , , , , , , , , , , , , , , ,2, ,30, , , , , , , , , , , , , , , , , , , , , , , , , , , , , , , , , , , , , , , ,11, , , , , , , , , , , , , , , , , , , , , , , , , , , , , , , , , ,2, , , , , , ,1, , , , , , , , , , , , , , , , , , , , , , , , , , , , , , , , , , , , , , , , , , , , , , , , , , , , , , , , , , , , , , , , , , , , ,2,2, , , , ,96, , , , , , , , , , , , , , , , , , , , , , , , , , , , , , , , , , , , , , , , , , , , , , , , , , , , , , , , , , , , , , ,2, , ,1, , , , , , , , , ,9, , , , , , , , , , , , , , , , , , , , , , , , , , , , , , , , , , , , , ,1/30/2024,1/30/2024,2
1202401,2,.810383928295748,8049647,2,2,2,2,2,2,1,1,4, , , , , , , , , , , , , , , , , , , , , , , , , , , , , , , , , ,2,4,1, , , , , , , , , , , , , , , , , , , , , , , , , , , , , , , , , , , , , , , , , , , , , , , , , , , , , , , , , , , , , , , , , , , , , , , , , , , , , , , , , , , , , , , , , , , , , , , , , , , , , , , , , , , , , , , , , , , , , , , , , , ,2, ,4, ,4, ,4, ,2, ,1, , ,2,2,2,1,3,1,1,1,1,3,1,2,8,2,1,2,3,2,2,3,2,2,3, , ,1,99,99, , , ,2, ,2,5,5, ,1,2,1,2,1,2,2,2,2,2,2,2,1,1,1,2,4, , , , , ,4,4,4,1,2, , ,1, , , , , , , , , , ,2, , ,2,2, , , , , , , , , , , , , , , , , , , , , , , , , , , , , , , , , , , , , , , , , , , , , , , , , , , , , , , , , , , , , , , , , , , , , , , , , , , , , , , , , , , , , , , , , , , , , , , , , , , , , , , , , , , , , , , , ,1, ,46, , , , , , , , , , , , , , , , , , , , , , , , , , , , , , , , , , , , , , , ,10, , , , , , , , , , , , , , , , , , , , , , , , , , , , , , , , , ,5, , , , , , ,3, , , , , , , , , , , , , , , , , , , , , , , , , , , , , , , , , , , , , , , , , , , , , , , , , , , , , , , , , , , , , , , , , , , , ,1, , , , , ,3, , , , , , , , , , , , , , , , , , , , , , , , , , , , , , , , , , , , , , , , , , , , , , , , , , , , , , , , , , , , , , ,3, , ,2, , , , , , , , , ,8, , , , , , , , , , , , , , , , , , , , , , , , , , , , , , , , , , , , , ,2/6/2024,2/6/2024,2
1202401,2,.847061560751018,8049824,4,2,4,2,4,2,2,2,4, , , , , , , , , , , , , , , , , , , , , , , , , , , , , , , , , ,4,2,4, , , , , , , , , , , , , , , , , , , , , , , , , , , , , , , , , , , , , , , , , , , , , , , , , , , , , , , , , , , , , , , , , , , , , , , , , , , , , , , , , , , , , , , , , , , , , , , , , , , , , , , , , , , , , , , , , , , , , , , , , , ,8, ,3, ,4, ,4, ,3, ,3, , ,3,2,8,2,2,3,1,1,1,1,4,2,2,2,2,2,2,2,2,8,2,2,2, , ,7,99,3, , , ,1, ,4,7,7, ,2,4,1,2,1,2,2,2,2,2,2,2,2,2,2,1,4, , , , , ,4,4,4,4, , , ,8, , , , , , , , , , ,1, , ,1,8, , , , , , , , , , , , , , , , , , , , , , , , , , , , , , , , , , , , , , , , , , , , , , , , , , , , , , , , , , , , , , , , , , , , , , , , , , , , , , , , , , , , , , , , , , , , , , , , , , , , , , , , , , , , , , , , ,2, ,47, , , , , , , , , , , , , , , , , , , , , , , , , , , , , , , , , , , , , , , ,10, , , , , , , , , , , , , , , , , , , , , , , , , , , , , , , , , ,2, , , , , , ,8, , , , , , , , , , , , , , , , , , , , , , , , , , , , , , , , , , , , , , , , , , , , , , , , , , , , , , , , , , , , , , , , , , , , ,5,3, , , , ,2, , , , , , , , , , , , , , , , , , , , , , , , , , , , , , , , , , , , , , , , , , , , , , , , , , , , , , , , , , , , , , ,3, , ,2, , , , , , , , , ,3, , , , , , , , , , , , , , , , , , , , , , , , , , , , , , , , , , , , , ,2/8/2024,2/8/2024,2
1202401,2,2.43256932414706,8049923,2,2,1,3,4,2,2,2,4, , , , , , , , , , , , , , , , , , , , , , , , , , , , , , , , , ,2,3,2, , , , , , , , , , , , , , , , , , , , , , , , , , , , , , , , , , , , , , , , , , , , , , , , , , , , , , , , , , , , , , , , , , , , , , , , , , , , , , , , , , , , , , , , , , , , , , , , , , , , , , , , , , , , , , , , , , , , , , , , , , ,2, ,4, ,4, ,4, ,2, ,2, , ,2,2,2,2,2,2,3,4,3,1,1,1,1,1,2,1,3,2,3,3,2,1,3, , ,1,1,99, , , ,2, ,4,5,6, ,2,3,2,2,1,2,2,2,2,2,2,2,2,2,2,2,4, , , , , ,4,4,4,4, , , ,3, , , , , , , , , , ,2, , ,2,1, , , , , , , , , , , , , , , , , , , , , , , , , , , , , , , , , , , , , , , , , , , , , , , , , , , , , , , , , , , , , , , , , , , , , , , , , , , , , , , , , , , , , , , , , , , , , , , , , , , , , , , , , , , , , , , , ,1, ,21, , , , , , , , , , , , , , , , , , , , , , , , , , , , , , , , , , , , , , , ,6, , , , , , , , , , , , , , , , , , , , , , , , , , , , , , , , , ,2, , , , , , ,98,2, , , , , , , , , , , , , , , , , , , , , , , , , , , , , , , , , , , , , , , , , , , , , , , , , , , , , , , , , , , , , , , , , , , ,4,4, , , , ,1, , , , , , , , , , , , , , , , , , , , , , , , , , , , , , , , , , , , , , , , , , , , , , , , , , , , , , , , , , , , , , ,2, , ,2, , , , , , , , , ,9, , , , , , , , , , , , , , , , , , , , , , , , , , , , , , , , , , , , , ,2/13/2024,2/13/2024,2
1202401,2,1.37492560483261,8050042,2,2,2,2,3,8,1,1,3, , , , , , , , , , , , , , , , , , , , , , , , , , , , , , , , , ,3,2,3, , , , , , , , , , , , , , , , , , , , , , , , , , , , , , , , , , , , , , , , , , , , , , , , , , , , , , , , , , , , , , , , , , , , , , , , , , , , , , , , , , , , , , , , , , , , , , , , , , , , , , , , , , , , , , , , , , , , , , , , , , ,3, ,3, ,4, ,4, ,8, ,2, , ,3,3,2,2,3,2,3,2,3,2,1,1,1,2,1,1,4,2,2,3,2,2,3, , ,7,99,1, , , ,1, ,4,5,7, ,2,3,2,2,2,2,2,2,2,2,2,2,2,1,2,1,4, , , , , ,4,4,1,4, , , ,3, , , , , , , , , , ,1, , ,2,2, , , , , , , , , , , , , , , , , , , , , , , , , , , , , , , , , , , , , , , , , , , , , , , , , , , , , , , , , , , , , , , , , , , , , , , , , , , , , , , , , , , , , , , , , , , , , , , , , , , , , , , , , , , , , , , , ,1, ,31, , , , , , , , , , , , , , , , , , , , , , , , , , , , , , , , , , , , , , , ,9, , , , , , , , , , , , , , , , , , , , , , , , , , , , , , , , , ,2, , , , , , ,7, , , , , , , , , , , , , , , , , , , , , , , , , , , , , , , , , , , , , , , , , , , , , , , , , , , , , , , , , , , , , , , , , , , , ,1, , , , , ,2, , , , , , , , , , , , , , , , , , , , , , , , , , , , , , , , , , , , , , , , , , , , , , , , , , , , , , , , , , , , , , ,2, , ,2, , , , , , , , , ,10, , , , , , , , , , , , , , , , , , , , , , , , , , , , , , , , , , , , , ,2/3/2024,2/3/2024,2
1202401,2,.425278438993516,8050118,2,2,2,4,3,2,3,2,4, , , , , , , , , , , , , , , , , , , , , , , , , , , , , , , , , ,2,3,1, , , , , , , , , , , , , , , , , , , , , , , , , , , , , , , , , , , , , , , , , , , , , , , , , , , , , , , , , , , , , , , , , , , , , , , , , , , , , , , , , , , , , , , , , , , , , , , , , , , , , , , , , , , , , , , , , , , , , , , , , , ,2, ,4, ,2, ,4, ,2, ,1, , ,3,2,3,1,4,2,2,2,2,1,1,1,1,1,1,1,1,1,1,2,1,2,3, , ,1,1,99, , , ,2, ,4,7,7, ,2,2,1,2,1,2,1,2,2,2,2,2,1,2,2,1,3, , , , , ,3,3,3,3, , , ,2, , , , , , , , , , ,2, , ,2,2, , , , , , , , , , , , , , , , , , , , , , , , , , , , , , , , , , , , , , , , , , , , , , , , , , , , , , , , , , , , , , , , , , , , , , , , , , , , , , , , , , , , , , , , , , , , , , , , , , , , , , , , , , , , , , , , ,1, ,98, , , , ,4, , , , , , , , , , , , , , , , , , , , , , , , , , , , , , , , , , ,11, , , , , , , , , , , , , , , , , , , , , , , , , , , , , , , , , ,2, , , , , , ,4, , , , , , , , , , , , , , , , , , , , , , , , , , , , , , , , , , , , , , , , , , , , , , , , , , , , , , , , , , , , , , , , , , , , ,1, , , , , ,3, , , , , , , , , , , , , , , , , , , , , , , , , , , , , , , , , , , , , , , , , , , , , , , , , , , , , , , , , , , , , , ,3, , ,2, , , , , , , , , ,3, , , , , , , , , , , , , , , , , , , , , , , , , , , , , , , , , , , , , ,2/14/2024,2/14/2024,2
1202401,2,.623755012161013,8050130,4,2,4,4,4,4,3,4,4, , , , , , , , , , , , , , , , , , , , , , , , , , , , , , , , , ,4,4,3, , , , , , , , , , , , , , , , , , , , , , , , , , , , , , , , , , , , , , , , , , , , , , , , , , , , , , , , , , , , , , , , , , , , , , , , , , , , , , , , , , , , , , , , , , , , , , , , , , , , , , , , , , , , , , , , , , , , , , , , , , ,4, ,4, ,4, ,3, ,4, ,4, , ,4,4,4,4,4,1,1,1,1,1,1,2,1,4,3,2,1,1,1,2,1,1,2, , ,99,99,99, , , ,2, ,1,5,9, ,1,1,2,2,2,1,2,2,1,2,2,2,9,1,1,2,4, , , , , ,3,2,1,4, , , ,4, , , , , , , , , , ,3, , ,2,1, , , , , , , , , , , , , , , , , , , , , , , , , , , , , , , , , , , , , , , , , , , , , , , , , , , , , , , , , , , , , , , , , , , , , , , , , , , , , , , , , , , , , , , , , , , , , , , , , , , , , , , , , , , , , , , , ,2, ,99, , , , ,2, , , , , , , , , , , , , , , , , , , , , , , , , , , , , , , , , , ,11, , , , , , , , , , , , , , , , , , , , , , , , , , , , , , , , , ,2, , , , , , ,10, , , , , , , , , , , , , , , , , , , , , , , , , , , , , , , , , , , , , , , , , , , , , , , , , , , , , , , , , , , , , , , , , , , , ,2,2, , , , ,97, , , , , , , , , , , , , , , , , , , , , , , , , , , , ,2, , , , , , , , , , , , , , , , , , , , , , , , , , , , , , , , , ,3, , ,2, , , , , , , , , ,9, , , , , , , , , , , , , , , , , , , , , , , , , , , , , , , , , , , , , ,2/3/2024,2/3/2024,2
1202401,2,1.95765921027662,8050148,4,2,4,2,3,3,4,3,3, , , , , , , , , , , , , , , , , , , , , , , , , , , , , , , , , ,4,2,4, , , , , , , , , , , , , , , , , , , , , , , , , , , , , , , , , , , , , , , , , , , , , , , , , , , , , , , , , , , , , , , , , , , , , , , , , , , , , , , , , , , , , , , , , , , , , , , , , , , , , , , , , , , , , , , , , , , , , , , , , , ,4, ,2, ,3, ,3, ,3, ,4, , ,4,4,3,4,3,1,4,3,3,1,1,1,1,2,3,3,3,2,3,2,1,1,2, , ,7,99,3, , , ,2, ,2,5,6, ,2,3,1,1,2,2,1,2,2,2,2,2,1,1,8,1,4, , , , , ,4,2,2,4, , , ,2, , , , , , , , , , ,2, , ,1,3, , , , , , , , , , , , , , , , , , , , , , , , , , , , , , , , , , , , , , , , , , , , , , , , , , , , , , , , , , , , , , , , , , , , , , , , , , , , , , , , , , , , , , , , , , , , , , , , , , , , , , , , , , , , , , , , ,1, ,60, , , , , , , , , , , , , , , , , , , , , , , , , , , , , , , , , , , , , , , ,6, , , , , , , , , , , , , , , , , , , , , , , , , , , , , , , , , ,2, , , , , , ,11, , , , , , , , , , , , , , , , , , , , , , , , , , , , , , , , , , , , , , , , , , , , , , , , , , , , , , , , , , , , , , , , , , , , ,3,3, , , , ,2, , , , , , , , , , , , , , , , , , , , , , , , , , , , , , , , , , , , , , , , , , , , , , , , , , , , , , , , , , , , , , ,5, , ,2, , , , , , , , , ,8, , , , , , , , , , , , , , , , , , , , , , , , , , , , , , , , , , , , , ,2/2/2024,2/2/2024,2
1202401,2,2.43256932414706,8050281,4,2,3,3,3,2,2,3,3, , , , , , , , , , , , , , , , , , , , , , , , , , , , , , , , , ,2,2,3, , , , , , , , , , , , , , , , , , , , , , , , , , , , , , , , , , , , , , , , , , , , , , , , , , , , , , , , , , , , , , , , , , , , , , , , , , , , , , , , , , , , , , , , , , , , , , , , , , , , , , , , , , , , , , , , , , , , , , , , , , ,4, ,2, ,4, ,4, ,2, ,4, , ,3,4,4,4,4,2,4,2,3,3,1,2,2,3,4,1,3,3,3,1,1,1,2, , ,7,99,2, , , ,1, ,4,6,7, ,2,2,2,2,2,2,1,1,2,2,2,2,1,2,2,2,4, , , , , ,4,4,2,4, , , ,4, , , , , , , , , , ,2, , ,2,2, , , , , , , , , , , , , , , , , , , , , , , , , , , , , , , , , , , , , , , , , , , , , , , , , , , , , , , , , , , , , , , , , , , , , , , , , , , , , , , , , , , , , , , , , , , , , , , , , , , , , , , , , , , , , , , , ,2, ,20, , , , , , , , , , , , , , , , , , , , , , , , , , , , , , , , , , , , , , , ,6, , , , , , , , , , , , , , , , , , , , , , , , , , , , , , , , , ,2, , , , , , ,11, , , , , , , , , , , , , , , , , , , , , , , , , , , , , , , , , , , , , , , , , , , , , , , , , , , , , , , , , , , , , , , , , , , , ,6,4, , , , ,97, , , , , , , , , , , , , , , , , , , , , , , , , , , , ,1, , , , ,1, , , , , , , , , , , , , , , , , , , , , , , , , , , , ,3, , ,2, , , , , , , , , ,9, , , , , , , , , , , , , , , , , , , , , , , , , , , , , , , , , , , , , ,1/26/2024,1/26/2024,2
1202401,2,1.49146224677316,8050303,4,2,4,2,3,8,2,2,3, , , , , , , , , , , , , , , , , , , , , , , , , , , , , , , , , ,3,2,2, , , , , , , , , , , , , , , , , , , , , , , , , , , , , , , , , , , , , , , , , , , , , , , , , , , , , , , , , , , , , , , , , , , , , , , , , , , , , , , , , , , , , , , , , , , , , , , , , , , , , , , , , , , , , , , , , , , , , , , , , , ,4, ,4, ,4, ,2, ,4, ,2, , ,3,3,3,3,3,1,4,1,2,1,1,1,1,4,4,3,1,1,1,1,1,1,3, , ,7,99,3, , , ,1, ,4,7,7, ,2,1,1,1,1,1,1,1,2,2,2,1,1,2,2,1,4, , , , , ,4,4,4,4, , , ,2, , , , , , , , , , ,2, , ,2,1, , , , , , , , , , , , , , , , , , , , , , , , , , , , , , , , , , , , , , , , , , , , , , , , , , , , , , , , , , , , , , , , , , , , , , , , , , , , , , , , , , , , , , , , , , , , , , , , , , , , , , , , , , , , , , , , ,1, ,57, , , , , , , , , , , , , , , , , , , , , , , , , , , , , , , , , , , , , , , ,5, , , , , , , , , , , , , , , , , , , , , , , , , , , , , , , , , ,5, , , , , , ,1, , , , , , , , , , , , , , , , , , , , , , , , , , , , , , , , , , , , , , , , , , , , , , , , , , , , , , , , , , , , , , , , , , , , ,2,2, , , , ,3, , , , , , , , , , , , , , , , , , , , , , , , , , , , , , , , , , , , , , , , , , , , , , , , , , , , , , , , , , , , , , ,8, , ,2, , , , , , , , , ,1, , , , , , , , , , , , , , , , , , , , , , , , , , , , , , , , , , , , , ,1/29/2024,1/29/2024,2
1202401,2,.470285270745014,8050744,2,2,2,2,3,2,2,2,4, , , , , , , , , , , , , , , , , , , , , , , , , , , , , , , , , ,3,4,2, , , , , , , , , , , , , , , , , , , , , , , , , , , , , , , , , , , , , , , , , , , , , , , , , , , , , , , , , , , , , , , , , , , , , , , , , , , , , , , , , , , , , , , , , , , , , , , , , , , , , , , , , , , , , , , , , , , , , , , , , , ,2, ,4, ,4, ,4, ,3, ,1, , ,1,2,2,2,4,2,2,2,3,2,1,2,2,1,2,2,4,2,2,3,3,1,3, , ,7,99,2, , , ,1, ,4,7,7, ,2,3,2,2,1,2,2,2,2,2,2,2,1,2,2,1,4, , , , , ,4,4,1,4, , , ,3, , , , , , , , , , ,2, , ,3,2, , , , , , , , , , , , , , , , , , , , , , , , , , , , , , , , , , , , , , , , , , , , , , , , , , , , , , , , , , , , , , , , , , , , , , , , , , , , , , , , , , , , , , , , , , , , , , , , , , , , , , , , , , , , , , , , ,1, ,38, , , , , , , , , , , , , , , , , , , , , , , , , , , , , , , , , , , , , , , ,11, , , , , , , , , , , , , , , , , , , , , , , , , , , , , , , , , ,2, , , , , , ,10, , , , , , , , , , , , , , , , , , , , , , , , , , , , , , , , , , , , , , , , , , , , , , , , , , , , , , , , , , , , , , , , , , , , ,2,2, , , , ,3, , , , , , , , , , , , , , , , , , , , , , , , , , , , , , , , , , , , , , , , , , , , , , , , , , , , , , , , , , , , , , ,1, , ,2, , , , , , , , , ,6, , , , , , , , , , , , , , , , , , , , , , , , , , , , , , , , , , , , , ,2/6/2024,2/6/2024,2
1202401,2,2.2236502731267,8050820,2,2,2,2,3,3,1,3,4, , , , , , , , , , , , , , , , , , , , , , , , , , , , , , , , , ,2,3,8, , , , , , , , , , , , , , , , , , , , , , , , , , , , , , , , , , , , , , , , , , , , , , , , , , , , , , , , , , , , , , , , , , , , , , , , , , , , , , , , , , , , , , , , , , , , , , , , , , , , , , , , , , , , , , , , , , , , , , , , , , ,4, ,2, ,2, ,2, ,2, ,3, , ,3,8,4,2,4,3,1,2,2,1,1,1,1,2,2,2,2,2,2,3,2,3,8, , ,7,99,3, , , ,1, ,4,7,7, ,2,3,2,2,2,2,2,2,2,2,2,2,2,1,1,2,4, , , , , ,3,4,4,4, , , ,4, , , , , , , , , , ,3, , ,8, , , , , , , , , , , , , , , , , , , , , , , , , , , , , , , , , , , , , , , , , , , , , , , , , , , , , , , , , , , , , , , , , , , , , , , , , , , , , , , , , , , , , , , , , , , , , , , , , , , , , , , , , , , , , , , , , ,1, ,23, , , , , , , , , , , , , , , , , , , , , , , , , , , , , , , , , , , , , , , ,6, , , , , , , , , , , , , , , , , , , , , , , , , , , , , , , , , ,3, , , , , , ,1, , , , , , , , , , , , , , , , , , , , , , , , , , , , , , , , , , , , , , , , , , , , , , , , , , , , , , , , , , , , , , , , , , , , ,2,2, , , , ,2, , , , , , , , , , , , , , , , , , , , , , , , , , , , , , , , , , , , , , , , , , , , , , , , , , , , , , , , , , , , , , ,4, , ,2, , , , , , , , , ,3, , , , , , , , , , , , , , , , , , , , , , , , , , , , , , , , , , , , , ,2/10/2024,2/10/2024,2
1202401,2,.698468366303079,8050886,3,2,3,2,4,2,2,3,4, , , , , , , , , , , , , , , , , , , , , , , , , , , , , , , , , ,3,4,3, , , , , , , , , , , , , , , , , , , , , , , , , , , , , , , , , , , , , , , , , , , , , , , , , , , , , , , , , , , , , , , , , , , , , , , , , , , , , , , , , , , , , , , , , , , , , , , , , , , , , , , , , , , , , , , , , , , , , , , , , , ,2, ,4, ,4, ,4, ,2, ,2, , ,8,2,2,2,2,1,2,2,2,1,1,1,1,1,1,1,3,1,1,3,2,1,3, , ,7,99,1, , , ,1, ,4,7,7, ,2,1,2,2,2,2,2,2,2,2,2,2,2,2,2,1,4, , , , , ,4,4,4,4, , , ,2, , , , , , , , , , ,2, , ,2,8, , , , , , , , , , , , , , , , , , , , , , , , , , , , , , , , , , , , , , , , , , , , , , , , , , , , , , , , , , , , , , , , , , , , , , , , , , , , , , , , , , , , , , , , , , , , , , , , , , , , , , , , , , , , , , , , ,1, ,45, , , , , , , , , , , , , , , , , , , , , , , , , , , , , , , , , , , , , , , ,8, , , , , , , , , , , , , , , , , , , , , , , , , , , , , , , , , ,2, , , , , , ,11, , , , , , , , , , , , , , , , , , , , , , , , , , , , , , , , , , , , , , , , , , , , , , , , , , , , , , , , , , , , , , , , , , , , ,4,2, , , , ,1, , , , , , , , , , , , , , , , , , , , , , , , , , , , , , , , , , , , , , , , , , , , , , , , , , , , , , , , , , , , , , ,3, , ,1, , , , , , , , , ,3, , , , , , , , , , , , , , , , , , , , , , , , , , , , , , , , , , , , , ,2/8/2024,2/8/2024,2
1202401,2,2.28939214242599,8051052,4,2,4,3,3,3,4,4,2, , , , , , , , , , , , , , , , , , , , , , , , , , , , , , , , , ,4,2,4, , , , , , , , , , , , , , , , , , , , , , , , , , , , , , , , , , , , , , , , , , , , , , , , , , , , , , , , , , , , , , , , , , , , , , , , , , , , , , , , , , , , , , , , , , , , , , , , , , , , , , , , , , , , , , , , , , , , , , , , , , ,4, ,2, ,4, ,2, ,3, ,4, , ,4,4,4,4,4,1,3,3,9,1,1,1,1,8,3,2,2,3,3,2,1,1,2, , ,1,2,99, , , ,2, ,1,4,3, ,1,1,1,2,1,8,8,8,2,2,2,2,1,1,9,2,9, , , , , ,4,3,1,2,2, , ,3, , , , , , , , , , ,2, , ,1,8, , , , , , , , , , , , , , , , , , , , , , , , , , , , , , , , , , , , , , , , , , , , , , , , , , , , , , , , , , , , , , , , , , , , , , , , , , , , , , , , , , , , , , , , , , , , , , , , , , , , , , , , , , , , , , , , ,2, ,64, , , , , , , , , , , , , , , , , , , , , , , , , , , , , , , , , , , , , , , ,9, , , , , , , , , , , , , , , , , , , , , , , , , , , , , , , , , ,2, , , , , , ,99,9, , , , , , , , , , , , , , , , , , , , , , , , , , , , , , , , , , , , , , , , , , , , , , , , , , , , , , , , , , , , , , , , , , , ,1, , , , , ,99, , , , , , , , , , , , , , , , , , , , , , , , , , , , ,9, , , , , , , , , , , , , , , , , , , , , , , , , , , , , , , , , ,9, , ,2, , , , , , , , , ,1, , , , , , , , , , , , , , , , , , , , , , , , , , , , , , , , , , , , , ,2/13/2024,2/13/2024,2
1202401,2,1.70577194289781,8051104,3,2,3,2,2,2,3,3,4, , , , , , , , , , , , , , , , , , , , , , , , , , , , , , , , , ,3,3,4, , , , , , , , , , , , , , , , , , , , , , , , , , , , , , , , , , , , , , , , , , , , , , , , , , , , , , , , , , , , , , , , , , , , , , , , , , , , , , , , , , , , , , , , , , , , , , , , , , , , , , , , , , , , , , , , , , , , , , , , , , ,2, ,4, ,8, ,4, ,3, ,2, , ,3,3,8,2,2,1,1,1,2,2,1,1,2,2,2,2,2,3,2,2,1,1,2, , ,7,99,3, , , ,1, ,4,7,7, ,2,1,2,2,2,2,2,2,2,2,2,2,2,2,2,9,4, , , , , ,4,4,4,4, , , ,2, , , , , , , , , , ,2, , ,2,2, , , , , , , , , , , , , , , , , , , , , , , , , , , , , , , , , , , , , , , , , , , , , , , , , , , , , , , , , , , , , , , , , , , , , , , , , , , , , , , , , , , , , , , , , , , , , , , , , , , , , , , , , , , , , , , , ,1, ,49, , , , , , , , , , , , , , , , , , , , , , , , , , , , , , , , , , , , , , , ,8, , , , , , , , , , , , , , , , , , , , , , , , , , , , , , , , , ,3, , , , , , ,99,9, , , , , , , , , , , , , , , , , , , , , , , , , , , , , , , , , , , , , , , , , , , , , , , , , , , , , , , , , , , , , , , , , , , ,1, , , , , ,97, , , , , , , , , , , , , , , , , , , , , , , , , , , , ,2, , , , , , , , , , , , , , , , , , , , , , , , , , , , , , , , , ,3, , ,2, , , , , , , , , ,3, , , , , , , , , , , , , , , , , , , , , , , , , , , , , , , , , , , , , ,2/6/2024,2/6/2024,2
1202401,2,.651154193528377,8051126,2,2,2,2,1,2,8,9,4, , , , , , , , , , , , , , , , , , , , , , , , , , , , , , , , , ,3,2,4, , , , , , , , , , , , , , , , , , , , , , , , , , , , , , , , , , , , , , , , , , , , , , , , , , , , , , , , , , , , , , , , , , , , , , , , , , , , , , , , , , , , , , , , , , , , , , , , , , , , , , , , , , , , , , , , , , , , , , , , , , ,3, ,4, ,4, ,4, ,2, ,4, , ,1,1,4,3,2,1,3,3,4,3,1,1,1,3,2,1,1,1,1,2,1,1,3, , ,7,99,3, , , ,2, ,3,7,7, ,2,4,1,2,1,2,2,2,2,2,2,2,8,1,1,2,3, , , , , ,4,4,4,3, , , ,3, , , , , , , , , , ,2, , ,3,1, , , , , , , , , , , , , , , , , , , , , , , , , , , , , , , , , , , , , , , , , , , , , , , , , , , , , , , , , , , , , , , , , , , , , , , , , , , , , , , , , , , , , , , , , , , , , , , , , , , , , , , , , , , , , , , , ,2, ,56, , , , , , , , , , , , , , , , , , , , , , , , , , , , , , , , , , , , , , , ,11, , , , , , , , , , , , , , , , , , , , , , , , , , , , , , , , , ,4, , , , , , ,11, , , , , , , , , , , , , , , , , , , , , , , , , , , , , , , , , , , , , , , , , , , , , , , , , , , , , , , , , , , , , , , , , , , , ,2,2, , , , ,1, , , , , , , , , , , , , , , , , , , , , , , , , , , , , , , , , , , , , , , , , , , , , , , , , , , , , , , , , , , , , , ,3, , ,2, , , , , , , , , ,3, , , , , , , , , , , , , , , , , , , , , , , , , , , , , , , , , , , , , ,2/14/2024,2/14/2024,2
1202401,2,2.11837753823185,8051129,4,2,3,3,3,8,2,2,3, , , , , , , , , , , , , , , , , , , , , , , , , , , , , , , , , ,2,3,2, , , , , , , , , , , , , , , , , , , , , , , , , , , , , , , , , , , , , , , , , , , , , , , , , , , , , , , , , , , , , , , , , , , , , , , , , , , , , , , , , , , , , , , , , , , , , , , , , , , , , , , , , , , , , , , , , , , , , , , , , , ,3, ,4, ,4, ,4, ,2, ,2, , ,2,2,3,3,3,1,3,2,1,3,1,2,2,2,2,2,2,2,2,2,3,1,1, , ,99,99,99, , , ,1, ,1,5,1, ,1,1,1,1,1,1,1,1,1,1,1,1,1,1,1,1,4, , , , , ,3,2,4,2,1, , ,3, , , , , , , , , , ,2, , ,2,2, , , , , , , , , , , , , , , , , , , , , , , , , , , , , , , , , , , , , , , , , , , , , , , , , , , , , , , , , , , , , , , , , , , , , , , , , , , , , , , , , , , , , , , , , , , , , , , , , , , , , , , , , , , , , , , , ,2, ,58, , , , , , , , , , , , , , , , , , , , , , , , , , , , , , , , , , , , , , , ,9, , , , , , , , , , , , , , , , , , , , , , , , , , , , , , , , , ,3, , , , , , ,2, , , , , , , , , , , , , , , , , , , , , , , , , , , , , , , , , , , , , , , , , , , , , , , , , , , , , , , , , , , , , , , , , , , , ,2,2, , , , ,5, , , , , , , , , , , , , , , , , , , , , , , , , , , , , , , , , , , , , , , , , , , , , , , , , , , , , , , , , , , , , , ,3, , ,2, , , , , , , , , ,9, , , , , , , , , , , , , , , , , , , , , , , , , , , , , , , , , , , , , ,1/31/2024,1/31/2024,2
1202401,2,1.92172176161104,8051221,3,2,2,2,2,2,2,2,2, , , , , , , , , , , , , , , , , , , , , , , , , , , , , , , , , ,3,2,2, , , , , , , , , , , , , , , , , , , , , , , , , , , , , , , , , , , , , , , , , , , , , , , , , , , , , , , , , , , , , , , , , , , , , , , , , , , , , , , , , , , , , , , , , , , , , , , , , , , , , , , , , , , , , , , , , , , , , , , , , , ,4, ,3, ,3, ,3, ,3, ,3, , ,4,4,4,4,4,1,3,3,3,2,1,1,1,3,3,2,1,2,3,2,2,1,3, , ,7,99,3, , , ,1, ,3,7,7, ,1,3,1,1,1,2,2,2,2,2,2,2,1,2,2,1,4, , , , , ,4,4,4,4, , , ,2, , , , , , , , , , ,3, , ,2,1, , , , , , , , , , , , , , , , , , , , , , , , , , , , , , , , , , , , , , , , , , , , , , , , , , , , , , , , , , , , , , , , , , , , , , , , , , , , , , , , , , , , , , , , , , , , , , , , , , , , , , , , , , , , , , , , ,1, ,28, , , , , , , , , , , , , , , , , , , , , , , , , , , , , , , , , , , , , , , ,7, , , , , , , , , , , , , , , , , , , , , , , , , , , , , , , , , ,4, , , , , , ,4, , , , , , , , , , , , , , , , , , , , , , , , , , , , , , , , , , , , , , , , , , , , , , , , , , , , , , , , , , , , , , , , , , , , ,3,3, , , , ,2, , , , , , , , , , , , , , , , , , , , , , , , , , , , , , , , , , , , , , , , , , , , , , , , , , , , , , , , , , , , , , ,3, , ,2, , , , , , , , , ,9, , , , , , , , , , , , , , , , , , , , , , , , , , , , , , , , , , , , , ,2/4/2024,2/4/2024,2
1202401,2,2.43256932414706,8051351,2,2,2,2,4,2,2,2,4, , , , , , , , , , , , , , , , , , , , , , , , , , , , , , , , , ,1,3,2, , , , , , , , , , , , , , , , , , , , , , , , , , , , , , , , , , , , , , , , , , , , , , , , , , , , , , , , , , , , , , , , , , , , , , , , , , , , , , , , , , , , , , , , , , , , , , , , , , , , , , , , , , , , , , , , , , , , , , , , , , ,2, ,3, ,3, ,4, ,2, ,1, , ,4,4,4,2,4,1,1,2,2,3,2,3,4,2,2,2,2,3,1,2,1,2,3, , ,7,99,3, , , ,1, ,4,7,7, ,2,3,2,1,2,2,2,2,2,2,2,2,2,2,2,1,4, , , , , ,4,4,4,4, , , ,1, , , , , , , , , , ,1, , ,4, , , , , , , , , , , , , , , , , , , , , , , , , , , , , , , , , , , , , , , , , , , , , , , , , , , , , , , , , , , , , , , , , , , , , , , , , , , , , , , , , , , , , , , , , , , , , , , , , , , , , , , , , , , , , , , , , ,2, ,19, , , , , , , , , , , , , , , , , , , , , , , , , , , , , , , , , , , , , , , ,6, , , , , , , , , , , , , , , , , , , , , , , , , , , , , , , , , ,2, , , , , , ,8, , , , , , , , , , , , , , , , , , , , , , , , , , , , , , , , , , , , , , , , , , , , , , , , , , , , , , , , , , , , , , , , , , , , ,1, , , , , ,97, , , , , , , , , , , , , , , , , , , , , , , , , , , , ,2, , , , , , , , , , , , , , , , , , , , , , , , , , , , , , , , , ,3, , ,2, , , , , , , , , ,3, , , , , , , , , , , , , , , , , , , , , , , , , , , , , , , , , , , , , ,2/9/2024,2/9/2024,2
1202401,2,.69670558982154,8051389,4,2,3,8,4,3,8,3,3, , , , , , , , , , , , , , , , , , , , , , , , , , , , , , , , , ,3,2,8, , , , , , , , , , , , , , , , , , , , , , , , , , , , , , , , , , , , , , , , , , , , , , , , , , , , , , , , , , , , , , , , , , , , , , , , , , , , , , , , , , , , , , , , , , , , , , , , , , , , , , , , , , , , , , , , , , , , , , , , , , ,3, ,2, ,3, ,4, ,3, ,8, , ,8,8,8,8,8,1,1,1,1,1,8,1,1,8,1,1,3,3,2,1,2,2,2, , ,1,2,99, , , ,2, ,2,7,6, ,1,3,2,1,8,2,1,1,2,1,2,1,1,2,1,1,4, , , , , ,4,8,8,4, , , ,3, , , , , , , , , , ,2, , ,2,2, , , , , , , , , , , , , , , , , , , , , , , , , , , , , , , , , , , , , , , , , , , , , , , , , , , , , , , , , , , , , , , , , , , , , , , , , , , , , , , , , , , , , , , , , , , , , , , , , , , , , , , , , , , , , , , , ,1, ,40, , , , , , , , , , , , , , , , , , , , , , , , , , , , , , , , , , , , , , , ,6, , , , , , , , , , , , , , , , , , , , , , , , , , , , , , , , , ,4, , , , , , ,4, , , , , , , , , , , , , , , , , , , , , , , , , , , , , , , , , , , , , , , , , , , , , , , , , , , , , , , , , , , , , , , , , , , , ,5,2, , , , ,97, , , , , , , , , , , , , , , , , , , , , , , , , , , , ,2, , , , , , , , , , , , , , , , , , , , , , , , , , , , , , , , , ,3, , ,1, , , , , , , , , ,3, , , , , , , , , , , , , , , , , , , , , , , , , , , , , , , , , , , , , ,1/29/2024,1/29/2024,2
1202401,2,1.95765921027662,8051460,4,2,4,2,4,1,1,1,4, , , , , , , , , , , , , , , , , , , , , , , , , , , , , , , , , ,3,4,2, , , , , , , , , , , , , , , , , , , , , , , , , , , , , , , , , , , , , , , , , , , , , , , , , , , , , , , , , , , , , , , , , , , , , , , , , , , , , , , , , , , , , , , , , , , , , , , , , , , , , , , , , , , , , , , , , , , , , , , , , , ,8, ,4, ,4, ,4, ,2, ,1, , ,1,1,8,1,2,1,1,1,1,1,1,1,1,3,3,2,1,1,1,1,1,1,1, , ,99,99,99, , , ,1, ,4,7,7, ,2,1,1,1,1,2,2,1,2,2,2,1,1,2,2,1,4, , , , , ,4,3,4,3, , , ,1, , , , , , , , , , ,2, , ,1,2, , , , , , , , , , , , , , , , , , , , , , , , , , , , , , , , , , , , , , , , , , , , , , , , , , , , , , , , , , , , , , , , , , , , , , , , , , , , , , , , , , , , , , , , , , , , , , , , , , , , , , , , , , , , , , , , ,1, ,62, , , , , , , , , , , , , , , , , , , , , , , , , , , , , , , , , , , , , , , ,1, , , , , , , , , , , , , , , , , , , , , , , , , , , , , , , , , ,2, , , , , , ,99,9, , , , , , , , , , , , , , , , , , , , , , , , , , , , , , , , , , , , , , , , , , , , , , , , , , , , , , , , , , , , , , , , , , , ,1, , , , , ,3, , , , , , , , , , , , , , , , , , , , , , , , , , , , , , , , , , , , , , , , , , , , , , , , , , , , , , , , , , , , , , ,9, , ,2, , , , , , , , , ,8, , , , , , , , , , , , , , , , , , , , , , , , , , , , , , , , , , , , , ,1/25/2024,1/25/2024,2
1202401,2,1.58914808569874,8051559,2,1,1,2,2,2,2,8,3, , , , , , , , , , , , , , , , , , , , , , , , , , , , , , , , , ,3,2,2, , , , , , , , , , , , , , , , , , , , , , , , , , , , , , , , , , , , , , , , , , , , , , , , , , , , , , , , , , , , , , , , , , , , , , , , , , , , , , , , , , , , , , , , , , , , , , , , , , , , , , , , , , , , , , , , , , , , , , , , , , ,1, ,4, ,8, ,4, ,2, ,1, , ,2,2,8,2,2,1,1,2,2,1,1,2,1,1,1,1,3,1,2,3,1,1,4, , ,1,1,99, , , ,2, ,2,6,6, ,1,2,2,2,2,1,2,2,2,2,2,1,1,1,2,8,4, , , , , ,3,3,4,3, , , ,2, , , , , , , , , , ,3, , ,1,1, , , , , , , , , , , , , , , , , , , , , , , , , , , , , , , , , , , , , , , , , , , , , , , , , , , , , , , , , , , , , , , , , , , , , , , , , , , , , , , , , , , , , , , , , , , , , , , , , , , , , , , , , , , , , , , , ,1, ,47, , , , , , , , , , , , , , , , , , , , , , , , , , , , , , , , , , , , , , , ,7, , , , , , , , , , , , , , , , , , , , , , , , , , , , , , , , , ,4, , , , , , ,4, , , , , , , , , , , , , , , , , , , , , , , , , , , , , , , , , , , , , , , , , , , , , , , , , , , , , , , , , , , , , , , , , , , , ,2,2, , , , ,3, , , , , , , , , , , , , , , , , , , , , , , , , , , , , , , , , , , , , , , , , , , , , , , , , , , , , , , , , , , , , , ,2, , ,2, , , , , , , , , ,1, , , , , , , , , , , , , , , , , , , , , , , , , , , , , , , , , , , , , ,2/13/2024,2/13/2024,2
1202401,2,1.41465024596246,8051570,4,2,3,2,3,2,8,2,9, , , , , , , , , , , , , , , , , , , , , , , , , , , , , , , , , ,4,1,4, , , , , , , , , , , , , , , , , , , , , , , , , , , , , , , , , , , , , , , , , , , , , , , , , , , , , , , , , , , , , , , , , , , , , , , , , , , , , , , , , , , , , , , , , , , , , , , , , , , , , , , , , , , , , , , , , , , , , , , , , , ,3, ,1, ,3, ,2, ,3, ,3, , ,4,9,3,3,3,2,4,3,3,1,1,1,1,2,2,3,4,4,3,3,1,3,2, , ,7,99,1, , , ,1, ,4,7,7, ,2,2,2,2,1,1,2,2,2,2,2,2,1,2,2,1,4, , , , , ,4,4,4,4, , , ,3, , , , , , , , , , ,1, , ,1,2, , , , , , , , , , , , , , , , , , , , , , , , , , , , , , , , , , , , , , , , , , , , , , , , , , , , , , , , , , , , , , , , , , , , , , , , , , , , , , , , , , , , , , , , , , , , , , , , , , , , , , , , , , , , , , , , ,1, ,99, , , , ,2, , , , , , , , , , , , , , , , , , , , , , , , , , , , , , , , , , ,6, , , , , , , , , , , , , , , , , , , , , , , , , , , , , , , , , ,3, , , , , , ,2, , , , , , , , , , , , , , , , , , , , , , , , , , , , , , , , , , , , , , , , , , , , , , , , , , , , , , , , , , , , , , , , , , , , ,6,2, , , , ,2, , , , , , , , , , , , , , , , , , , , , , , , , , , , , , , , , , , , , , , , , , , , , , , , , , , , , , , , , , , , , , ,6, , ,2, , , , , , , , , ,3, , , , , , , , , , , , , , , , , , , , , , , , , , , , , , , , , , , , , ,4/21/2024,4/21/2024,2
1202401,2,.793821384537172,8051807,3,2,3,2,4,2,2,2,2, , , , , , , , , , , , , , , , , , , , , , , , , , , , , , , , , ,2,2,2, , , , , , , , , , , , , , , , , , , , , , , , , , , , , , , , , , , , , , , , , , , , , , , , , , , , , , , , , , , , , , , , , , , , , , , , , , , , , , , , , , , , , , , , , , , , , , , , , , , , , , , , , , , , , , , , , , , , , , , , , , ,2, ,4, ,4, ,4, ,8, ,2, , ,2,2,2,2,2,1,2,2,3,2,1,1,1,2,2,2,3,2,2,2,2,8,3, , ,7,99,3, , , ,1, ,3,5,2, ,1,1,1,1,1,2,1,8,2,1,1,1,1,1,2,1,4, , , , , ,4,4,2,4, , , ,3, , , , , , , , , , ,2, , ,1,2, , , , , , , , , , , , , , , , , , , , , , , , , , , , , , , , , , , , , , , , , , , , , , , , , , , , , , , , , , , , , , , , , , , , , , , , , , , , , , , , , , , , , , , , , , , , , , , , , , , , , , , , , , , , , , , , ,2, ,50, , , , , , , , , , , , , , , , , , , , , , , , , , , , , , , , , , , , , , , ,8, , , , , , , , , , , , , , , , , , , , , , , , , , , , , , , , , ,3, , , , , , ,8, , , , , , , , , , , , , , , , , , , , , , , , , , , , , , , , , , , , , , , , , , , , , , , , , , , , , , , , , , , , , , , , , , , , ,1, , , , , ,97, , , , , , , , , , , , , , , , , , , , , , , , , , , , ,1, , , , ,1, , , , , , , , , , , , , , , , , , , , , , , , , , , , ,3, , ,1, , , , , , , , , ,1, , , , , , , , , , , , , , , , , , , , , , , , , , , , , , , , , , , , , ,2/2/2024,2/2/2024,2
1202401,2,.772668113224827,8052287,3,2,3,3,4,2,3,2,4, , , , , , , , , , , , , , , , , , , , , , , , , , , , , , , , , ,4,2,4, , , , , , , , , , , , , , , , , , , , , , , , , , , , , , , , , , , , , , , , , , , , , , , , , , , , , , , , , , , , , , , , , , , , , , , , , , , , , , , , , , , , , , , , , , , , , , , , , , , , , , , , , , , , , , , , , , , , , , , , , , ,4, ,2, ,4, ,4, ,4, ,2, , ,3,3,3,2,2,1,3,3,3,1,1,1,1,3,4,3,2,1,3,1,3,1,2, , ,1,99,99, , , ,2, ,1,3,1, ,1,1,2,2,1,2,2,2,1,1,2,1,1,1,1,2,4, , , , , ,4,1,1,2,2, , ,4, , , , , , , , , , ,2, , ,2,2, , , , , , , , , , , , , , , , , , , , , , , , , , , , , , , , , , , , , , , , , , , , , , , , , , , , , , , , , , , , , , , , , , , , , , , , , , , , , , , , , , , , , , , , , , , , , , , , , , , , , , , , , , , , , , , , ,2, ,50, , , , , , , , , , , , , , , , , , , , , , , , , , , , , , , , , , , , , , , ,10, , , , , , , , , , , , , , , , , , , , , , , , , , , , , , , , , ,2, , , , , , ,11, , , , , , , , , , , , , , , , , , , , , , , , , , , , , , , , , , , , , , , , , , , , , , , , , , , , , , , , , , , , , , , , , , , , ,2,2, , , , ,2, , , , , , , , , , , , , , , , , , , , , , , , , , , , , , , , , , , , , , , , , , , , , , , , , , , , , , , , , , , , , , ,5, , ,2, , , , , , , , , ,10, , , , , , , , , , , , , , , , , , , , , , , , , , , , , , , , , , , , , ,2/6/2024,2/6/2024,2
1202401,2,.578433542257229,8052321,2,1,1,1,3,3,2,2,2, , , , , , , , , , , , , , , , , , , , , , , , , , , , , , , , , ,2,2,2, , , , , , , , , , , , , , , , , , , , , , , , , , , , , , , , , , , , , , , , , , , , , , , , , , , , , , , , , , , , , , , , , , , , , , , , , , , , , , , , , , , , , , , , , , , , , , , , , , , , , , , , , , , , , , , , , , , , , , , , , , ,2, ,2, ,3, ,2, ,3, ,2, , ,2,3,2,2,2,2,2,2,3,1,1,2,1,1,2,2,1,1,4,1,2,1,2, , ,1,2,99, , , ,2, ,3,5,7, ,1,3,1,1,1,1,1,1,2,2,2,2,1,1,1,1,3, , , , , ,3,4,3,3, , , ,2, , , , , , , , , , ,1, , ,2,2, , , , , , , , , , , , , , , , , , , , , , , , , , , , , , , , , , , , , , , , , , , , , , , , , , , , , , , , , , , , , , , , , , , , , , , , , , , , , , , , , , , , , , , , , , , , , , , , , , , , , , , , , , , , , , , , ,1, ,37, , , , , , , , , , , , , , , , , , , , , , , , , , , , , , , , , , , , , , , ,10, , , , , , , , , , , , , , , , , , , , , , , , , , , , , , , , , ,3, , , , , , ,11, , , , , , , , , , , , , , , , , , , , , , , , , , , , , , , , , , , , , , , , , , , , , , , , , , , , , , , , , , , , , , , , , , , , ,3,2, , , , ,97, , , , , , , , , , , , , , , , , , , , , , , , , , , , ,2, , , , , , , , , , , , , , , , , , , , , , , , , , , , , , , , , ,5, , ,2, , , , , , , , , ,3, , , , , , , , , , , , , , , , , , , , , , , , , , , , , , , , , , , , , ,4/20/2024,4/20/2024,2
1202401,2,.553228439389457,8052375,2,2,2,1,2,2,1,8,4, , , , , , , , , , , , , , , , , , , , , , , , , , , , , , , , , ,1,1,8, , , , , , , , , , , , , , , , , , , , , , , , , , , , , , , , , , , , , , , , , , , , , , , , , , , , , , , , , , , , , , , , , , , , , , , , , , , , , , , , , , , , , , , , , , , , , , , , , , , , , , , , , , , , , , , , , , , , , , , , , , ,1, ,3, ,3, ,3, ,2, ,3, , ,1,1,8,8,8,4,1,4,4,2,2,2,2,1,1,1,3,1,4,1,3,3,4, , ,99,99,99, , , ,2, ,2,6,6, ,1,8,2,2,2,2,2,2,1,2,2,2,8,8,1,8,4, , , , , ,3,4,3,4, , , ,3, , , , , , , , , , ,1, , ,3,2, , , , , , , , , , , , , , , , , , , , , , , , , , , , , , , , , , , , , , , , , , , , , , , , , , , , , , , , , , , , , , , , , , , , , , , , , , , , , , , , , , , , , , , , , , , , , , , , , , , , , , , , , , , , , , , , ,1, ,40, , , , , , , , , , , , , , , , , , , , , , , , , , , , , , , , , , , , , , , ,10, , , , , , , , , , , , , , , , , , , , , , , , , , , , , , , , , ,2, , , , , , ,7, , , , , , , , , , , , , , , , , , , , , , , , , , , , , , , , , , , , , , , , , , , , , , , , , , , , , , , , , , , , , , , , , , , , ,5,2, , , , ,1, , , , , , , , , , , , , , , , , , , , , , , , , , , , , , , , , , , , , , , , , , , , , , , , , , , , , , , , , , , , , , ,8, , ,2, , , , , , , , , ,3, , , , , , , , , , , , , , , , , , , , , , , , , , , , , , , , , , , , , ,2/14/2024,2/14/2024,2
1202401,2,1.35643052523528,8052386,3,2,1,3,3,2,2,2,4, , , , , , , , , , , , , , , , , , , , , , , , , , , , , , , , , ,2,2,8, , , , , , , , , , , , , , , , , , , , , , , , , , , , , , , , , , , , , , , , , , , , , , , , , , , , , , , , , , , , , , , , , , , , , , , , , , , , , , , , , , , , , , , , , , , , , , , , , , , , , , , , , , , , , , , , , , , , , , , , , , ,3, ,4, ,3, ,4, ,2, ,2, , ,2,8,2,2,2,1,1,2,3,1,1,1,1,1,1,1,3,2,2,2,2,2,3, , ,1,1,99, , , ,2, ,4,6,7, ,2,2,2,2,2,2,2,2,2,2,2,2,2,1,1,1,4, , , , , ,4,2,4,4, , , ,4, , , , , , , , , , ,2, , ,2,1, , , , , , , , , , , , , , , , , , , , , , , , , , , , , , , , , , , , , , , , , , , , , , , , , , , , , , , , , , , , , , , , , , , , , , , , , , , , , , , , , , , , , , , , , , , , , , , , , , , , , , , , , , , , , , , , ,1, ,49, , , , , , , , , , , , , , , , , , , , , , , , , , , , , , , , , , , , , , , ,8, , , , , , , , , , , , , , , , , , , , , , , , , , , , , , , , , ,3, , , , , , ,6, , , , , , , , , , , , , , , , , , , , , , , , , , , , , , , , , , , , , , , , , , , , , , , , , , , , , , , , , , , , , , , , , , , , ,4,4, , , , ,1, , , , , , , , , , , , , , , , , , , , , , , , , , , , , , , , , , , , , , , , , , , , , , , , , , , , , , , , , , , , , , ,2, , ,2, , , , , , , , , ,3, , , , , , , , , , , , , , , , , , , , , , , , , , , , , , , , , , , , , ,1/27/2024,1/27/2024,2
1202401,2,2.28939214242599,8052464,4,2,3,2,4,2,2,2,4, , , , , , , , , , , , , , , , , , , , , , , , , , , , , , , , , ,4,3,2, , , , , , , , , , , , , , , , , , , , , , , , , , , , , , , , , , , , , , , , , , , , , , , , , , , , , , , , , , , , , , , , , , , , , , , , , , , , , , , , , , , , , , , , , , , , , , , , , , , , , , , , , , , , , , , , , , , , , , , , , , ,4, ,4, ,4, ,4, ,4, ,4, , ,2,3,3,3,4,1,2,3,3,1,1,1,1,2,2,2,1,2,2,1,1,1,2, , ,7,99,3, , , ,2, ,4,6,6, ,1,2,1,1,1,2,1,1,2,2,2,2,1,2,1,2,3, , , , , ,4,2,2,3, , , ,3, , , , , , , , , , ,2, , ,1,2, , , , , , , , , , , , , , , , , , , , , , , , , , , , , , , , , , , , , , , , , , , , , , , , , , , , , , , , , , , , , , , , , , , , , , , , , , , , , , , , , , , , , , , , , , , , , , , , , , , , , , , , , , , , , , , , ,2, ,58, , , , , , , , , , , , , , , , , , , , , , , , , , , , , , , , , , , , , , , ,9, , , , , , , , , , , , , , , , , , , , , , , , , , , , , , , , , ,4, , , , , , ,4, , , , , , , , , , , , , , , , , , , , , , , , , , , , , , , , , , , , , , , , , , , , , , , , , , , , , , , , , , , , , , , , , , , , ,2,2, , , , ,97, , , , , , , , , , , , , , , , , , , , , , , , , , , , ,1, , , , ,3, , , , , , , , , , , , , , , , , , , , , , , , , , , , ,9, , ,2, , , , , , , , , ,1, , , , , , , , , , , , , , , , , , , , , , , , , , , , , , , , , , , , , ,2/9/2024,2/9/2024,2
1202401,2,2.18091212969571,8052772,2,2,4,2,2,3,3,3,2, , , , , , , , , , , , , , , , , , , , , , , , , , , , , , , , , ,3,2,2, , , , , , , , , , , , , , , , , , , , , , , , , , , , , , , , , , , , , , , , , , , , , , , , , , , , , , , , , , , , , , , , , , , , , , , , , , , , , , , , , , , , , , , , , , , , , , , , , , , , , , , , , , , , , , , , , , , , , , , , , , ,4, ,2, ,2, ,2, ,9, ,4, , ,4,4,4,4,4,1,4,2,2,1,1,1,1,9,2,2,2,2,2,1,1,1,2, , ,7,99,2, , , ,1, ,2,99,1, ,1,1,1,1,1,1,1,1,2,1,2,1,1,9,9,9,4, , , , , ,4,4,1,2,9, , ,3, , , , , , , , , , ,2, , ,2,9, , , , , , , , , , , , , , , , , , , , , , , , , , , , , , , , , , , , , , , , , , , , , , , , , , , , , , , , , , , , , , , , , , , , , , , , , , , , , , , , , , , , , , , , , , , , , , , , , , , , , , , , , , , , , , , , ,1, ,35, , , , , , , , , , , , , , , , , , , , , , , , , , , , , , , , , , , , , , , ,7, , , , , , , , , , , , , , , , , , , , , , , , , , , , , , , , , ,9, , , , , , ,8, , , , , , , , , , , , , , , , , , , , , , , , , , , , , , , , , , , , , , , , , , , , , , , , , , , , , , , , , , , , , , , , , , , , ,2,2, , , , ,2, , , , , , , , , , , , , , , , , , , , , , , , , , , , , , , , , , , , , , , , , , , , , , , , , , , , , , , , , , , , , , ,3, , ,2, , , , , , , , , ,8, , , , , , , , , , , , , , , , , , , , , , , , , , , , , , , , , , , , , ,2/4/2024,2/4/2024,2
1202401,2,.389631984324498,8052911,3,2,3,3,2,2,4,2,2, , , , , , , , , , , , , , , , , , , , , , , , , , , , , , , , , ,4,2,9, , , , , , , , , , , , , , , , , , , , , , , , , , , , , , , , , , , , , , , , , , , , , , , , , , , , , , , , , , , , , , , , , , , , , , , , , , , , , , , , , , , , , , , , , , , , , , , , , , , , , , , , , , , , , , , , , , , , , , , , , , ,4, ,2, ,2, ,2, ,3, ,3, , ,3,3,2,2,3,3,4,3,3,3,2,1,1,3,2,2,2,2,3,3,2,2,3, , ,1,1,99, , , ,2, ,1,3,3, ,1,1,2,2,2,2,2,2,1,1,2,1,1,1,1,2,1, , , , , ,2,2,1,2,1, , ,3, , , , , , , , , , ,2, , ,2,2, , , , , , , , , , , , , , , , , , , , , , , , , , , , , , , , , , , , , , , , , , , , , , , , , , , , , , , , , , , , , , , , , , , , , , , , , , , , , , , , , , , , , , , , , , , , , , , , , , , , , , , , , , , , , , , , ,1, ,40, , , , , , , , , , , , , , , , , , , , , , , , , , , , , , , , , , , , , , , ,11, , , , , , , , , , , , , , , , , , , , , , , , , , , , , , , , , ,3, , , , , , ,1, , , , , , , , , , , , , , , , , , , , , , , , , , , , , , , , , , , , , , , , , , , , , , , , , , , , , , , , , , , , , , , , , , , , ,4,2, , , , ,2, , , , , , , , , , , , , , , , , , , , , , , , , , , , , , , , , , , , , , , , , , , , , , , , , , , , , , , , , , , , , , ,5, , ,2, , , , , , , , , ,9, , , , , , , , , , , , , , , , , , , , , , , , , , , , , , , , , , , , , ,2/1/2024,2/1/2024,2
1202401,2,1.22646753971637,8052934,3,2,2,2,3,2,2,1,4, , , , , , , , , , , , , , , , , , , , , , , , , , , , , , , , , ,1,2,4, , , , , , , , , , , , , , , , , , , , , , , , , , , , , , , , , , , , , , , , , , , , , , , , , , , , , , , , , , , , , , , , , , , , , , , , , , , , , , , , , , , , , , , , , , , , , , , , , , , , , , , , , , , , , , , , , , , , , , , , , , ,4, ,1, ,3, ,2, ,1, ,4, , ,3,3,3,8,1,3,4,4,4,2,1,2,2,2,1,1,2,2,2,2,1,1,3, , ,99,99,99, , , ,2, ,1,3,2, ,1,1,1,1,1,2,1,1,2,2,2,2,1,1,2,2,4, , , , , ,4,2,4,4, , , ,4, , , , , , , , , , ,2, , ,1,2, , , , , , , , , , , , , , , , , , , , , , , , , , , , , , , , , , , , , , , , , , , , , , , , , , , , , , , , , , , , , , , , , , , , , , , , , , , , , , , , , , , , , , , , , , , , , , , , , , , , , , , , , , , , , , , , ,1, ,25, , , , , , , , , , , , , , , , , , , , , , , , , , , , , , , , , , , , , , , ,10, , , , , , , , , , , , , , , , , , , , , , , , , , , , , , , , , ,3, , , , , , ,8, , , , , , , , , , , , , , , , , , , , , , , , , , , , , , , , , , , , , , , , , , , , , , , , , , , , , , , , , , , , , , , , , , , , ,3,3, , , , ,1, , , , , , , , , , , , , , , , , , , , , , , , , , , , , , , , , , , , , , , , , , , , , , , , , , , , , , , , , , , , , , ,3, , ,2, , , , , , , , , ,9, , , , , , , , , , , , , , , , , , , , , , , , , , , , , , , , , , , , , ,1/29/2024,1/29/2024,2
1202401,2,2.43256932414706,8053063,4,2,4,4,8,2,2,2,3, , , , , , , , , , , , , , , , , , , , , , , , , , , , , , , , , ,3,3,2, , , , , , , , , , , , , , , , , , , , , , , , , , , , , , , , , , , , , , , , , , , , , , , , , , , , , , , , , , , , , , , , , , , , , , , , , , , , , , , , , , , , , , , , , , , , , , , , , , , , , , , , , , , , , , , , , , , , , , , , , , ,4, ,4, ,8, ,3, ,2, ,2, , ,3,3,3,8,4,1,3,2,2,1,1,1,1,3,2,1,2,1,2,2,2,1,2, , ,99,99,99, , , ,1, ,1,3,2, ,1,1,1,2,1,1,2,2,1,1,2,2,1,1,1,2,4, , , , , ,2,3,1,3, , , ,3, , , , , , , , , , ,3, , ,3,1, , , , , , , , , , , , , , , , , , , , , , , , , , , , , , , , , , , , , , , , , , , , , , , , , , , , , , , , , , , , , , , , , , , , , , , , , , , , , , , , , , , , , , , , , , , , , , , , , , , , , , , , , , , , , , , , ,2, ,22, , , , , , , , , , , , , , , , , , , , , , , , , , , , , , , , , , , , , , , ,6, , , , , , , , , , , , , , , , , , , , , , , , , , , , , , , , , ,3, , , , , , ,1, , , , , , , , , , , , , , , , , , , , , , , , , , , , , , , , , , , , , , , , , , , , , , , , , , , , , , , , , , , , , , , , , , , , ,2,2, , , , ,3, , , , , , , , , , , , , , , , , , , , , , , , , , , , , , , , , , , , , , , , , , , , , , , , , , , , , , , , , , , , , , ,2, , ,2, , , , , , , , , ,6, , , , , , , , , , , , , , , , , , , , , , , , , , , , , , , , , , , , , ,4/19/2024,4/19/2024,2
1202401,2,1.60091716897382,8053096,2,1,2,4,4,2,2,2,2, , , , , , , , , , , , , , , , , , , , , , , , , , , , , , , , , ,2,3,8, , , , , , , , , , , , , , , , , , , , , , , , , , , , , , , , , , , , , , , , , , , , , , , , , , , , , , , , , , , , , , , , , , , , , , , , , , , , , , , , , , , , , , , , , , , , , , , , , , , , , , , , , , , , , , , , , , , , , , , , , , ,2, ,2, ,3, ,3, ,1, ,2, , ,3,2,2,2,2,4,1,4,1,4,2,4,2,2,2,4,1,2,3,1,4,2,3, , ,99,99,99, , , ,2, ,2,6,6, ,2,3,2,2,1,1,2,1,2,2,1,2,2,2,1,1,2, , , , , ,2,2,2,3, , , ,4, , , , , , , , , , ,1, , ,1,1, , , , , , , , , , , , , , , , , , , , , , , , , , , , , , , , , , , , , , , , , , , , , , , , , , , , , , , , , , , , , , , , , , , , , , , , , , , , , , , , , , , , , , , , , , , , , , , , , , , , , , , , , , , , , , , , ,1, ,56, , , , , , , , , , , , , , , , , , , , , , , , , , , , , , , , , , , , , , , ,6, , , , , , , , , , , , , , , , , , , , , , , , , , , , , , , , , ,4, , , , , , ,4, , , , , , , , , , , , , , , , , , , , , , , , , , , , , , , , , , , , , , , , , , , , , , , , , , , , , , , , , , , , , , , , , , , , ,4,4, , , , ,97, , , , , , , , , , , , , , , , , , , , , , , , , , , , ,1, , , , ,98, , , , , , , , , , , , , , , , , , , , , , , , , , , , ,3, , ,2, , , , , , , , , ,3, , , , , , , , , , , , , , , , , , , , , , , , , , , , , , , , , , , , , ,2/10/2024,2/10/2024,2
1202401,2,.651129100987784,8053198,2,2,2,3,4,2,2,2,4, , , , , , , , , , , , , , , , , , , , , , , , , , , , , , , , , ,2,4,2, , , , , , , , , , , , , , , , , , , , , , , , , , , , , , , , , , , , , , , , , , , , , , , , , , , , , , , , , , , , , , , , , , , , , , , , , , , , , , , , , , , , , , , , , , , , , , , , , , , , , , , , , , , , , , , , , , , , , , , , , , ,2, ,4, ,4, ,4, ,2, ,1, , ,2,1,2,2,2,1,2,2,2,1,1,2,1,1,2,1,3,1,1,3,1,1,3, , ,7,99,2, , , ,1, ,4,7,7, ,2,2,1,2,1,2,1,1,2,2,2,1,1,2,2,1,4, , , , , ,4,2,4,4, , , ,2, , , , , , , , , , ,3, , ,2,2, , , , , , , , , , , , , , , , , , , , , , , , , , , , , , , , , , , , , , , , , , , , , , , , , , , , , , , , , , , , , , , , , , , , , , , , , , , , , , , , , , , , , , , , , , , , , , , , , , , , , , , , , , , , , , , , ,2, ,47, , , , , , , , , , , , , , , , , , , , , , , , , , , , , , , , , , , , , , , ,10, , , , , , , , , , , , , , , , , , , , , , , , , , , , , , , , , ,2, , , , , , ,11, , , , , , , , , , , , , , , , , , , , , , , , , , , , , , , , , , , , , , , , , , , , , , , , , , , , , , , , , , , , , , , , , , , , ,5,3, , , , ,1, , , , , , , , , , , , , , , , , , , , , , , , , , , , , , , , , , , , , , , , , , , , , , , , , , , , , , , , , , , , , , ,3, , ,1, , , , , , , , , ,5, , , , , , , , , , , , , , , , , , , , , , , , , , , , , , , , , , , , , ,2/5/2024,2/5/2024,2
1202401,2,1.63791934304762,8053205,4,2,4,9,4,9,4,9,9, , , , , , , , , , , , , , , , , , , , , , , , , , , , , , , , , ,4,1,4, , , , , , , , , , , , , , , , , , , , , , , , , , , , , , , , , , , , , , , , , , , , , , , , , , , , , , , , , , , , , , , , , , , , , , , , , , , , , , , , , , , , , , , , , , , , , , , , , , , , , , , , , , , , , , , , , , , , , , , , , , ,4, ,2, ,4, ,4, ,9, ,4, , ,4,9,9,4,4,1,4,2,1,1,1,1,1,4,4,4,2,8,2,2,1,1,1, , ,1,2,99, , , ,2, ,1,4,1, ,1,9,9,2,2,9,2,2,2,1,2,2,1,9,9,9,4, , , , , ,2,4,1,2,9, , ,4, , , , , , , , , , ,9, , ,2,2, , , , , , , , , , , , , , , , , , , , , , , , , , , , , , , , , , , , , , , , , , , , , , , , , , , , , , , , , , , , , , , , , , , , , , , , , , , , , , , , , , , , , , , , , , , , , , , , , , , , , , , , , , , , , , , , ,2, ,39, , , , , , , , , , , , , , , , , , , , , , , , , , , , , , , , , , , , , , , ,9, , , , , , , , , , , , , , , , , , , , , , , , , , , , , , , , , ,4, , , , , , ,99,9, , , , , , , , , , , , , , , , , , , , , , , , , , , , , , , , , , , , , , , , , , , , , , , , , , , , , , , , , , , , , , , , , , , ,5,2, , , , ,97, , , , , , , , , , , , , , , , , , , , , , , , , , , , ,1, , , , ,2, , , , , , , , , , , , , , , , , , , , , , , , , , , , ,9, , ,1, , , , , , , , , ,8, , , , , , , , , , , , , , , , , , , , , , , , , , , , , , , , , , , , , ,1/27/2024,1/27/2024,2
1202401,2,.981210226204916,8053314,3,2,4,2,2,3,4,2,2, , , , , , , , , , , , , , , , , , , , , , , , , , , , , , , , , ,4,2,3, , , , , , , , , , , , , , , , , , , , , , , , , , , , , , , , , , , , , , , , , , , , , , , , , , , , , , , , , , , , , , , , , , , , , , , , , , , , , , , , , , , , , , , , , , , , , , , , , , , , , , , , , , , , , , , , , , , , , , , , , , ,4, ,1, ,3, ,2, ,3, ,3, , ,4,3,3,3,2,1,3,3,4,2,1,1,1,2,2,2,1,3,4,3,1,3,3, , ,7,99,1, , , ,1, ,4,7,7, ,2,4,2,2,2,2,2,2,2,2,2,2,2,1,1,2,3, , , , , ,3,3,3,2,2, , ,2, , , , , , , , , , ,1, , ,2,2, , , , , , , , , , , , , , , , , , , , , , , , , , , , , , , , , , , , , , , , , , , , , , , , , , , , , , , , , , , , , , , , , , , , , , , , , , , , , , , , , , , , , , , , , , , , , , , , , , , , , , , , , , , , , , , , ,1, ,99, , , , ,2, , , , , , , , , , , , , , , , , , , , , , , , , , , , , , , , , , ,10, , , , , , , , , , , , , , , , , , , , , , , , , , , , , , , , , ,2, , , , , , ,11, , , , , , , , , , , , , , , , , , , , , , , , , , , , , , , , , , , , , , , , , , , , , , , , , , , , , , , , , , , , , , , , , , , , ,4,2, , , , ,2, , , , , , , , , , , , , , , , , , , , , , , , , , , , , , , , , , , , , , , , , , , , , , , , , , , , , , , , , , , , , , ,5, , ,2, , , , , , , , , ,9, , , , , , , , , , , , , , , , , , , , , , , , , , , , , , , , , , , , , ,1/25/2024,1/25/2024,2
1202401,2,.900048362782326,8053336,2,2,2,1,1,1,1,1,2, , , , , , , , , , , , , , , , , , , , , , , , , , , , , , , , , ,9,9,9, , , , , , , , , , , , , , , , , , , , , , , , , , , , , , , , , , , , , , , , , , , , , , , , , , , , , , , , , , , , , , , , , , , , , , , , , , , , , , , , , , , , , , , , , , , , , , , , , , , , , , , , , , , , , , , , , , , , , , , , , , ,2, ,4, ,9, ,9, ,9, ,9, , ,9,2,9,9,9,4,3,4,3,4,9,9,9,1,1,1,4,4,4,4,4,9,2, , ,1,1,99, , , ,2, ,1,3,6, ,1,1,9,9,9,9,9,9,1,9,2,2,9,1,9,9,9, , , , , ,4,4,4,3, , , ,9, , , , , , , , , , ,9, , ,9, , , , , , , , , , , , , , , , , , , , , , , , , , , , , , , , , , , , , , , , , , , , , , , , , , , , , , , , , , , , , , , , , , , , , , , , , , , , , , , , , , , , , , , , , , , , , , , , , , , , , , , , , , , , , , , , , ,2, ,99, , , , ,1, , , , , , , , , , , , , , , , , , , , , , , , , , , , , , , , , , ,11, , , , , , , , , , , , , , , , , , , , , , , , , , , , , , , , , ,9, , , , , , ,99,9, , , , , , , , , , , , , , , , , , , , , , , , , , , , , , , , , , , , , , , , , , , , , , , , , , , , , , , , , , , , , , , , , , , ,99,99, , , , ,99, , , , , , , , , , , , , , , , , , , , , , , , , , , , ,9, , , , , , , , , , , , , , , , , , , , , , , , , , , , , , , , , ,9, , ,2, , , , , , , , , ,4, , , , , , , , , , , , , , , , , , , , , , , , , , , , , , , , , , , , , ,2/3/2024,2/3/2024,2
1202401,2,1.70577194289781,8053348,2,2,1,2,3,1,3,1,3, , , , , , , , , , , , , , , , , , , , , , , , , , , , , , , , , ,2,3,3, , , , , , , , , , , , , , , , , , , , , , , , , , , , , , , , , , , , , , , , , , , , , , , , , , , , , , , , , , , , , , , , , , , , , , , , , , , , , , , , , , , , , , , , , , , , , , , , , , , , , , , , , , , , , , , , , , , , , , , , , , ,3, ,4, ,3, ,4, ,3, ,2, , ,1,3,2,1,1,1,3,2,1,1,1,1,1,2,1,1,1,1,1,3,3,1,3, , ,1,1,99, , , ,2, ,3,6,5, ,1,1,2,2,2,2,1,2,2,2,2,2,1,1,1,2,4, , , , , ,2,2,3,3, , , ,3, , , , , , , , , , ,2, , ,1,1, , , , , , , , , , , , , , , , , , , , , , , , , , , , , , , , , , , , , , , , , , , , , , , , , , , , , , , , , , , , , , , , , , , , , , , , , , , , , , , , , , , , , , , , , , , , , , , , , , , , , , , , , , , , , , , , ,1, ,41, , , , , , , , , , , , , , , , , , , , , , , , , , , , , , , , , , , , , , , ,8, , , , , , , , , , , , , , , , , , , , , , , , , , , , , , , , , ,3, , , , , , ,11, , , , , , , , , , , , , , , , , , , , , , , , , , , , , , , , , , , , , , , , , , , , , , , , , , , , , , , , , , , , , , , , , , , , ,4,2, , , , ,1, , , , , , , , , , , , , , , , , , , , , , , , , , , , , , , , , , , , , , , , , , , , , , , , , , , , , , , , , , , , , , ,3, , ,2, , , , , , , , , ,3, , , , , , , , , , , , , , , , , , , , , , , , , , , , , , , , , , , , , ,2/10/2024,2/10/2024,2
1202401,2,1.24079860367861,8053654,2,1,2,2,2,2,2,8,3, , , , , , , , , , , , , , , , , , , , , , , , , , , , , , , , , ,2,2,2, , , , , , , , , , , , , , , , , , , , , , , , , , , , , , , , , , , , , , , , , , , , , , , , , , , , , , , , , , , , , , , , , , , , , , , , , , , , , , , , , , , , , , , , , , , , , , , , , , , , , , , , , , , , , , , , , , , , , , , , , , ,3, ,1, ,2, ,4, ,1, ,3, , ,2,2,2,4,3,3,2,2,3,3,1,1,1,1,3,1,1,1,1,1,1,1,3, , ,1,2,99, , , ,2, ,1,2,1, ,1,4,2,1,2,1,2,2,1,2,2,2,1,1,2,1,1, , , , , ,3,3,3,1,1, , ,3, , , , , , , , , , ,2, , ,1,1, , , , , , , , , , , , , , , , , , , , , , , , , , , , , , , , , , , , , , , , , , , , , , , , , , , , , , , , , , , , , , , , , , , , , , , , , , , , , , , , , , , , , , , , , , , , , , , , , , , , , , , , , , , , , , , , ,2, ,42, , , , , , , , , , , , , , , , , , , , , , , , , , , , , , , , , , , , , , , ,10, , , , , , , , , , , , , , , , , , , , , , , , , , , , , , , , , ,2, , , , , , ,98,1, , , , , , , , , , , , , , , , , , , , , , , , , , , , , , , , , , , , , , , , , , , , , , , , , , , , , , , , , , , , , , , , , , , ,4,2, , , , ,97, , , , , , , , , , , , , , , , , , , , , , , , , , , , ,1, , , , ,97, , , , , , , , , , , , , , , , , , , , , , , , , , , , ,8, , ,2, , , , , , , , , ,8, , , , , , , , , , , , , , , , , , , , , , , , , , , , , , , , , , , , , ,1/30/2024,1/30/2024,2
1202401,2,.472581802530208,8054121,2,1,3,3,3,2,3,8,3, , , , , , , , , , , , , , , , , , , , , , , , , , , , , , , , , ,2,8,8, , , , , , , , , , , , , , , , , , , , , , , , , , , , , , , , , , , , , , , , , , , , , , , , , , , , , , , , , , , , , , , , , , , , , , , , , , , , , , , , , , , , , , , , , , , , , , , , , , , , , , , , , , , , , , , , , , , , , , , , , , ,4, ,3, ,3, ,3, ,4, ,4, , ,3,8,3,4,4,2,3,2,3,2,2,1,2,2,2,2,3,2,3,3,2,2,2, , ,7,99,3, , , ,1, ,4,7,9, ,1,8,1,2,1,2,2,2,2,2,2,2,2,2,8,1,3, , , , , ,4,4,2,4, , , ,2, , , , , , , , , , ,2, , ,3,3, , , , , , , , , , , , , , , , , , , , , , , , , , , , , , , , , , , , , , , , , , , , , , , , , , , , , , , , , , , , , , , , , , , , , , , , , , , , , , , , , , , , , , , , , , , , , , , , , , , , , , , , , , , , , , , , ,1, ,30, , , , , , , , , , , , , , , , , , , , , , , , , , , , , , , , , , , , , , , ,11, , , , , , , , , , , , , , , , , , , , , , , , , , , , , , , , , ,2, , , , , , ,8, , , , , , , , , , , , , , , , , , , , , , , , , , , , , , , , , , , , , , , , , , , , , , , , , , , , , , , , , , , , , , , , , , , , ,4,2, , , , ,1, , , , , , , , , , , , , , , , , , , , , , , , , , , , , , , , , , , , , , , , , , , , , , , , , , , , , , , , , , , , , , ,3, , ,2, , , , , , , , , ,3, , , , , , , , , , , , , , , , , , , , , , , , , , , , , , , , , , , , , ,2/13/2024,2/13/2024,2
1202401,2,.796812561316493,8054185,3,2,2,2,3,2,2,2,3, , , , , , , , , , , , , , , , , , , , , , , , , , , , , , , , , ,3,2,3, , , , , , , , , , , , , , , , , , , , , , , , , , , , , , , , , , , , , , , , , , , , , , , , , , , , , , , , , , , , , , , , , , , , , , , , , , , , , , , , , , , , , , , , , , , , , , , , , , , , , , , , , , , , , , , , , , , , , , , , , , ,2, ,3, ,4, ,4, ,8, ,2, , ,2,2,2,2,1,3,4,4,4,3,1,1,1,1,2,1,1,2,3,2,3,2,2, , ,1,2,99, , , ,2, ,1,3,3, ,1,1,2,2,2,1,1,2,2,2,2,2,1,1,1,2,2, , , , , ,2,4,2,1,1, , ,2, , , , , , , , , , ,1, , ,2,1, , , , , , , , , , , , , , , , , , , , , , , , , , , , , , , , , , , , , , , , , , , , , , , , , , , , , , , , , , , , , , , , , , , , , , , , , , , , , , , , , , , , , , , , , , , , , , , , , , , , , , , , , , , , , , , , ,1, ,28, , , , , , , , , , , , , , , , , , , , , , , , , , , , , , , , , , , , , , , ,11, , , , , , , , , , , , , , , , , , , , , , , , , , , , , , , , , ,2, , , , , , ,11, , , , , , , , , , , , , , , , , , , , , , , , , , , , , , , , , , , , , , , , , , , , , , , , , , , , , , , , , , , , , , , , , , , , ,4,4, , , , ,2, , , , , , , , , , , , , , , , , , , , , , , , , , , , , , , , , , , , , , , , , , , , , , , , , , , , , , , , , , , , , , ,4, , ,2, , , , , , , , , ,9, , , , , , , , , , , , , , , , , , , , , , , , , , , , , , , , , , , , , ,1/29/2024,1/29/2024,2
1202401,2,2.43256932414706,8054356,3,2,1,3,3,3,4,3,3, , , , , , , , , , , , , , , , , , , , , , , , , , , , , , , , , ,1,4,3, , , , , , , , , , , , , , , , , , , , , , , , , , , , , , , , , , , , , , , , , , , , , , , , , , , , , , , , , , , , , , , , , , , , , , , , , , , , , , , , , , , , , , , , , , , , , , , , , , , , , , , , , , , , , , , , , , , , , , , , , , ,3, ,1, ,4, ,3, ,3, ,3, , ,4,4,4,4,4,1,1,1,1,1,1,1,3,1,4,3,4,3,2,3,4,3,2, , ,7,99,3, , , ,1, ,1,4,2, ,1,4,1,1,1,1,1,1,1,1,2,1,1,1,1,2,1, , , , , ,1,1,1,1,1, , ,4, , , , , , , , , , ,2, , ,1,1, , , , , , , , , , , , , , , , , , , , , , , , , , , , , , , , , , , , , , , , , , , , , , , , , , , , , , , , , , , , , , , , , , , , , , , , , , , , , , , , , , , , , , , , , , , , , , , , , , , , , , , , , , , , , , , , ,2, ,38, , , , , , , , , , , , , , , , , , , , , , , , , , , , , , , , , , , , , , , ,8, , , , , , , , , , , , , , , , , , , , , , , , , , , , , , , , , ,5, , , , , , ,9, , , , , , , , , , , , , , , , , , , , , , , , , , , , , , , , , , , , , , , , , , , , , , , , , , , , , , , , , , , , , , , , , , , , ,5,3, , , , ,1, , , , , , , , , , , , , , , , , , , , , , , , , , , , , , , , , , , , , , , , , , , , , , , , , , , , , , , , , , , , , , ,5, , ,2, , , , , , , , , ,3, , , , , , , , , , , , , , , , , , , , , , , , , , , , , , , , , , , , , ,1/25/2024,1/25/2024,2
1202401,2,1.95412964604554,8054479,4,2,3,3,4,2,8,8,4, , , , , , , , , , , , , , , , , , , , , , , , , , , , , , , , , ,1,2,2, , , , , , , , , , , , , , , , , , , , , , , , , , , , , , , , , , , , , , , , , , , , , , , , , , , , , , , , , , , , , , , , , , , , , , , , , , , , , , , , , , , , , , , , , , , , , , , , , , , , , , , , , , , , , , , , , , , , , , , , , , ,2, ,4, ,4, ,4, ,4, ,2, , ,8,2,2,2,8,1,2,1,2,2,1,2,2,2,2,2,4,4,4,4,4,1,2, , ,1,1,99, , , ,2, ,2,5,5, ,1,3,2,2,2,2,2,2,2,1,1,1,1,1,1,9,4, , , , , ,2,2,2,2,2, , ,3, , , , , , , , , , ,2, , ,1,2, , , , , , , , , , , , , , , , , , , , , , , , , , , , , , , , , , , , , , , , , , , , , , , , , , , , , , , , , , , , , , , , , , , , , , , , , , , , , , , , , , , , , , , , , , , , , , , , , , , , , , , , , , , , , , , , ,2, ,51, , , , , , , , , , , , , , , , , , , , , , , , , , , , , , , , , , , , , , , ,8, , , , , , , , , , , , , , , , , , , , , , , , , , , , , , , , , ,2, , , , , , ,98,2, , , , , , , , , , , , , , , , , , , , , , , , , , , , , , , , , , , , , , , , , , , , , , , , , , , , , , , , , , , , , , , , , , , ,2,2, , , , ,97, , , , , , , , , , , , , , , , , , , , , , , , , , , , ,1, , , , ,98, , , , , , , , , , , , , , , , , , , , , , , , , , , , ,8, , ,2, , , , , , , , , ,3, , , , , , , , , , , , , , , , , , , , , , , , , , , , , , , , , , , , , ,4/20/2024,4/20/2024,2
1202401,2,1.26539458772933,8054857,3,2,2,4,3,8,2,2,4, , , , , , , , , , , , , , , , , , , , , , , , , , , , , , , , , ,2,3,2, , , , , , , , , , , , , , , , , , , , , , , , , , , , , , , , , , , , , , , , , , , , , , , , , , , , , , , , , , , , , , , , , , , , , , , , , , , , , , , , , , , , , , , , , , , , , , , , , , , , , , , , , , , , , , , , , , , , , , , , , , ,2, ,4, ,4, ,4, ,2, ,1, , ,2,1,3,2,2,1,1,1,1,1,1,3,1,1,1,1,2,1,2,1,2,1,2, , ,1,1,99, , , ,2, ,2,5,5, ,1,1,2,1,1,2,1,1,2,1,1,2,1,2,2,2,4, , , , , ,4,4,4,4, , , ,3, , , , , , , , , , ,2, , ,2,2, , , , , , , , , , , , , , , , , , , , , , , , , , , , , , , , , , , , , , , , , , , , , , , , , , , , , , , , , , , , , , , , , , , , , , , , , , , , , , , , , , , , , , , , , , , , , , , , , , , , , , , , , , , , , , , , ,2, ,67, , , , , , , , , , , , , , , , , , , , , , , , , , , , , , , , , , , , , , , ,8, , , , , , , , , , , , , , , , , , , , , , , , , , , , , , , , , ,2, , , , , , ,7, , , , , , , , , , , , , , , , , , , , , , , , , , , , , , , , , , , , , , , , , , , , , , , , , , , , , , , , , , , , , , , , , , , , ,2,2, , , , ,4, , , , , , , , , , , , , , , , , , , , , , , , , , , , , , , , , , , , , , , , , , , , , , , , , , , , , , , , , , , , , , ,8, , ,1, , , , , , , , , ,3, , , , , , , , , , , , , , , , , , , , , , , , , , , , , , , , , , , , , ,2/28/2024,2/28/2024,2
1202401,2,1.4182295371575,8054981,3,2,4,4,4,4,3,8,4, , , , , , , , , , , , , , , , , , , , , , , , , , , , , , , , , ,4,4,4, , , , , , , , , , , , , , , , , , , , , , , , , , , , , , , , , , , , , , , , , , , , , , , , , , , , , , , , , , , , , , , , , , , , , , , , , , , , , , , , , , , , , , , , , , , , , , , , , , , , , , , , , , , , , , , , , , , , , , , , , , ,4, ,4, ,3, ,3, ,4, ,3, , ,4,4,4,4,4,1,3,1,8,1,1,1,1,4,3,1,2,3,2,4,4,1,3, , ,7,99,3, , , ,2, ,4,7,7, ,2,3,1,1,2,1,1,8,2,2,2,1,2,2,2,2,4, , , , , ,3,1,3,4, , , ,4, , , , , , , , , , ,3, , ,1,2, , , , , , , , , , , , , , , , , , , , , , , , , , , , , , , , , , , , , , , , , , , , , , , , , , , , , , , , , , , , , , , , , , , , , , , , , , , , , , , , , , , , , , , , , , , , , , , , , , , , , , , , , , , , , , , , ,1, ,38, , , , , , , , , , , , , , , , , , , , , , , , , , , , , , , , , , , , , , , ,8, , , , , , , , , , , , , , , , , , , , , , , , , , , , , , , , , ,4, , , , , , ,3, , , , , , , , , , , , , , , , , , , , , , , , , , , , , , , , , , , , , , , , , , , , , , , , , , , , , , , , , , , , , , , , , , , , ,2,2, , , , ,97, , , , , , , , , , , , , , , , , , , , , , , , , , , , ,1, , , , ,2, , , , , , , , , , , , , , , , , , , , , , , , , , , , ,4, , ,2, , , , , , , , , ,3, , , , , , , , , , , , , , , , , , , , , , , , , , , , , , , , , , , , , ,1/27/2024,1/27/2024,2
1202401,2,.677673157069779,8055808,3,2,4,2,4,1,3,2,4, , , , , , , , , , , , , , , , , , , , , , , , , , , , , , , , , ,4,1,3, , , , , , , , , , , , , , , , , , , , , , , , , , , , , , , , , , , , , , , , , , , , , , , , , , , , , , , , , , , , , , , , , , , , , , , , , , , , , , , , , , , , , , , , , , , , , , , , , , , , , , , , , , , , , , , , , , , , , , , , , , ,3, ,2, ,4, ,4, ,8, ,2, , ,3,2,2,2,2,3,2,3,3,2,1,1,1,3,3,2,1,1,3,3,3,1,3, , ,1,2,99, , , ,2, ,2,5,6, ,1,1,2,1,1,2,2,2,2,2,2,2,1,1,1,2,4, , , , , ,4,4,2,4, , , ,3, , , , , , , , , , ,2, , ,3,2, , , , , , , , , , , , , , , , , , , , , , , , , , , , , , , , , , , , , , , , , , , , , , , , , , , , , , , , , , , , , , , , , , , , , , , , , , , , , , , , , , , , , , , , , , , , , , , , , , , , , , , , , , , , , , , , ,1, ,38, , , , , , , , , , , , , , , , , , , , , , , , , , , , , , , , , , , , , , , ,10, , , , , , , , , , , , , , , , , , , , , , , , , , , , , , , , , ,2, , , , , , ,10, , , , , , , , , , , , , , , , , , , , , , , , , , , , , , , , , , , , , , , , , , , , , , , , , , , , , , , , , , , , , , , , , , , , ,5,2, , , , ,2, , , , , , , , , , , , , , , , , , , , , , , , , , , , , , , , , , , , , , , , , , , , , , , , , , , , , , , , , , , , , , ,4, , ,2, , , , , , , , , ,1, , , , , , , , , , , , , , , , , , , , , , , , , , , , , , , , , , , , , ,3/13/2024,3/13/2024,2
1202401,2,1.38536985323569,8055948,3,2,2,2,2,2,1,2,3, , , , , , , , , , , , , , , , , , , , , , , , , , , , , , , , , ,2,3,1, , , , , , , , , , , , , , , , , , , , , , , , , , , , , , , , , , , , , , , , , , , , , , , , , , , , , , , , , , , , , , , , , , , , , , , , , , , , , , , , , , , , , , , , , , , , , , , , , , , , , , , , , , , , , , , , , , , , , , , , , , ,2, ,4, ,3, ,4, ,2, ,4, , ,3,2,3,4,4,2,3,2,3,2,1,2,1,2,1,1,2,1,1,2,2,1,3, , ,7,99,2, , , ,1, ,3,6,6, ,2,2,2,2,1,2,2,2,2,2,2,2,1,2,1,1,4, , , , , ,4,4,2,4, , , ,3, , , , , , , , , , ,1, , ,2,2, , , , , , , , , , , , , , , , , , , , , , , , , , , , , , , , , , , , , , , , , , , , , , , , , , , , , , , , , , , , , , , , , , , , , , , , , , , , , , , , , , , , , , , , , , , , , , , , , , , , , , , , , , , , , , , , ,2, ,23, , , , , , , , , , , , , , , , , , , , , , , , , , , , , , , , , , , , , , , ,10, , , , , , , , , , , , , , , , , , , , , , , , , , , , , , , , , ,5, , , , , , ,2, , , , , , , , , , , , , , , , , , , , , , , , , , , , , , , , , , , , , , , , , , , , , , , , , , , , , , , , , , , , , , , , , , , , ,1, , , , , ,3, , , , , , , , , , , , , , , , , , , , , , , , , , , , , , , , , , , , , , , , , , , , , , , , , , , , , , , , , , , , , , ,2, , ,2, , , , , , , , , ,6, , , , , , , , , , , , , , , , , , , , , , , , , , , , , , , , , , , , , ,1/26/2024,1/26/2024,2
1202401,2,.647989881456913,8055992,2,2,2,4,4,2,3,3,4, , , , , , , , , , , , , , , , , , , , , , , , , , , , , , , , , ,1,4,2, , , , , , , , , , , , , , , , , , , , , , , , , , , , , , , , , , , , , , , , , , , , , , , , , , , , , , , , , , , , , , , , , , , , , , , , , , , , , , , , , , , , , , , , , , , , , , , , , , , , , , , , , , , , , , , , , , , , , , , , , , ,2, ,4, ,4, ,4, ,2, ,2, , ,3,3,3,4,4,1,1,1,1,1,1,1,1,2,2,2,3,1,1,3,2,2,2, , ,1,1,99, , , ,2, ,2,5,2, ,1,2,1,2,1,2,2,1,2,1,2,2,1,1,1,1,2, , , , , ,4,2,3,4, , , ,2, , , , , , , , , , ,3, , ,2,2, , , , , , , , , , , , , , , , , , , , , , , , , , , , , , , , , , , , , , , , , , , , , , , , , , , , , , , , , , , , , , , , , , , , , , , , , , , , , , , , , , , , , , , , , , , , , , , , , , , , , , , , , , , , , , , , ,2, ,50, , , , , , , , , , , , , , , , , , , , , , , , , , , , , , , , , , , , , , , ,11, , , , , , , , , , , , , , , , , , , , , , , , , , , , , , , , , ,2, , , , , , ,7, , , , , , , , , , , , , , , , , , , , , , , , , , , , , , , , , , , , , , , , , , , , , , , , , , , , , , , , , , , , , , , , , , , , ,2,2, , , , ,1, , , , , , , , , , , , , , , , , , , , , , , , , , , , , , , , , , , , , , , , , , , , , , , , , , , , , , , , , , , , , , ,3, , ,2, , , , , , , , , ,6, , , , , , , , , , , , , , , , , , , , , , , , , , , , , , , , , , , , , ,1/30/2024,1/30/2024,2
1202401,2,.468187765523948,8056105,3,3,4,8,3,8,8,2,4, , , , , , , , , , , , , , , , , , , , , , , , , , , , , , , , , ,8,2,8, , , , , , , , , , , , , , , , , , , , , , , , , , , , , , , , , , , , , , , , , , , , , , , , , , , , , , , , , , , , , , , , , , , , , , , , , , , , , , , , , , , , , , , , , , , , , , , , , , , , , , , , , , , , , , , , , , , , , , , , , , ,2, ,2, ,4, ,4, ,2, ,2, , ,4,8,2,2,1,2,4,3,2,8,2,1,3,3,1,1,4,2,3,2,2,2,1, , ,99,99,99, , , ,2, ,1,1,1, ,1,1,1,1,8,1,1,1,1,8,2,1,1,1,8,8,3, , , , , ,3,1,1,1,1, , ,3, , , , , , , , , , ,1, , ,2,2, , , , , , , , , , , , , , , , , , , , , , , , , , , , , , , , , , , , , , , , , , , , , , , , , , , , , , , , , , , , , , , , , , , , , , , , , , , , , , , , , , , , , , , , , , , , , , , , , , , , , , , , , , , , , , , , ,1, ,27, , , , , , , , , , , , , , , , , , , , , , , , , , , , , , , , , , , , , , , ,10, , , , , , , , , , , , , , , , , , , , , , , , , , , , , , , , , ,2, , , , , , ,8, , , , , , , , , , , , , , , , , , , , , , , , , , , , , , , , , , , , , , , , , , , , , , , , , , , , , , , , , , , , , , , , , , , , ,7,2, , , , ,2, , , , , , , , , , , , , , , , , , , , , , , , , , , , , , , , , , , , , , , , , , , , , , , , , , , , , , , , , , , , , , ,5, , ,1, , , , , , , , , ,3, , , , , , , , , , , , , , , , , , , , , , , , , , , , , , , , , , , , , ,2/28/2024,2/28/2024,2
1202401,2,2.43256932414706,8056531,4,2,9,2,2,8,2,8,3, , , , , , , , , , , , , , , , , , , , , , , , , , , , , , , , , ,3,4,1, , , , , , , , , , , , , , , , , , , , , , , , , , , , , , , , , , , , , , , , , , , , , , , , , , , , , , , , , , , , , , , , , , , , , , , , , , , , , , , , , , , , , , , , , , , , , , , , , , , , , , , , , , , , , , , , , , , , , , , , , , ,2, ,4, ,8, ,4, ,8, ,8, , ,3,3,8,3,4,1,2,2,2,3,1,2,1,2,1,1,1,1,2,9,2,9,2, , ,7,99,3, , , ,2, ,4,7,7, ,9,9,1,1,1,9,2,1,2,2,2,2,1,2,1,1,4, , , , , ,4,4,9,4, , , ,3, , , , , , , , , , ,3, , ,8, , , , , , , , , , , , , , , , , , , , , , , , , , , , , , , , , , , , , , , , , , , , , , , , , , , , , , , , , , , , , , , , , , , , , , , , , , , , , , , , , , , , , , , , , , , , , , , , , , , , , , , , , , , , , , , , , ,2, ,22, , , , , , , , , , , , , , , , , , , , , , , , , , , , , , , , , , , , , , , ,6, , , , , , , , , , , , , , , , , , , , , , , , , , , , , , , , , ,2, , , , , , ,98,8, , , , , , , , , , , , , , , , , , , , , , , , , , , , , , , , , , , , , , , , , , , , , , , , , , , , , , , , , , , , , , , , , , , ,3,3, , , , ,3, , , , , , , , , , , , , , , , , , , , , , , , , , , , , , , , , , , , , , , , , , , , , , , , , , , , , , , , , , , , , , ,0, , ,2, , , , , , , , , ,9, , , , , , , , , , , , , , , , , , , , , , , , , , , , , , , , , , , , , ,2/5/2024,2/5/2024,2
1202401,2,.772668113224827,8056537,4,2,4,2,4,2,4,4,9, , , , , , , , , , , , , , , , , , , , , , , , , , , , , , , , , ,4,4,4, , , , , , , , , , , , , , , , , , , , , , , , , , , , , , , , , , , , , , , , , , , , , , , , , , , , , , , , , , , , , , , , , , , , , , , , , , , , , , , , , , , , , , , , , , , , , , , , , , , , , , , , , , , , , , , , , , , , , , , , , , ,4, ,2, ,4, ,4, ,9, ,4, , ,4,4,4,4,4,1,3,3,3,1,1,1,1,4,3,3,1,1,2,2,1,1,1, , ,99,99,99, , , ,2, ,1,7,1, ,1,1,1,1,1,1,9,1,1,2,2,2,1,2,2,8,4, , , , , ,9,9,9,9, , , ,3, , , , , , , , , , ,2, , ,1,2, , , , , , , , , , , , , , , , , , , , , , , , , , , , , , , , , , , , , , , , , , , , , , , , , , , , , , , , , , , , , , , , , , , , , , , , , , , , , , , , , , , , , , , , , , , , , , , , , , , , , , , , , , , , , , , , ,2, ,63, , , , , , , , , , , , , , , , , , , , , , , , , , , , , , , , , , , , , , , ,10, , , , , , , , , , , , , , , , , , , , , , , , , , , , , , , , , ,3, , , , , , ,99,9, , , , , , , , , , , , , , , , , , , , , , , , , , , , , , , , , , , , , , , , , , , , , , , , , , , , , , , , , , , , , , , , , , , ,1, , , , , ,97, , , , , , , , , , , , , , , , , , , , , , , , , , , , ,2, , , , , , , , , , , , , , , , , , , , , , , , , , , , , , , , , ,9, , ,2, , , , , , , , , ,10, , , , , , , , , , , , , , , , , , , , , , , , , , , , , , , , , , , , , ,1/30/2024,1/30/2024,2
1202401,2,1.4182295371575,8056573,3,2,3,2,2,3,2,3,3, , , , , , , , , , , , , , , , , , , , , , , , , , , , , , , , , ,3,2,3, , , , , , , , , , , , , , , , , , , , , , , , , , , , , , , , , , , , , , , , , , , , , , , , , , , , , , , , , , , , , , , , , , , , , , , , , , , , , , , , , , , , , , , , , , , , , , , , , , , , , , , , , , , , , , , , , , , , , , , , , , ,2, ,4, ,2, ,3, ,3, ,2, , ,3,3,2,3,2,1,1,1,2,1,1,2,1,3,3,3,2,1,2,2,1,1,3, , ,1,1,99, , , ,2, ,2,5,5, ,1,3,2,1,1,1,1,1,2,1,2,2,1,2,2,1,2, , , , , ,3,3,2,3, , , ,4, , , , , , , , , , ,2, , ,1,2, , , , , , , , , , , , , , , , , , , , , , , , , , , , , , , , , , , , , , , , , , , , , , , , , , , , , , , , , , , , , , , , , , , , , , , , , , , , , , , , , , , , , , , , , , , , , , , , , , , , , , , , , , , , , , , , ,1, ,36, , , , , , , , , , , , , , , , , , , , , , , , , , , , , , , , , , , , , , , ,8, , , , , , , , , , , , , , , , , , , , , , , , , , , , , , , , , ,4, , , , , , ,3, , , , , , , , , , , , , , , , , , , , , , , , , , , , , , , , , , , , , , , , , , , , , , , , , , , , , , , , , , , , , , , , , , , , ,5,2, , , , ,2, , , , , , , , , , , , , , , , , , , , , , , , , , , , , , , , , , , , , , , , , , , , , , , , , , , , , , , , , , , , , , ,4, , ,2, , , , , , , , , ,3, , , , , , , , , , , , , , , , , , , , , , , , , , , , , , , , , , , , , ,2/14/2024,2/14/2024,2
1202401,2,1.61508257368463,8056609,3,2,3,2,3,3,2,3,2, , , , , , , , , , , , , , , , , , , , , , , , , , , , , , , , , ,3,3,3, , , , , , , , , , , , , , , , , , , , , , , , , , , , , , , , , , , , , , , , , , , , , , , , , , , , , , , , , , , , , , , , , , , , , , , , , , , , , , , , , , , , , , , , , , , , , , , , , , , , , , , , , , , , , , , , , , , , , , , , , , ,4, ,1, ,4, ,2, ,4, ,4, , ,4,4,4,4,4,2,4,2,4,1,1,1,4,4,4,4,1,1,4,1,1,4,1, , ,1,1,99, , , ,2, ,3,7,7, ,2,2,2,2,1,2,1,1,2,2,2,1,1,2,2,1,3, , , , , ,4,4,4,4, , , ,4, , , , , , , , , , ,1, , ,1,2, , , , , , , , , , , , , , , , , , , , , , , , , , , , , , , , , , , , , , , , , , , , , , , , , , , , , , , , , , , , , , , , , , , , , , , , , , , , , , , , , , , , , , , , , , , , , , , , , , , , , , , , , , , , , , , , ,1, ,22, , , , , , , , , , , , , , , , , , , , , , , , , , , , , , , , , , , , , , , ,4, , , , , , , , , , , , , , , , , , , , , , , , , , , , , , , , , ,4, , , , , , ,1, , , , , , , , , , , , , , , , , , , , , , , , , , , , , , , , , , , , , , , , , , , , , , , , , , , , , , , , , , , , , , , , , , , , ,6,5, , , , ,97, , , , , , , , , , , , , , , , , , , , , , , , , , , , ,2, , , , , , , , , , , , , , , , , , , , , , , , , , , , , , , , , ,6, , ,1, , , , , , , , , ,3, , , , , , , , , , , , , , , , , , , , , , , , , , , , , , , , , , , , , ,2/12/2024,2/12/2024,2
1202401,2,1.98397394947779,8056622,1,1,1,4,8,2,2,2,3, , , , , , , , , , , , , , , , , , , , , , , , , , , , , , , , , ,1,3,2, , , , , , , , , , , , , , , , , , , , , , , , , , , , , , , , , , , , , , , , , , , , , , , , , , , , , , , , , , , , , , , , , , , , , , , , , , , , , , , , , , , , , , , , , , , , , , , , , , , , , , , , , , , , , , , , , , , , , , , , , , ,1, ,4, ,4, ,4, ,2, ,1, , ,1,1,8,1,4,1,2,1,2,8,2,3,3,1,2,1,3,3,1,1,1,1,3, , ,7,99,1, , , ,2, ,4,5,7, ,2,4,2,2,2,2,2,2,2,2,2,2,8,9,9,8,4, , , , , ,9,4,4,9, , , ,4, , , , , , , , , , ,1, , ,8, , , , , , , , , , , , , , , , , , , , , , , , , , , , , , , , , , , , , , , , , , , , , , , , , , , , , , , , , , , , , , , , , , , , , , , , , , , , , , , , , , , , , , , , , , , , , , , , , , , , , , , , , , , , , , , , , ,2, ,99, , , , ,4, , , , , , , , , , , , , , , , , , , , , , , , , , , , , , , , , , ,1, , , , , , , , , , , , , , , , , , , , , , , , , , , , , , , , , ,5, , , , , , ,99,1, , , , , , , , , , , , , , , , , , , , , , , , , , , , , , , , , , , , , , , , , , , , , , , , , , , , , , , , , , , , , , , , , , , ,20,8, , , , ,1, , , , , , , , , , , , , , , , , , , , , , , , , , , , , , , , , , , , , , , , , , , , , , , , , , , , , , , , , , , , , , ,5, , ,1, , , , , , , , , ,3, , , , , , , , , , , , , , , , , , , , , , , , , , , , , , , , , , , , , ,2/13/2024,2/13/2024,2
1202401,2,1.92172176161104,8056996,4,2,3,2,4,2,2,2,4, , , , , , , , , , , , , , , , , , , , , , , , , , , , , , , , , ,4,3,4, , , , , , , , , , , , , , , , , , , , , , , , , , , , , , , , , , , , , , , , , , , , , , , , , , , , , , , , , , , , , , , , , , , , , , , , , , , , , , , , , , , , , , , , , , , , , , , , , , , , , , , , , , , , , , , , , , , , , , , , , , ,4, ,3, ,4, ,3, ,3, ,3, , ,3,4,4,3,3,1,2,3,2,3,1,1,1,3,3,2,1,1,3,3,1,1,2, , ,7,99,1, , , ,1, ,2,4,7, ,2,3,2,2,1,2,2,2,2,2,2,2,2,1,2,1,3, , , , , ,4,4,4,4, , , ,3, , , , , , , , , , ,2, , ,1,2, , , , , , , , , , , , , , , , , , , , , , , , , , , , , , , , , , , , , , , , , , , , , , , , , , , , , , , , , , , , , , , , , , , , , , , , , , , , , , , , , , , , , , , , , , , , , , , , , , , , , , , , , , , , , , , , ,1, ,26, , , , , , , , , , , , , , , , , , , , , , , , , , , , , , , , , , , , , , , ,9, , , , , , , , , , , , , , , , , , , , , , , , , , , , , , , , , ,4, , , , , , ,9, , , , , , , , , , , , , , , , , , , , , , , , , , , , , , , , , , , , , , , , , , , , , , , , , , , , , , , , , , , , , , , , , , , , ,3,3, , , , ,2, , , , , , , , , , , , , , , , , , , , , , , , , , , , , , , , , , , , , , , , , , , , , , , , , , , , , , , , , , , , , , ,4, , ,2, , , , , , , , , ,9, , , , , , , , , , , , , , , , , , , , , , , , , , , , , , , , , , , , , ,4/18/2024,4/18/2024,2
1202401,2,.737143880779698,8057013,3,1,2,4,3,2,2,2,4, , , , , , , , , , , , , , , , , , , , , , , , , , , , , , , , , ,2,3,2, , , , , , , , , , , , , , , , , , , , , , , , , , , , , , , , , , , , , , , , , , , , , , , , , , , , , , , , , , , , , , , , , , , , , , , , , , , , , , , , , , , , , , , , , , , , , , , , , , , , , , , , , , , , , , , , , , , , , , , , , , ,3, ,4, ,4, ,4, ,2, ,2, , ,3,2,2,3,4,2,3,2,2,4,1,1,1,2,2,1,3,2,3,2,2,1,3, , ,7,99,3, , , ,2, ,4,7,7, ,2,3,2,2,2,2,2,2,2,2,2,2,1,1,2,1,4, , , , , ,4,4,4,4, , , ,2, , , , , , , , , , ,3, , ,3,2, , , , , , , , , , , , , , , , , , , , , , , , , , , , , , , , , , , , , , , , , , , , , , , , , , , , , , , , , , , , , , , , , , , , , , , , , , , , , , , , , , , , , , , , , , , , , , , , , , , , , , , , , , , , , , , , ,2, ,22, , , , , , , , , , , , , , , , , , , , , , , , , , , , , , , , , , , , , , , ,10, , , , , , , , , , , , , , , , , , , , , , , , , , , , , , , , , ,2, , , , , , ,9, , , , , , , , , , , , , , , , , , , , , , , , , , , , , , , , , , , , , , , , , , , , , , , , , , , , , , , , , , , , , , , , , , , , ,3,3, , , , ,1, , , , , , , , , , , , , , , , , , , , , , , , , , , , , , , , , , , , , , , , , , , , , , , , , , , , , , , , , , , , , , ,2, , ,1, , , , , , , , , ,9, , , , , , , , , , , , , , , , , , , , , , , , , , , , , , , , , , , , , ,1/31/2024,1/31/2024,2
1202401,2,.570814918830677,8057141,2,1,2,3,3,3,3,1,3, , , , , , , , , , , , , , , , , , , , , , , , , , , , , , , , , ,9,9,9, , , , , , , , , , , , , , , , , , , , , , , , , , , , , , , , , , , , , , , , , , , , , , , , , , , , , , , , , , , , , , , , , , , , , , , , , , , , , , , , , , , , , , , , , , , , , , , , , , , , , , , , , , , , , , , , , , , , , , , , , , ,4, ,2, ,4, ,2, ,9, ,1, , ,3,3,9,2,2,2,1,2,2,3,1,1,2,1,1,1,4,3,1,4,3,2,3, , ,1,2,99, , , ,2, ,1,3,2, ,1,2,2,2,2,2,2,2,2,2,2,2,1,1,1,2,1, , , , , ,3,1,1,2,2, , ,2, , , , , , , , , , ,2, , ,3,1, , , , , , , , , , , , , , , , , , , , , , , , , , , , , , , , , , , , , , , , , , , , , , , , , , , , , , , , , , , , , , , , , , , , , , , , , , , , , , , , , , , , , , , , , , , , , , , , , , , , , , , , , , , , , , , , ,1, ,65, , , , , , , , , , , , , , , , , , , , , , , , , , , , , , , , , , , , , , , ,99, , , , , , , , , , , , , , , , , , , , , , , , , , , , , , , , , ,4, , , , , , ,99,9, , , , , , , , , , , , , , , , , , , , , , , , , , , , , , , , , , , , , , , , , , , , , , , , , , , , , , , , , , , , , , , , , , , ,6,4, , , , ,99, , , , , , , , , , , , , , , , , , , , , , , , , , , , ,2, , , , , , , , , , , , , , , , , , , , , , , , , , , , , , , , , ,3, , ,1, , , , , , , , , ,1, , , , , , , , , , , , , , , , , , , , , , , , , , , , , , , , , , , , , ,2/2/2024,2/2/2024,2
1202401,2,.762493527695717,8057400,2,1,1,2,3,2,1,1,3, , , , , , , , , , , , , , , , , , , , , , , , , , , , , , , , , ,2,2,3, , , , , , , , , , , , , , , , , , , , , , , , , , , , , , , , , , , , , , , , , , , , , , , , , , , , , , , , , , , , , , , , , , , , , , , , , , , , , , , , , , , , , , , , , , , , , , , , , , , , , , , , , , , , , , , , , , , , , , , , , , ,2, ,4, ,3, ,4, ,2, ,1, , ,2,1,2,1,2,2,3,2,2,3,1,1,1,2,1,1,1,3,2,3,3,2,3, , ,1,1,99, , , ,2, ,1,4,2, ,1,1,2,2,2,2,2,2,2,1,2,1,1,1,1,2,4, , , , , ,4,2,2,2,2, , ,2, , , , , , , , , , ,2, , ,2,2, , , , , , , , , , , , , , , , , , , , , , , , , , , , , , , , , , , , , , , , , , , , , , , , , , , , , , , , , , , , , , , , , , , , , , , , , , , , , , , , , , , , , , , , , , , , , , , , , , , , , , , , , , , , , , , , ,1, ,63, , , , , , , , , , , , , , , , , , , , , , , , , , , , , , , , , , , , , , , ,10, , , , , , , , , , , , , , , , , , , , , , , , , , , , , , , , , ,2, , , , , , ,10, , , , , , , , , , , , , , , , , , , , , , , , , , , , , , , , , , , , , , , , , , , , , , , , , , , , , , , , , , , , , , , , , , , , ,2,2, , , , ,1, , , , , , , , , , , , , , , , , , , , , , , , , , , , , , , , , , , , , , , , , , , , , , , , , , , , , , , , , , , , , , ,3, , ,2, , , , , , , , , ,8, , , , , , , , , , , , , , , , , , , , , , , , , , , , , , , , , , , , , ,4/19/2024,4/19/2024,2
1202401,2,1.10833676640576,8057612,3,2,4,2,3,2,8,8,2, , , , , , , , , , , , , , , , , , , , , , , , , , , , , , , , , ,4,1,3, , , , , , , , , , , , , , , , , , , , , , , , , , , , , , , , , , , , , , , , , , , , , , , , , , , , , , , , , , , , , , , , , , , , , , , , , , , , , , , , , , , , , , , , , , , , , , , , , , , , , , , , , , , , , , , , , , , , , , , , , , ,2, ,2, ,2, ,2, ,8, ,8, , ,8,3,8,3,3,1,4,4,3,2,1,1,1,2,4,4,3,3,3,1,1,1,2, , ,1,99,99, , , ,2, ,1,3,1, ,1,1,1,2,1,2,2,1,2,1,2,2,1,1,1,2,3, , , , , ,4,1,4,2,1, , ,4, , , , , , , , , , ,2, , ,8, , , , , , , , , , , , , , , , , , , , , , , , , , , , , , , , , , , , , , , , , , , , , , , , , , , , , , , , , , , , , , , , , , , , , , , , , , , , , , , , , , , , , , , , , , , , , , , , , , , , , , , , , , , , , , , , , ,2, ,30, , , , , , , , , , , , , , , , , , , , , , , , , , , , , , , , , , , , , , , ,10, , , , , , , , , , , , , , , , , , , , , , , , , , , , , , , , , ,3, , , , , , ,10, , , , , , , , , , , , , , , , , , , , , , , , , , , , , , , , , , , , , , , , , , , , , , , , , , , , , , , , , , , , , , , , , , , , ,3,2, , , , ,2, , , , , , , , , , , , , , , , , , , , , , , , , , , , , , , , , , , , , , , , , , , , , , , , , , , , , , , , , , , , , , ,4, , ,2, , , , , , , , , ,4, , , , , , , , , , , , , , , , , , , , , , , , , , , , , , , , , , , , , ,2/27/2024,2/27/2024,2
1202401,2,2.11837753823185,8057662,4,2,4,2,4,2,4,4,4, , , , , , , , , , , , , , , , , , , , , , , , , , , , , , , , , ,4,1,4, , , , , , , , , , , , , , , , , , , , , , , , , , , , , , , , , , , , , , , , , , , , , , , , , , , , , , , , , , , , , , , , , , , , , , , , , , , , , , , , , , , , , , , , , , , , , , , , , , , , , , , , , , , , , , , , , , , , , , , , , , ,4, ,3, ,4, ,4, ,3, ,3, , ,4,4,3,3,4,1,3,2,2,3,1,1,1,4,4,1,2,4,2,2,1,1,1, , ,1,1,99, , , ,2, ,2,5,2, ,1,2,1,1,1,1,2,1,2,1,2,2,1,1,1,1,3, , , , , ,3,3,1,3, , , ,3, , , , , , , , , , ,2, , ,1,2, , , , , , , , , , , , , , , , , , , , , , , , , , , , , , , , , , , , , , , , , , , , , , , , , , , , , , , , , , , , , , , , , , , , , , , , , , , , , , , , , , , , , , , , , , , , , , , , , , , , , , , , , , , , , , , , ,2, ,55, , , , , , , , , , , , , , , , , , , , , , , , , , , , , , , , , , , , , , , ,9, , , , , , , , , , , , , , , , , , , , , , , , , , , , , , , , , ,3, , , , , , ,7, , , , , , , , , , , , , , , , , , , , , , , , , , , , , , , , , , , , , , , , , , , , , , , , , , , , , , , , , , , , , , , , , , , , ,5,4, , , , ,2, , , , , , , , , , , , , , , , , , , , , , , , , , , , , , , , , , , , , , , , , , , , , , , , , , , , , , , , , , , , , , ,9, , ,2, , , , , , , , , ,9, , , , , , , , , , , , , , , , , , , , , , , , , , , , , , , , , , , , , ,4/18/2024,4/18/2024,2
1202401,2,.850738602141452,8057775,8,8,8,9,9,9,9,9,9, , , , , , , , , , , , , , , , , , , , , , , , , , , , , , , , , ,9,1,9, , , , , , , , , , , , , , , , , , , , , , , , , , , , , , , , , , , , , , , , , , , , , , , , , , , , , , , , , , , , , , , , , , , , , , , , , , , , , , , , , , , , , , , , , , , , , , , , , , , , , , , , , , , , , , , , , , , , , , , , , , ,4, ,1, ,4, ,2, ,4, ,4, , ,4,9,4,9,9,9,4,4,4,1,1,2,1,4,2,1,9,9,9,9,1,9,9, , ,1,2,99, , , ,2, ,1,3,2, ,1,1,2,2,2,2,2,2,2,1,2,2,1,1,1,2,9, , , , , ,2,2,2,1,1, , ,3, , , , , , , , , , ,2, , ,2,2, , , , , , , , , , , , , , , , , , , , , , , , , , , , , , , , , , , , , , , , , , , , , , , , , , , , , , , , , , , , , , , , , , , , , , , , , , , , , , , , , , , , , , , , , , , , , , , , , , , , , , , , , , , , , , , , ,1, ,42, , , , , , , , , , , , , , , , , , , , , , , , , , , , , , , , , , , , , , , ,10, , , , , , , , , , , , , , , , , , , , , , , , , , , , , , , , , ,4, , , , , , ,6, , , , , , , , , , , , , , , , , , , , , , , , , , , , , , , , , , , , , , , , , , , , , , , , , , , , , , , , , , , , , , , , , , , , ,2,2, , , , ,2, , , , , , , , , , , , , , , , , , , , , , , , , , , , , , , , , , , , , , , , , , , , , , , , , , , , , , , , , , , , , , ,5, , ,2, , , , , , , , , ,8, , , , , , , , , , , , , , , , , , , , , , , , , , , , , , , , , , , , , ,1/31/2024,1/31/2024,2
1202401,2,.36660631566998,8058060,3,2,1,3,3,2,3,3,4, , , , , , , , , , , , , , , , , , , , , , , , , , , , , , , , , ,3,2,3, , , , , , , , , , , , , , , , , , , , , , , , , , , , , , , , , , , , , , , , , , , , , , , , , , , , , , , , , , , , , , , , , , , , , , , , , , , , , , , , , , , , , , , , , , , , , , , , , , , , , , , , , , , , , , , , , , , , , , , , , , ,3, ,4, ,4, ,4, ,3, ,2, , ,4,3,4,2,3,2,4,9,4,2,1,2,1,1,1,1,3,3,3,9,1,2,3, , ,1,1,99, , , ,2, ,4,7,7, ,8,3,2,2,2,2,2,2,2,2,2,2,9,2,2,1,4, , , , , ,2,4,3,4, , , ,4, , , , , , , , , , ,2, , ,1,2, , , , , , , , , , , , , , , , , , , , , , , , , , , , , , , , , , , , , , , , , , , , , , , , , , , , , , , , , , , , , , , , , , , , , , , , , , , , , , , , , , , , , , , , , , , , , , , , , , , , , , , , , , , , , , , , ,1, ,61, , , , , , , , , , , , , , , , , , , , , , , , , , , , , , , , , , , , , , , ,11, , , , , , , , , , , , , , , , , , , , , , , , , , , , , , , , , ,2, , , , , , ,9, , , , , , , , , , , , , , , , , , , , , , , , , , , , , , , , , , , , , , , , , , , , , , , , , , , , , , , , , , , , , , , , , , , , ,2,2, , , , ,99, , , , , , , , , , , , , , , , , , , , , , , , , , , , ,2, , , , , , , , , , , , , , , , , , , , , , , , , , , , , , , , , ,3, , ,2, , , , , , , , , ,9, , , , , , , , , , , , , , , , , , , , , , , , , , , , , , , , , , , , , ,1/27/2024,1/27/2024,2
1202401,2,1.06521772944153,8058117,2,8,2,2,2,2,2,2,3, , , , , , , , , , , , , , , , , , , , , , , , , , , , , , , , , ,2,2,2, , , , , , , , , , , , , , , , , , , , , , , , , , , , , , , , , , , , , , , , , , , , , , , , , , , , , , , , , , , , , , , , , , , , , , , , , , , , , , , , , , , , , , , , , , , , , , , , , , , , , , , , , , , , , , , , , , , , , , , , , , ,2, ,4, ,3, ,4, ,2, ,2, , ,2,2,2,2,2,2,2,1,2,1,2,2,2,2,2,1,2,3,2,2,2,2,3, , ,1,1,99, , , ,2, ,2,5,5, ,1,2,2,2,2,2,2,2,2,2,2,2,1,1,1,1,2, , , , , ,3,3,3,2,2, , ,2, , , , , , , , , , ,2, , ,2,1, , , , , , , , , , , , , , , , , , , , , , , , , , , , , , , , , , , , , , , , , , , , , , , , , , , , , , , , , , , , , , , , , , , , , , , , , , , , , , , , , , , , , , , , , , , , , , , , , , , , , , , , , , , , , , , , ,2, ,45, , , , , , , , , , , , , , , , , , , , , , , , , , , , , , , , , , , , , , , ,10, , , , , , , , , , , , , , , , , , , , , , , , , , , , , , , , , ,2, , , , , , ,10, , , , , , , , , , , , , , , , , , , , , , , , , , , , , , , , , , , , , , , , , , , , , , , , , , , , , , , , , , , , , , , , , , , , ,5,2, , , , ,1, , , , , , , , , , , , , , , , , , , , , , , , , , , , , , , , , , , , , , , , , , , , , , , , , , , , , , , , , , , , , , ,8, , ,2, , , , , , , , , ,3, , , , , , , , , , , , , , , , , , , , , , , , , , , , , , , , , , , , , ,2/14/2024,2/14/2024,2
1202401,2,.402084737979016,8058121,2,2,2,3,3,1,2,1,4, , , , , , , , , , , , , , , , , , , , , , , , , , , , , , , , , ,3,2,2, , , , , , , , , , , , , , , , , , , , , , , , , , , , , , , , , , , , , , , , , , , , , , , , , , , , , , , , , , , , , , , , , , , , , , , , , , , , , , , , , , , , , , , , , , , , , , , , , , , , , , , , , , , , , , , , , , , , , , , , , , ,3, ,4, ,3, ,4, ,2, ,2, , ,2,3,2,2,3,1,2,2,2,3,1,1,1,2,2,2,1,1,1,1,1,3,3, , ,1,1,99, , , ,2, ,4,7,7, ,2,1,2,2,2,2,2,2,2,2,2,2,2,2,1,2,4, , , , , ,4,4,4,4, , , ,2, , , , , , , , , , ,2, , ,1,2, , , , , , , , , , , , , , , , , , , , , , , , , , , , , , , , , , , , , , , , , , , , , , , , , , , , , , , , , , , , , , , , , , , , , , , , , , , , , , , , , , , , , , , , , , , , , , , , , , , , , , , , , , , , , , , , ,1, ,64, , , , , , , , , , , , , , , , , , , , , , , , , , , , , , , , , , , , , , , ,10, , , , , , , , , , , , , , , , , , , , , , , , , , , , , , , , , ,2, , , , , , ,8, , , , , , , , , , , , , , , , , , , , , , , , , , , , , , , , , , , , , , , , , , , , , , , , , , , , , , , , , , , , , , , , , , , , ,3,3, , , , ,1, , , , , , , , , , , , , , , , , , , , , , , , , , , , , , , , , , , , , , , , , , , , , , , , , , , , , , , , , , , , , , ,4, , ,1, , , , , , , , , ,3, , , , , , , , , , , , , , , , , , , , , , , , , , , , , , , , , , , , , ,1/27/2024,1/27/2024,2
1202401,2,1.46672973772822,8058313,4,1,2,1,2,2,2,3,2, , , , , , , , , , , , , , , , , , , , , , , , , , , , , , , , , ,1,2,2, , , , , , , , , , , , , , , , , , , , , , , , , , , , , , , , , , , , , , , , , , , , , , , , , , , , , , , , , , , , , , , , , , , , , , , , , , , , , , , , , , , , , , , , , , , , , , , , , , , , , , , , , , , , , , , , , , , , , , , , , , ,2, ,1, ,2, ,4, ,1, ,2, , ,1,1,3,1,3,1,1,1,2,1,1,1,2,2,1,2,3,3,1,1,1,1,3, , ,1,2,99, , , ,2, ,1,5,1, ,1,1,1,1,1,2,1,1,2,1,2,2,1,1,2,1,4, , , , , ,4,2,2,4, , , ,3, , , , , , , , , , ,1, , ,1,1, , , , , , , , , , , , , , , , , , , , , , , , , , , , , , , , , , , , , , , , , , , , , , , , , , , , , , , , , , , , , , , , , , , , , , , , , , , , , , , , , , , , , , , , , , , , , , , , , , , , , , , , , , , , , , , , ,1, ,40, , , , , , , , , , , , , , , , , , , , , , , , , , , , , , , , , , , , , , , ,6, , , , , , , , , , , , , , , , , , , , , , , , , , , , , , , , , ,4, , , , , , ,3, , , , , , , , , , , , , , , , , , , , , , , , , , , , , , , , , , , , , , , , , , , , , , , , , , , , , , , , , , , , , , , , , , , , ,7,2, , , , ,1, , , , , , , , , , , , , , , , , , , , , , , , , , , , , , , , , , , , , , , , , , , , , , , , , , , , , , , , , , , , , , ,3, , ,2, , , , , , , , , ,9, , , , , , , , , , , , , , , , , , , , , , , , , , , , , , , , , , , , , ,2/3/2024,2/3/2024,2
1202401,2,.290282818717071,8058346,2,1,1,4,2,2,2,2,4, , , , , , , , , , , , , , , , , , , , , , , , , , , , , , , , , ,1,2,2, , , , , , , , , , , , , , , , , , , , , , , , , , , , , , , , , , , , , , , , , , , , , , , , , , , , , , , , , , , , , , , , , , , , , , , , , , , , , , , , , , , , , , , , , , , , , , , , , , , , , , , , , , , , , , , , , , , , , , , , , , ,3, ,2, ,2, ,2, ,2, ,3, , ,2,2,2,4,4,4,4,3,4,4,1,2,4,1,1,1,1,1,3,4,4,4,2, , ,1,99,99, , , ,2, ,2,5,6, ,1,2,1,2,2,1,1,1,2,2,2,2,1,2,2,1,3, , , , , ,3,1,4,2,1, , ,2, , , , , , , , , , ,2, , ,1,1, , , , , , , , , , , , , , , , , , , , , , , , , , , , , , , , , , , , , , , , , , , , , , , , , , , , , , , , , , , , , , , , , , , , , , , , , , , , , , , , , , , , , , , , , , , , , , , , , , , , , , , , , , , , , , , , ,1, ,39, , , , , , , , , , , , , , , , , , , , , , , , , , , , , , , , , , , , , , , ,11, , , , , , , , , , , , , , , , , , , , , , , , , , , , , , , , , ,3, , , , , , ,4, , , , , , , , , , , , , , , , , , , , , , , , , , , , , , , , , , , , , , , , , , , , , , , , , , , , , , , , , , , , , , , , , , , , ,3,3, , , , ,1, , , , , , , , , , , , , , , , , , , , , , , , , , , , , , , , , , , , , , , , , , , , , , , , , , , , , , , , , , , , , , ,0, , ,1, , , , , , , , , ,3, , , , , , , , , , , , , , , , , , , , , , , , , , , , , , , , , , , , , ,2/8/2024,2/8/2024,2
1202401,2,.826447929428747,8058365,2,2,1,2,3,1,2,1,4, , , , , , , , , , , , , , , , , , , , , , , , , , , , , , , , , ,2,4,2, , , , , , , , , , , , , , , , , , , , , , , , , , , , , , , , , , , , , , , , , , , , , , , , , , , , , , , , , , , , , , , , , , , , , , , , , , , , , , , , , , , , , , , , , , , , , , , , , , , , , , , , , , , , , , , , , , , , , , , , , , ,1, ,4, ,4, ,4, ,2, ,2, , ,2,2,2,1,2,1,2,1,2,1,1,1,2,1,1,1,2,2,2,2,2,2,3, , ,1,1,99, , , ,2, ,3,5,3, ,1,8,2,2,2,2,2,2,2,2,2,2,2,1,2,2,4, , , , , ,4,3,4,4, , , ,2, , , , , , , , , , ,1, , ,2,2, , , , , , , , , , , , , , , , , , , , , , , , , , , , , , , , , , , , , , , , , , , , , , , , , , , , , , , , , , , , , , , , , , , , , , , , , , , , , , , , , , , , , , , , , , , , , , , , , , , , , , , , , , , , , , , , ,1, ,69, , , , , , , , , , , , , , , , , , , , , , , , , , , , , , , , , , , , , , , ,9, , , , , , , , , , , , , , , , , , , , , , , , , , , , , , , , , ,2, , , , , , ,9, , , , , , , , , , , , , , , , , , , , , , , , , , , , , , , , , , , , , , , , , , , , , , , , , , , , , , , , , , , , , , , , , , , , ,2,2, , , , ,1, , , , , , , , , , , , , , , , , , , , , , , , , , , , , , , , , , , , , , , , , , , , , , , , , , , , , , , , , , , , , , ,2, , ,1, , , , , , , , , ,3, , , , , , , , , , , , , , , , , , , , , , , , , , , , , , , , , , , , , ,1/30/2024,1/30/2024,2
1202401,2,1.84245125198985,8058562,3,1,2,3,2,1,2,2,4, , , , , , , , , , , , , , , , , , , , , , , , , , , , , , , , , ,8,8,8, , , , , , , , , , , , , , , , , , , , , , , , , , , , , , , , , , , , , , , , , , , , , , , , , , , , , , , , , , , , , , , , , , , , , , , , , , , , , , , , , , , , , , , , , , , , , , , , , , , , , , , , , , , , , , , , , , , , , , , , , , ,3, ,4, ,2, ,4, ,3, ,2, , ,3,2,3,2,4,1,2,2,2,1,1,1,1,2,1,2,2,1,2,2,2,1,2, , ,1,1,99, , , ,2, ,3,5,5, ,2,8,2,2,2,2,2,2,2,1,2,2,9,1,1,1,4, , , , , ,4,4,3,4, , , ,3, , , , , , , , , , ,2, , ,2,1, , , , , , , , , , , , , , , , , , , , , , , , , , , , , , , , , , , , , , , , , , , , , , , , , , , , , , , , , , , , , , , , , , , , , , , , , , , , , , , , , , , , , , , , , , , , , , , , , , , , , , , , , , , , , , , , ,1, ,20, , , , , , , , , , , , , , , , , , , , , , , , , , , , , , , , , , , , , , , ,6, , , , , , , , , , , , , , , , , , , , , , , , , , , , , , , , , ,3, , , , , , ,9, , , , , , , , , , , , , , , , , , , , , , , , , , , , , , , , , , , , , , , , , , , , , , , , , , , , , , , , , , , , , , , , , , , , ,5,3, , , , ,97, , , , , , , , , , , , , , , , , , , , , , , , , , , , ,2, , , , , , , , , , , , , , , , , , , , , , , , , , , , , , , , , ,3, , ,1, , , , , , , , , ,9, , , , , , , , , , , , , , , , , , , , , , , , , , , , , , , , , , , , , ,2/1/2024,2/1/2024,2
1202401,2,.694519376453412,8059002,4,2,4,1,4,3,3,4,3, , , , , , , , , , , , , , , , , , , , , , , , , , , , , , , , , ,4,3,4, , , , , , , , , , , , , , , , , , , , , , , , , , , , , , , , , , , , , , , , , , , , , , , , , , , , , , , , , , , , , , , , , , , , , , , , , , , , , , , , , , , , , , , , , , , , , , , , , , , , , , , , , , , , , , , , , , , , , , , , , , ,4, ,2, ,4, ,4, ,8, ,4, , ,4,4,4,4,4,1,4,4,2,1,1,1,1,4,4,3,4,2,4,2,1,1,2, , ,1,2,99, , , ,2, ,1,4,1, ,1,1,2,2,2,1,2,2,2,2,2,2,1,1,1,2,2, , , , , ,1,2,1,1,1, , ,4, , , , , , , , , , ,2, , ,2,2, , , , , , , , , , , , , , , , , , , , , , , , , , , , , , , , , , , , , , , , , , , , , , , , , , , , , , , , , , , , , , , , , , , , , , , , , , , , , , , , , , , , , , , , , , , , , , , , , , , , , , , , , , , , , , , , ,2, ,40, , , , , , , , , , , , , , , , , , , , , , , , , , , , , , , , , , , , , , , ,98, , , , , , , , , , , , , , , , , , , , , , , , , , , , , , , , , ,4, , , , , , ,8, , , , , , , , , , , , , , , , , , , , , , , , , , , , , , , , , , , , , , , , , , , , , , , , , , , , , , , , , , , , , , , , , , , , ,3,3, , , , ,6, , , , , , , , , , , , , , , , , , , , , , , , , , , , , , , , , , , , , , , , , , , , , , , , , , , , , , , , , , , , , , ,4, , ,1, , , , , , , , , ,2, , , , , , , , , , , , , , , , , , , , , , , , , , , , , , , , , , , , , ,2/3/2024,2/3/2024,2
1202401,2,1.3800519640716,8059031,3,2,2,3,3,8,8,3,4, , , , , , , , , , , , , , , , , , , , , , , , , , , , , , , , , ,3,4,2, , , , , , , , , , , , , , , , , , , , , , , , , , , , , , , , , , , , , , , , , , , , , , , , , , , , , , , , , , , , , , , , , , , , , , , , , , , , , , , , , , , , , , , , , , , , , , , , , , , , , , , , , , , , , , , , , , , , , , , , , , ,4, ,4, ,4, ,4, ,2, ,2, , ,3,3,3,2,4,1,1,2,3,1,1,1,2,2,2,2,1,1,1,4,1,1,1, , ,7,99,1, , , ,1, ,4,7,7, ,2,4,2,2,2,2,2,2,2,2,2,2,2,2,2,1,4, , , , , ,4,4,4,3, , , ,4, , , , , , , , , , ,2, , ,2,2, , , , , , , , , , , , , , , , , , , , , , , , , , , , , , , , , , , , , , , , , , , , , , , , , , , , , , , , , , , , , , , , , , , , , , , , , , , , , , , , , , , , , , , , , , , , , , , , , , , , , , , , , , , , , , , , ,1, ,99, , , , ,4, , , , , , , , , , , , , , , , , , , , , , , , , , , , , , , , , , ,6, , , , , , , , , , , , , , , , , , , , , , , , , , , , , , , , , ,3, , , , , , ,5, , , , , , , , , , , , , , , , , , , , , , , , , , , , , , , , , , , , , , , , , , , , , , , , , , , , , , , , , , , , , , , , , , , , ,2,2, , , , ,3, , , , , , , , , , , , , , , , , , , , , , , , , , , , , , , , , , , , , , , , , , , , , , , , , , , , , , , , , , , , , , ,2, , ,2, , , , , , , , , ,9, , , , , , , , , , , , , , , , , , , , , , , , , , , , , , , , , , , , , ,2/3/2024,2/3/2024,2
1202401,2,.90559506988632,8059115,3,2,1,2,2,4,4,2,4, , , , , , , , , , , , , , , , , , , , , , , , , , , , , , , , , ,1,4,2, , , , , , , , , , , , , , , , , , , , , , , , , , , , , , , , , , , , , , , , , , , , , , , , , , , , , , , , , , , , , , , , , , , , , , , , , , , , , , , , , , , , , , , , , , , , , , , , , , , , , , , , , , , , , , , , , , , , , , , , , , ,2, ,1, ,2, ,1, ,4, ,3, , ,3,2,2,4,1,1,1,1,1,1,1,1,1,1,1,1,1,1,1,1,1,1,1, , ,1,99,99, , , ,2, ,1,2,1, ,1,1,2,2,2,1,2,2,1,2,2,2,1,1,1,1,4, , , , , ,1,2,2,1,1, , ,4, , , , , , , , , , ,3, , ,2,2, , , , , , , , , , , , , , , , , , , , , , , , , , , , , , , , , , , , , , , , , , , , , , , , , , , , , , , , , , , , , , , , , , , , , , , , , , , , , , , , , , , , , , , , , , , , , , , , , , , , , , , , , , , , , , , , ,2, ,47, , , , , , , , , , , , , , , , , , , , , , , , , , , , , , , , , , , , , , , ,9, , , , , , , , , , , , , , , , , , , , , , , , , , , , , , , , , ,2, , , , , , ,7, , , , , , , , , , , , , , , , , , , , , , , , , , , , , , , , , , , , , , , , , , , , , , , , , , , , , , , , , , , , , , , , , , , , ,1, , , , , ,96, , , , , , , , , , , , , , , , , , , , , , , , , , , , , , , , , , , , , , , , , , , , , , , , , , , , , , , , , , , , , , ,6, , ,1, , , , , , , , , ,3, , , , , , , , , , , , , , , , , , , , , , , , , , , , , , , , , , , , , ,2/10/2024,2/10/2024,2
1202401,2,1.59716833481789,8059450,3,2,2,2,4,2,2,8,4, , , , , , , , , , , , , , , , , , , , , , , , , , , , , , , , , ,2,3,2, , , , , , , , , , , , , , , , , , , , , , , , , , , , , , , , , , , , , , , , , , , , , , , , , , , , , , , , , , , , , , , , , , , , , , , , , , , , , , , , , , , , , , , , , , , , , , , , , , , , , , , , , , , , , , , , , , , , , , , , , , ,2, ,4, ,4, ,4, ,2, ,1, , ,2,2,3,2,3,1,2,1,2,2,1,1,1,1,1,2,1,1,1,3,2,1,2, , ,1,2,99, , , ,2, ,2,7,7, ,1,1,2,1,1,2,1,1,2,2,2,2,1,1,2,2,2, , , , , ,3,2,3,3, , , ,3, , , , , , , , , , ,2, , ,1,2, , , , , , , , , , , , , , , , , , , , , , , , , , , , , , , , , , , , , , , , , , , , , , , , , , , , , , , , , , , , , , , , , , , , , , , , , , , , , , , , , , , , , , , , , , , , , , , , , , , , , , , , , , , , , , , , ,1, ,50, , , , , , , , , , , , , , , , , , , , , , , , , , , , , , , , , , , , , , , ,9, , , , , , , , , , , , , , , , , , , , , , , , , , , , , , , , , ,4, , , , , , ,7, , , , , , , , , , , , , , , , , , , , , , , , , , , , , , , , , , , , , , , , , , , , , , , , , , , , , , , , , , , , , , , , , , , , ,2,2, , , , ,1, , , , , , , , , , , , , , , , , , , , , , , , , , , , , , , , , , , , , , , , , , , , , , , , , , , , , , , , , , , , , , ,3, , ,2, , , , , , , , , ,5, , , , , , , , , , , , , , , , , , , , , , , , , , , , , , , , , , , , , ,2/1/2024,2/1/2024,2
1202401,2,2.0998691333531,8059504,3,2,2,3,3,2,2,2,4, , , , , , , , , , , , , , , , , , , , , , , , , , , , , , , , , ,2,3,2, , , , , , , , , , , , , , , , , , , , , , , , , , , , , , , , , , , , , , , , , , , , , , , , , , , , , , , , , , , , , , , , , , , , , , , , , , , , , , , , , , , , , , , , , , , , , , , , , , , , , , , , , , , , , , , , , , , , , , , , , , ,2, ,3, ,3, ,4, ,2, ,2, , ,2,2,2,2,3,1,3,2,3,3,1,1,1,1,2,1,3,1,2,3,2,1,2, , ,7,99,1, , , ,2, ,4,7,7, ,2,3,1,1,1,1,1,1,2,2,1,2,1,2,2,1,4, , , , , ,4,4,1,4, , , ,2, , , , , , , , , , ,2, , ,2,1, , , , , , , , , , , , , , , , , , , , , , , , , , , , , , , , , , , , , , , , , , , , , , , , , , , , , , , , , , , , , , , , , , , , , , , , , , , , , , , , , , , , , , , , , , , , , , , , , , , , , , , , , , , , , , , , ,2, ,38, , , , , , , , , , , , , , , , , , , , , , , , , , , , , , , , , , , , , , , ,6, , , , , , , , , , , , , , , , , , , , , , , , , , , , , , , , , ,2, , , , , , ,11, , , , , , , , , , , , , , , , , , , , , , , , , , , , , , , , , , , , , , , , , , , , , , , , , , , , , , , , , , , , , , , , , , , , ,4,2, , , , ,1, , , , , , , , , , , , , , , , , , , , , , , , , , , , , , , , , , , , , , , , , , , , , , , , , , , , , , , , , , , , , , ,2, , ,2, , , , , , , , , ,2, , , , , , , , , , , , , , , , , , , , , , , , , , , , , , , , , , , , , ,2/20/2024,2/20/2024,2
1202401,2,2.07162233466899,8059603,3,2,2,2,8,2,2,8,4, , , , , , , , , , , , , , , , , , , , , , , , , , , , , , , , , ,9,9,9, , , , , , , , , , , , , , , , , , , , , , , , , , , , , , , , , , , , , , , , , , , , , , , , , , , , , , , , , , , , , , , , , , , , , , , , , , , , , , , , , , , , , , , , , , , , , , , , , , , , , , , , , , , , , , , , , , , , , , , , , , ,1, ,4, ,4, ,4, ,3, ,3, , ,8,8,8,9,9,2,2,1,2,2,2,4,3,2,1,1,9,9,2,2,4,2,2, , ,1,1,99, , , ,2, ,4,7,7, ,1,3,1,1,2,2,1,1,2,2,2,2,1,2,1,1,4, , , , , ,3,3,3,4, , , ,3, , , , , , , , , , ,2, , ,3,8, , , , , , , , , , , , , , , , , , , , , , , , , , , , , , , , , , , , , , , , , , , , , , , , , , , , , , , , , , , , , , , , , , , , , , , , , , , , , , , , , , , , , , , , , , , , , , , , , , , , , , , , , , , , , , , , ,2, ,40, , , , , , , , , , , , , , , , , , , , , , , , , , , , , , , , , , , , , , , ,5, , , , , , , , , , , , , , , , , , , , , , , , , , , , , , , , , ,4, , , , , , ,2, , , , , , , , , , , , , , , , , , , , , , , , , , , , , , , , , , , , , , , , , , , , , , , , , , , , , , , , , , , , , , , , , , , , ,6,2, , , , ,98, , , , , , , , , , , , , , , , , , , , , , , , , , , , ,9, , , , , , , , , , , , , , , , , , , , , , , , , , , , , , , , , ,9, , ,2, , , , , , , , , ,3, , , , , , , , , , , , , , , , , , , , , , , , , , , , , , , , , , , , , ,1/25/2024,1/25/2024,2
1202401,2,1.62160195849092,8059609,4,2,4,4,3,1,1,3,4, , , , , , , , , , , , , , , , , , , , , , , , , , , , , , , , , ,3,4,2, , , , , , , , , , , , , , , , , , , , , , , , , , , , , , , , , , , , , , , , , , , , , , , , , , , , , , , , , , , , , , , , , , , , , , , , , , , , , , , , , , , , , , , , , , , , , , , , , , , , , , , , , , , , , , , , , , , , , , , , , , ,2, ,4, ,4, ,4, ,2, ,2, , ,3,2,8,2,3,1,1,1,2,2,1,1,1,2,1,1,4,2,1,1,1,1,2, , ,99,99,99, , , ,1, ,1,6,3, ,1,2,1,1,1,1,1,1,2,1,2,1,1,2,2,1,4, , , , , ,3,4,1,4, , , ,2, , , , , , , , , , ,2, , ,2,2, , , , , , , , , , , , , , , , , , , , , , , , , , , , , , , , , , , , , , , , , , , , , , , , , , , , , , , , , , , , , , , , , , , , , , , , , , , , , , , , , , , , , , , , , , , , , , , , , , , , , , , , , , , , , , , , ,2, ,26, , , , , , , , , , , , , , , , , , , , , , , , , , , , , , , , , , , , , , , ,10, , , , , , , , , , , , , , , , , , , , , , , , , , , , , , , , , ,5, , , , , , ,1, , , , , , , , , , , , , , , , , , , , , , , , , , , , , , , , , , , , , , , , , , , , , , , , , , , , , , , , , , , , , , , , , , , , ,4,4, , , , ,3, , , , , , , , , , , , , , , , , , , , , , , , , , , , , , , , , , , , , , , , , , , , , , , , , , , , , , , , , , , , , , ,1, , ,2, , , , , , , , , ,8, , , , , , , , , , , , , , , , , , , , , , , , , , , , , , , , , , , , , ,2/13/2024,2/13/2024,2
1202401,2,2.15950416991608,8059785,4,8,2,3,3,8,4,8,3, , , , , , , , , , , , , , , , , , , , , , , , , , , , , , , , , ,2,2,8, , , , , , , , , , , , , , , , , , , , , , , , , , , , , , , , , , , , , , , , , , , , , , , , , , , , , , , , , , , , , , , , , , , , , , , , , , , , , , , , , , , , , , , , , , , , , , , , , , , , , , , , , , , , , , , , , , , , , , , , , , ,3, ,1, ,2, ,2, ,3, ,2, , ,4,4,3,4,2,3,3,3,2,2,2,1,1,2,2,1,2,2,3,3,3,2,3, , ,1,2,99, , , ,2, ,1,3,1, ,1,1,8,2,2,1,2,2,2,2,2,2,1,1,8,2,1, , , , , ,1,2,1,1,8, , ,2, , , , , , , , , , ,2, , ,2,8, , , , , , , , , , , , , , , , , , , , , , , , , , , , , , , , , , , , , , , , , , , , , , , , , , , , , , , , , , , , , , , , , , , , , , , , , , , , , , , , , , , , , , , , , , , , , , , , , , , , , , , , , , , , , , , , ,1, ,84, , , , , , , , , , , , , , , , , , , , , , , , , , , , , , , , , , , , , , , ,5, , , , , , , , , , , , , , , , , , , , , , , , , , , , , , , , , ,3, , , , , , ,1, , , , , , , , , , , , , , , , , , , , , , , , , , , , , , , , , , , , , , , , , , , , , , , , , , , , , , , , , , , , , , , , , , , , ,1, , , , , ,1, , , , , , , , , , , , , , , , , , , , , , , , , , , , , , , , , , , , , , , , , , , , , , , , , , , , , , , , , , , , , , ,5, , ,2, , , , , , , , , ,9, , , , , , , , , , , , , , , , , , , , , , , , , , , , , , , , , , , , , ,2/2/2024,2/2/2024,2
1202401,2,.761722666846212,8059889,4,2,4,1,4,4,8,4,1, , , , , , , , , , , , , , , , , , , , , , , , , , , , , , , , , ,4,1,4, , , , , , , , , , , , , , , , , , , , , , , , , , , , , , , , , , , , , , , , , , , , , , , , , , , , , , , , , , , , , , , , , , , , , , , , , , , , , , , , , , , , , , , , , , , , , , , , , , , , , , , , , , , , , , , , , , , , , , , , , , ,4, ,1, ,4, ,1, ,4, ,4, , ,4,4,4,4,4,4,1,4,1,4,1,1,1,2,4,1,4,4,2,4,4,1,1, , ,1,1,99, , , ,2, ,4,7,2, ,1,1,1,1,1,1,1,1,1,1,1,1,1,2,2,1,4, , , , , ,4,4,4,4, , , ,2, , , , , , , , , , ,1, , ,1,1, , , , , , , , , , , , , , , , , , , , , , , , , , , , , , , , , , , , , , , , , , , , , , , , , , , , , , , , , , , , , , , , , , , , , , , , , , , , , , , , , , , , , , , , , , , , , , , , , , , , , , , , , , , , , , , , ,1, ,47, , , , , , , , , , , , , , , , , , , , , , , , , , , , , , , , , , , , , , , ,99, , , , , , , , , , , , , , , , , , , , , , , , , , , , , , , , , ,1, , , , , , ,9, , , , , , , , , , , , , , , , , , , , , , , , , , , , , , , , , , , , , , , , , , , , , , , , , , , , , , , , , , , , , , , , , , , , ,1, , , , , ,2, , , , , , , , , , , , , , , , , , , , , , , , , , , , , , , , , , , , , , , , , , , , , , , , , , , , , , , , , , , , , , ,4, , ,2, , , , , , , , , ,3, , , , , , , , , , , , , , , , , , , , , , , , , , , , , , , , , , , , , ,2/2/2024,2/2/2024,2
1202401,2,.258625757265398,8059997,4,2,4,2,2,1,1,2,2, , , , , , , , , , , , , , , , , , , , , , , , , , , , , , , , , ,4,1,3, , , , , , , , , , , , , , , , , , , , , , , , , , , , , , , , , , , , , , , , , , , , , , , , , , , , , , , , , , , , , , , , , , , , , , , , , , , , , , , , , , , , , , , , , , , , , , , , , , , , , , , , , , , , , , , , , , , , , , , , , , ,3, ,2, ,3, ,2, ,3, ,3, , ,3,2,2,3,3,1,2,2,2,2,1,1,1,2,4,2,4,2,2,4,2,1,1, , ,1,1,99, , , ,2, ,2,4,4, ,1,2,1,2,1,1,1,1,1,1,2,1,1,1,1,2,3, , , , , ,3,4,2,4, , , ,4, , , , , , , , , , ,1, , ,2,2, , , , , , , , , , , , , , , , , , , , , , , , , , , , , , , , , , , , , , , , , , , , , , , , , , , , , , , , , , , , , , , , , , , , , , , , , , , , , , , , , , , , , , , , , , , , , , , , , , , , , , , , , , , , , , , , ,1, ,30, , , , , , , , , , , , , , , , , , , , , , , , , , , , , , , , , , , , , , , ,11, , , , , , , , , , , , , , , , , , , , , , , , , , , , , , , , , ,2, , , , , , ,11, , , , , , , , , , , , , , , , , , , , , , , , , , , , , , , , , , , , , , , , , , , , , , , , , , , , , , , , , , , , , , , , , , , , ,3,2, , , , ,2, , , , , , , , , , , , , , , , , , , , , , , , , , , , , , , , , , , , , , , , , , , , , , , , , , , , , , , , , , , , , , ,2, , ,1, , , , , , , , , ,9, , , , , , , , , , , , , , , , , , , , , , , , , , , , , , , , , , , , , ,1/25/2024,1/25/2024,2
1202401,2,.468782638738366,8060066,3,2,2,4,3,2,1,1,4, , , , , , , , , , , , , , , , , , , , , , , , , , , , , , , , , ,1,4,1, , , , , , , , , , , , , , , , , , , , , , , , , , , , , , , , , , , , , , , , , , , , , , , , , , , , , , , , , , , , , , , , , , , , , , , , , , , , , , , , , , , , , , , , , , , , , , , , , , , , , , , , , , , , , , , , , , , , , , , , , , ,1, ,4, ,3, ,4, ,2, ,1, , ,1,1,2,2,2,1,2,2,3,1,2,2,1,2,2,2,3,3,2,2,2,1,3, , ,7,99,1, , , ,1, ,4,6,7, ,2,8,1,2,1,2,2,2,2,2,2,2,1,2,2,1,4, , , , , ,4,4,3,4, , , ,3, , , , , , , , , , ,2, , ,2,2, , , , , , , , , , , , , , , , , , , , , , , , , , , , , , , , , , , , , , , , , , , , , , , , , , , , , , , , , , , , , , , , , , , , , , , , , , , , , , , , , , , , , , , , , , , , , , , , , , , , , , , , , , , , , , , , ,2, ,70, , , , , , , , , , , , , , , , , , , , , , , , , , , , , , , , , , , , , , , ,10, , , , , , , , , , , , , , , , , , , , , , , , , , , , , , , , , ,3, , , , , , ,2, , , , , , , , , , , , , , , , , , , , , , , , , , , , , , , , , , , , , , , , , , , , , , , , , , , , , , , , , , , , , , , , , , , , ,1, , , , , ,1, , , , , , , , , , , , , , , , , , , , , , , , , , , , , , , , , , , , , , , , , , , , , , , , , , , , , , , , , , , , , , ,0, , ,1, , , , , , , , , ,9, , , , , , , , , , , , , , , , , , , , , , , , , , , , , , , , , , , , , ,1/30/2024,1/30/2024,2
1202401,2,.370345642181422,8060072,8,8,1,8,8,8,8,8,8, , , , , , , , , , , , , , , , , , , , , , , , , , , , , , , , , ,8,8,8, , , , , , , , , , , , , , , , , , , , , , , , , , , , , , , , , , , , , , , , , , , , , , , , , , , , , , , , , , , , , , , , , , , , , , , , , , , , , , , , , , , , , , , , , , , , , , , , , , , , , , , , , , , , , , , , , , , , , , , , , , ,3, ,3, ,3, ,2, ,2, ,3, , ,3,3,3,3,3,4,1,1,1,2,2,1,1,1,1,1,1,1,1,1,1,2,2, , ,1,2,99, , , ,2, ,1,2,1, ,1,3,2,1,2,1,2,2,1,2,2,2,1,1,1,8,1, , , , , ,1,1,1,2,1, , ,4, , , , , , , , , , ,2, , ,4, , , , , , , , , , , , , , , , , , , , , , , , , , , , , , , , , , , , , , , , , , , , , , , , , , , , , , , , , , , , , , , , , , , , , , , , , , , , , , , , , , , , , , , , , , , , , , , , , , , , , , , , , , , , , , , , , ,2, ,27, , , , , , , , , , , , , , , , , , , , , , , , , , , , , , , , , , , , , , , ,11, , , , , , , , , , , , , , , , , , , , , , , , , , , , , , , , , ,2, , , , , , ,1, , , , , , , , , , , , , , , , , , , , , , , , , , , , , , , , , , , , , , , , , , , , , , , , , , , , , , , , , , , , , , , , , , , , ,2,2, , , , ,98, , , , , , , , , , , , , , , , , , , , , , , , , , , , ,8, , , , , , , , , , , , , , , , , , , , , , , , , , , , , , , , , ,6, , ,1, , , , , , , , , ,3, , , , , , , , , , , , , , , , , , , , , , , , , , , , , , , , , , , , , ,2/28/2024,2/28/2024,2
1202401,2,1.11374907840251,8060099,4,2,3,1,2,2,2,2,1, , , , , , , , , , , , , , , , , , , , , , , , , , , , , , , , , ,4,2,2, , , , , , , , , , , , , , , , , , , , , , , , , , , , , , , , , , , , , , , , , , , , , , , , , , , , , , , , , , , , , , , , , , , , , , , , , , , , , , , , , , , , , , , , , , , , , , , , , , , , , , , , , , , , , , , , , , , , , , , , , , ,3, ,2, ,2, ,1, ,3, ,4, , ,2,2,3,3,3,2,3,1,3,3,1,1,1,3,3,3,1,1,3,1,1,1,2, , ,99,99,99, , , ,1, ,2,7,7, ,2,2,1,1,1,1,1,2,2,1,1,1,1,2,2,2,4, , , , , ,4,4,2,4, , , ,1, , , , , , , , , , ,2, , ,1,1, , , , , , , , , , , , , , , , , , , , , , , , , , , , , , , , , , , , , , , , , , , , , , , , , , , , , , , , , , , , , , , , , , , , , , , , , , , , , , , , , , , , , , , , , , , , , , , , , , , , , , , , , , , , , , , , ,2, ,32, , , , , , , , , , , , , , , , , , , , , , , , , , , , , , , , , , , , , , , ,10, , , , , , , , , , , , , , , , , , , , , , , , , , , , , , , , , ,2, , , , , , ,2, , , , , , , , , , , , , , , , , , , , , , , , , , , , , , , , , , , , , , , , , , , , , , , , , , , , , , , , , , , , , , , , , , , , ,2,2, , , , ,2, , , , , , , , , , , , , , , , , , , , , , , , , , , , , , , , , , , , , , , , , , , , , , , , , , , , , , , , , , , , , , ,4, , ,2, , , , , , , , , ,3, , , , , , , , , , , , , , , , , , , , , , , , , , , , , , , , , , , , , ,2/14/2024,2/14/2024,2
1202401,2,2.43256932414706,8060129,2,2,2,2,2,2,2,2,2, , , , , , , , , , , , , , , , , , , , , , , , , , , , , , , , , ,2,2,2, , , , , , , , , , , , , , , , , , , , , , , , , , , , , , , , , , , , , , , , , , , , , , , , , , , , , , , , , , , , , , , , , , , , , , , , , , , , , , , , , , , , , , , , , , , , , , , , , , , , , , , , , , , , , , , , , , , , , , , , , , ,3, ,3, ,8, ,4, ,2, ,2, , ,2,2,3,3,3,2,3,2,2,2,1,2,1,2,2,2,2,2,2,2,2,2,3, , ,1,99,99, , , ,2, ,1,3,2, ,1,1,2,2,2,2,2,2,1,1,2,2,1,1,2,2,2, , , , , ,2,2,2,2,1, , ,3, , , , , , , , , , ,2, , ,2,2, , , , , , , , , , , , , , , , , , , , , , , , , , , , , , , , , , , , , , , , , , , , , , , , , , , , , , , , , , , , , , , , , , , , , , , , , , , , , , , , , , , , , , , , , , , , , , , , , , , , , , , , , , , , , , , , ,2, ,18, , , , , , , , , , , , , , , , , , , , , , , , , , , , , , , , , , , , , , , ,6, , , , , , , , , , , , , , , , , , , , , , , , , , , , , , , , , ,2, , , , , , ,9, , , , , , , , , , , , , , , , , , , , , , , , , , , , , , , , , , , , , , , , , , , , , , , , , , , , , , , , , , , , , , , , , , , , ,5,4, , , , ,97, , , , , , , , , , , , , , , , , , , , , , , , , , , , ,2, , , , , , , , , , , , , , , , , , , , , , , , , , , , , , , , , ,4, , ,2, , , , , , , , , ,9, , , , , , , , , , , , , , , , , , , , , , , , , , , , , , , , , , , , , ,1/29/2024,1/29/2024,2
1202401,2,.627051856951891,8060155,2,2,2,3,2,2,2,3,4, , , , , , , , , , , , , , , , , , , , , , , , , , , , , , , , , ,2,3,1, , , , , , , , , , , , , , , , , , , , , , , , , , , , , , , , , , , , , , , , , , , , , , , , , , , , , , , , , , , , , , , , , , , , , , , , , , , , , , , , , , , , , , , , , , , , , , , , , , , , , , , , , , , , , , , , , , , , , , , , , , ,2, ,4, ,3, ,4, ,2, ,2, , ,3,3,3,2,4,1,3,2,4,2,1,2,1,1,1,1,3,1,1,3,2,1,2, , ,1,2,99, , , ,2, ,3,5,6, ,1,4,2,2,2,2,2,2,2,2,2,2,2,1,2,1,4, , , , , ,3,4,3,4, , , ,4, , , , , , , , , , ,3, , ,3,2, , , , , , , , , , , , , , , , , , , , , , , , , , , , , , , , , , , , , , , , , , , , , , , , , , , , , , , , , , , , , , , , , , , , , , , , , , , , , , , , , , , , , , , , , , , , , , , , , , , , , , , , , , , , , , , , ,1, ,32, , , , , , , , , , , , , , , , , , , , , , , , , , , , , , , , , , , , , , , ,10, , , , , , , , , , , , , , , , , , , , , , , , , , , , , , , , , ,2, , , , , , ,10, , , , , , , , , , , , , , , , , , , , , , , , , , , , , , , , , , , , , , , , , , , , , , , , , , , , , , , , , , , , , , , , , , , , ,1, , , , , ,3, , , , , , , , , , , , , , , , , , , , , , , , , , , , , , , , , , , , , , , , , , , , , , , , , , , , , , , , , , , , , , ,1, , ,2, , , , , , , , , ,9, , , , , , , , , , , , , , , , , , , , , , , , , , , , , , , , , , , , , ,2/3/2024,2/3/2024,2
1202401,2,1.49146224677316,8060220,9,3,1,2,1,1,1,1,1, , , , , , , , , , , , , , , , , , , , , , , , , , , , , , , , , ,1,1,4, , , , , , , , , , , , , , , , , , , , , , , , , , , , , , , , , , , , , , , , , , , , , , , , , , , , , , , , , , , , , , , , , , , , , , , , , , , , , , , , , , , , , , , , , , , , , , , , , , , , , , , , , , , , , , , , , , , , , , , , , , ,1, ,1, ,1, ,1, ,1, ,1, , ,1,1,1,1,1,4,4,4,4,4,1,4,1,9,1,1,4,4,4,1,4,4,1, , ,1,1,99, , , ,2, ,1,7,7, ,1,3,1,1,1,2,1,8,2,2,2,2,2,1,1,2,1, , , , , ,1,1,1,1,2, , ,1, , , , , , , , , , ,1, , ,1,1, , , , , , , , , , , , , , , , , , , , , , , , , , , , , , , , , , , , , , , , , , , , , , , , , , , , , , , , , , , , , , , , , , , , , , , , , , , , , , , , , , , , , , , , , , , , , , , , , , , , , , , , , , , , , , , , ,1, ,68, , , , , , , , , , , , , , , , , , , , , , , , , , , , , , , , , , , , , , , ,6, , , , , , , , , , , , , , , , , , , , , , , , , , , , , , , , , ,5, , , , , , ,1, , , , , , , , , , , , , , , , , , , , , , , , , , , , , , , , , , , , , , , , , , , , , , , , , , , , , , , , , , , , , , , , , , , , ,1, , , , , ,2, , , , , , , , , , , , , , , , , , , , , , , , , , , , , , , , , , , , , , , , , , , , , , , , , , , , , , , , , , , , , , ,9, , ,2, , , , , , , , , ,1, , , , , , , , , , , , , , , , , , , , , , , , , , , , , , , , , , , , , ,2/4/2024,2/4/2024,2
1202401,2,.627051856951891,8060283,3,2,3,4,3,2,2,2,4, , , , , , , , , , , , , , , , , , , , , , , , , , , , , , , , , ,2,4,1, , , , , , , , , , , , , , , , , , , , , , , , , , , , , , , , , , , , , , , , , , , , , , , , , , , , , , , , , , , , , , , , , , , , , , , , , , , , , , , , , , , , , , , , , , , , , , , , , , , , , , , , , , , , , , , , , , , , , , , , , , ,3, ,4, ,3, ,4, ,3, ,3, , ,3,4,2,3,3,1,2,2,2,1,3,4,4,1,2,1,4,2,1,4,2,1,2, , ,7,99,2, , , ,2, ,3,7,7, ,2,3,2,2,1,2,2,2,2,2,2,2,2,2,2,1,4, , , , , ,4,4,2,4, , , ,2, , , , , , , , , , ,2, , ,1,2, , , , , , , , , , , , , , , , , , , , , , , , , , , , , , , , , , , , , , , , , , , , , , , , , , , , , , , , , , , , , , , , , , , , , , , , , , , , , , , , , , , , , , , , , , , , , , , , , , , , , , , , , , , , , , , , ,1, ,34, , , , , , , , , , , , , , , , , , , , , , , , , , , , , , , , , , , , , , , ,10, , , , , , , , , , , , , , , , , , , , , , , , , , , , , , , , , ,3, , , , , , ,11, , , , , , , , , , , , , , , , , , , , , , , , , , , , , , , , , , , , , , , , , , , , , , , , , , , , , , , , , , , , , , , , , , , , ,2,2, , , , ,3, , , , , , , , , , , , , , , , , , , , , , , , , , , , , , , , , , , , , , , , , , , , , , , , , , , , , , , , , , , , , , ,2, , ,2, , , , , , , , , ,9, , , , , , , , , , , , , , , , , , , , , , , , , , , , , , , , , , , , , ,2/6/2024,2/6/2024,2
1202401,2,1.16747244293022,8060402,9,8,2,4,8,4,4,4,8, , , , , , , , , , , , , , , , , , , , , , , , , , , , , , , , , ,3,4,2, , , , , , , , , , , , , , , , , , , , , , , , , , , , , , , , , , , , , , , , , , , , , , , , , , , , , , , , , , , , , , , , , , , , , , , , , , , , , , , , , , , , , , , , , , , , , , , , , , , , , , , , , , , , , , , , , , , , , , , , , , ,4, ,4, ,3, ,4, ,4, ,4, , ,4,4,4,4,4,4,4,4,4,3,1,1,1,3,2,2,1,8,4,3,3,8,3, , ,7,99,1, , , ,1, ,8,7,7, ,2,4,2,2,2,2,2,2,2,2,2,2,2,8,2,8,3, , , , , ,4,4,2,4, , , ,4, , , , , , , , , , ,2, , ,2,8, , , , , , , , , , , , , , , , , , , , , , , , , , , , , , , , , , , , , , , , , , , , , , , , , , , , , , , , , , , , , , , , , , , , , , , , , , , , , , , , , , , , , , , , , , , , , , , , , , , , , , , , , , , , , , , , ,2, ,67, , , , , , , , , , , , , , , , , , , , , , , , , , , , , , , , , , , , , , , ,10, , , , , , , , , , , , , , , , , , , , , , , , , , , , , , , , , ,9, , , , , , ,1, , , , , , , , , , , , , , , , , , , , , , , , , , , , , , , , , , , , , , , , , , , , , , , , , , , , , , , , , , , , , , , , , , , , ,1, , , , , ,3, , , , , , , , , , , , , , , , , , , , , , , , , , , , , , , , , , , , , , , , , , , , , , , , , , , , , , , , , , , , , , ,3, , ,2, , , , , , , , , ,8, , , , , , , , , , , , , , , , , , , , , , , , , , , , , , , , , , , , , ,2/20/2024,2/20/2024,2
1202401,2,.796254815037167,8060405,2,1,2,3,3,2,2,2,4, , , , , , , , , , , , , , , , , , , , , , , , , , , , , , , , , ,2,2,2, , , , , , , , , , , , , , , , , , , , , , , , , , , , , , , , , , , , , , , , , , , , , , , , , , , , , , , , , , , , , , , , , , , , , , , , , , , , , , , , , , , , , , , , , , , , , , , , , , , , , , , , , , , , , , , , , , , , , , , , , , ,2, ,4, ,4, ,4, ,2, ,1, , ,8,8,8,8,8,1,1,2,2,1,2,1,2,1,1,1,1,1,1,2,1,1,2, , ,7,99,3, , , ,1, ,4,7,7, ,1,3,1,2,1,1,1,2,2,2,2,2,1,2,2,1,4, , , , , ,4,4,4,4, , , ,1, , , , , , , , , , ,2, , ,2,2, , , , , , , , , , , , , , , , , , , , , , , , , , , , , , , , , , , , , , , , , , , , , , , , , , , , , , , , , , , , , , , , , , , , , , , , , , , , , , , , , , , , , , , , , , , , , , , , , , , , , , , , , , , , , , , , ,2, ,58, , , , , , , , , , , , , , , , , , , , , , , , , , , , , , , , , , , , , , , ,11, , , , , , , , , , , , , , , , , , , , , , , , , , , , , , , , , ,2, , , , , , ,11, , , , , , , , , , , , , , , , , , , , , , , , , , , , , , , , , , , , , , , , , , , , , , , , , , , , , , , , , , , , , , , , , , , , ,2,2, , , , ,97, , , , , , , , , , , , , , , , , , , , , , , , , , , , ,1, , , , ,1, , , , , , , , , , , , , , , , , , , , , , , , , , , , ,8, , ,2, , , , , , , , , ,8, , , , , , , , , , , , , , , , , , , , , , , , , , , , , , , , , , , , , ,1/29/2024,1/29/2024,2
1202401,2,.561319874074628,8060438,3,1,3,2,3,2,2,2,4, , , , , , , , , , , , , , , , , , , , , , , , , , , , , , , , , ,3,1,3, , , , , , , , , , , , , , , , , , , , , , , , , , , , , , , , , , , , , , , , , , , , , , , , , , , , , , , , , , , , , , , , , , , , , , , , , , , , , , , , , , , , , , , , , , , , , , , , , , , , , , , , , , , , , , , , , , , , , , , , , , ,2, ,2, ,4, ,4, ,3, ,3, , ,2,2,2,2,2,2,4,3,4,2,1,1,1,2,1,1,2,2,3,1,1,2,3, , ,7,99,3, , , ,2, ,4,7,6, ,2,3,2,1,1,2,2,1,2,2,2,2,1,1,1,8,4, , , , , ,4,1,1,3, , , ,3, , , , , , , , , , ,1, , ,2,2, , , , , , , , , , , , , , , , , , , , , , , , , , , , , , , , , , , , , , , , , , , , , , , , , , , , , , , , , , , , , , , , , , , , , , , , , , , , , , , , , , , , , , , , , , , , , , , , , , , , , , , , , , , , , , , , ,2, ,53, , , , , , , , , , , , , , , , , , , , , , , , , , , , , , , , , , , , , , , ,11, , , , , , , , , , , , , , , , , , , , , , , , , , , , , , , , , ,3, , , , , , ,7, , , , , , , , , , , , , , , , , , , , , , , , , , , , , , , , , , , , , , , , , , , , , , , , , , , , , , , , , , , , , , , , , , , , ,4,3, , , , ,97, , , , , , , , , , , , , , , , , , , , , , , , , , , , ,1, , , , ,2, , , , , , , , , , , , , , , , , , , , , , , , , , , , ,3, , ,2, , , , , , , , , ,9, , , , , , , , , , , , , , , , , , , , , , , , , , , , , , , , , , , , , ,2/8/2024,2/8/2024,2
1202401,2,1.69748267009004,8060450,2,2,3,2,3,2,2,2,2, , , , , , , , , , , , , , , , , , , , , , , , , , , , , , , , , ,2,2,2, , , , , , , , , , , , , , , , , , , , , , , , , , , , , , , , , , , , , , , , , , , , , , , , , , , , , , , , , , , , , , , , , , , , , , , , , , , , , , , , , , , , , , , , , , , , , , , , , , , , , , , , , , , , , , , , , , , , , , , , , , ,3, ,2, ,2, ,2, ,2, ,2, , ,2,2,3,2,3,1,3,3,2,2,2,2,1,2,2,1,2,3,3,2,3,2,3, , ,7,99,3, , , ,1, ,2,5,5, ,1,2,2,2,2,2,1,2,2,2,2,2,1,1,1,1,3, , , , , ,3,3,3,3, , , ,3, , , , , , , , , , ,3, , ,2,1, , , , , , , , , , , , , , , , , , , , , , , , , , , , , , , , , , , , , , , , , , , , , , , , , , , , , , , , , , , , , , , , , , , , , , , , , , , , , , , , , , , , , , , , , , , , , , , , , , , , , , , , , , , , , , , , ,1, ,43, , , , , , , , , , , , , , , , , , , , , , , , , , , , , , , , , , , , , , , ,7, , , , , , , , , , , , , , , , , , , , , , , , , , , , , , , , , ,2, , , , , , ,11, , , , , , , , , , , , , , , , , , , , , , , , , , , , , , , , , , , , , , , , , , , , , , , , , , , , , , , , , , , , , , , , , , , , ,4,2, , , , ,97, , , , , , , , , , , , , , , , , , , , , , , , , , , , ,2, , , , , , , , , , , , , , , , , , , , , , , , , , , , , , , , , ,3, , ,2, , , , , , , , , ,5, , , , , , , , , , , , , , , , , , , , , , , , , , , , , , , , , , , , , ,2/8/2024,2/8/2024,2
1202401,2,2.43256932414706,8060765,3,2,2,2,3,1,1,1,4, , , , , , , , , , , , , , , , , , , , , , , , , , , , , , , , , ,3,1,3, , , , , , , , , , , , , , , , , , , , , , , , , , , , , , , , , , , , , , , , , , , , , , , , , , , , , , , , , , , , , , , , , , , , , , , , , , , , , , , , , , , , , , , , , , , , , , , , , , , , , , , , , , , , , , , , , , , , , , , , , , ,2, ,2, ,4, ,4, ,3, ,1, , ,2,1,3,3,2,2,4,3,3,1,2,1,1,2,1,1,4,4,3,2,2,2,2, , ,7,99,3, , , ,2, ,4,7,4, ,2,4,1,2,1,2,9,2,2,1,2,1,2,9,2,1,4, , , , , ,3,3,4,4, , , ,3, , , , , , , , , , ,2, , ,3,2, , , , , , , , , , , , , , , , , , , , , , , , , , , , , , , , , , , , , , , , , , , , , , , , , , , , , , , , , , , , , , , , , , , , , , , , , , , , , , , , , , , , , , , , , , , , , , , , , , , , , , , , , , , , , , , , ,1, ,23, , , , , , , , , , , , , , , , , , , , , , , , , , , , , , , , , , , , , , , ,6, , , , , , , , , , , , , , , , , , , , , , , , , , , , , , , , , ,5, , , , , , ,1, , , , , , , , , , , , , , , , , , , , , , , , , , , , , , , , , , , , , , , , , , , , , , , , , , , , , , , , , , , , , , , , , , , , ,4,2, , , , ,2, , , , , , , , , , , , , , , , , , , , , , , , , , , , , , , , , , , , , , , , , , , , , , , , , , , , , , , , , , , , , , ,9, , ,2, , , , , , , , , ,8, , , , , , , , , , , , , , , , , , , , , , , , , , , , , , , , , , , , , ,2/2/2024,2/2/2024,2
1202401,2,.578433542257229,8060821,2,2,2,2,8,2,2,2,9, , , , , , , , , , , , , , , , , , , , , , , , , , , , , , , , , ,9,9,9, , , , , , , , , , , , , , , , , , , , , , , , , , , , , , , , , , , , , , , , , , , , , , , , , , , , , , , , , , , , , , , , , , , , , , , , , , , , , , , , , , , , , , , , , , , , , , , , , , , , , , , , , , , , , , , , , , , , , , , , , , ,2, ,4, ,2, ,4, ,2, ,2, , ,2,2,8,2,8,2,3,3,3,3,1,1,1,1,1,1,3,2,3,4,3,3,3, , ,7,99,3, , , ,1, ,3,5,7, ,2,2,2,2,2,2,2,2,2,2,2,2,2,2,2,1,4, , , , , ,2,4,3,4, , , ,3, , , , , , , , , , ,2, , ,2,3, , , , , , , , , , , , , , , , , , , , , , , , , , , , , , , , , , , , , , , , , , , , , , , , , , , , , , , , , , , , , , , , , , , , , , , , , , , , , , , , , , , , , , , , , , , , , , , , , , , , , , , , , , , , , , , , ,1, ,33, , , , , , , , , , , , , , , , , , , , , , , , , , , , , , , , , , , , , , , ,10, , , , , , , , , , , , , , , , , , , , , , , , , , , , , , , , , ,2, , , , , , ,11, , , , , , , , , , , , , , , , , , , , , , , , , , , , , , , , , , , , , , , , , , , , , , , , , , , , , , , , , , , , , , , , , , , , ,2,2, , , , ,3, , , , , , , , , , , , , , , , , , , , , , , , , , , , , , , , , , , , , , , , , , , , , , , , , , , , , , , , , , , , , , ,3, , ,2, , , , , , , , , ,3, , , , , , , , , , , , , , , , , , , , , , , , , , , , , , , , , , , , , ,4/17/2024,4/17/2024,2
1202401,2,.444999508362408,8060865,3,2,2,3,2,2,3,3,2, , , , , , , , , , , , , , , , , , , , , , , , , , , , , , , , , ,3,2,3, , , , , , , , , , , , , , , , , , , , , , , , , , , , , , , , , , , , , , , , , , , , , , , , , , , , , , , , , , , , , , , , , , , , , , , , , , , , , , , , , , , , , , , , , , , , , , , , , , , , , , , , , , , , , , , , , , , , , , , , , , ,3, ,3, ,2, ,1, ,2, ,4, , ,4,3,2,3,4,4,4,3,4,4,1,1,1,4,2,1,1,2,4,1,2,2,3, , ,1,99,99, , , ,2, ,4,7,7, ,2,2,1,1,1,2,1,1,2,2,2,2,1,2,2,1,3, , , , , ,4,4,4,4, , , ,2, , , , , , , , , , ,2, , ,4, , , , , , , , , , , , , , , , , , , , , , , , , , , , , , , , , , , , , , , , , , , , , , , , , , , , , , , , , , , , , , , , , , , , , , , , , , , , , , , , , , , , , , , , , , , , , , , , , , , , , , , , , , , , , , , , , ,1, ,60, , , , , , , , , , , , , , , , , , , , , , , , , , , , , , , , , , , , , , , ,10, , , , , , , , , , , , , , , , , , , , , , , , , , , , , , , , , ,2, , , , , , ,10, , , , , , , , , , , , , , , , , , , , , , , , , , , , , , , , , , , , , , , , , , , , , , , , , , , , , , , , , , , , , , , , , , , , ,4,4, , , , ,1, , , , , , , , , , , , , , , , , , , , , , , , , , , , , , , , , , , , , , , , , , , , , , , , , , , , , , , , , , , , , , ,3, , ,1, , , , , , , , , ,3, , , , , , , , , , , , , , , , , , , , , , , , , , , , , , , , , , , , , ,2/10/2024,2/10/2024,2
1202401,2,.290568824232012,8060878,3,2,4,2,3,4,4,3,2, , , , , , , , , , , , , , , , , , , , , , , , , , , , , , , , , ,4,1,4, , , , , , , , , , , , , , , , , , , , , , , , , , , , , , , , , , , , , , , , , , , , , , , , , , , , , , , , , , , , , , , , , , , , , , , , , , , , , , , , , , , , , , , , , , , , , , , , , , , , , , , , , , , , , , , , , , , , , , , , , , ,4, ,1, ,3, ,2, ,4, ,4, , ,4,4,4,4,4,1,4,3,4,1,1,1,1,4,4,4,2,2,4,1,1,1,2, , ,1,2,99, , , ,1, ,2,5,1, ,1,2,1,2,1,2,1,1,2,2,2,2,1,1,1,2,3, , , , , ,3,3,2,2,2, , ,4, , , , , , , , , , ,2, , ,1,2, , , , , , , , , , , , , , , , , , , , , , , , , , , , , , , , , , , , , , , , , , , , , , , , , , , , , , , , , , , , , , , , , , , , , , , , , , , , , , , , , , , , , , , , , , , , , , , , , , , , , , , , , , , , , , , , ,1, ,50, , , , , , , , , , , , , , , , , , , , , , , , , , , , , , , , , , , , , , , ,10, , , , , , , , , , , , , , , , , , , , , , , , , , , , , , , , , ,3, , , , , , ,9, , , , , , , , , , , , , , , , , , , , , , , , , , , , , , , , , , , , , , , , , , , , , , , , , , , , , , , , , , , , , , , , , , , , ,4,2, , , , ,2, , , , , , , , , , , , , , , , , , , , , , , , , , , , , , , , , , , , , , , , , , , , , , , , , , , , , , , , , , , , , , ,5, , ,1, , , , , , , , , ,9, , , , , , , , , , , , , , , , , , , , , , , , , , , , , , , , , , , , , ,2/3/2024,2/3/2024,2
1202401,2,2.43256932414706,8060944,2,2,2,2,2,2,2,2,3, , , , , , , , , , , , , , , , , , , , , , , , , , , , , , , , , ,3,3,3, , , , , , , , , , , , , , , , , , , , , , , , , , , , , , , , , , , , , , , , , , , , , , , , , , , , , , , , , , , , , , , , , , , , , , , , , , , , , , , , , , , , , , , , , , , , , , , , , , , , , , , , , , , , , , , , , , , , , , , , , , ,3, ,3, ,2, ,3, ,2, ,2, , ,3,3,9,2,2,2,4,3,3,3,1,2,3,2,2,2,1,2,2,3,2,3,3, , ,7,99,3, , , ,1, ,3,6,7, ,1,2,2,2,2,1,1,1,2,2,2,2,1,2,2,1,4, , , , , ,4,4,4,4, , , ,4, , , , , , , , , , ,2, , ,3,2, , , , , , , , , , , , , , , , , , , , , , , , , , , , , , , , , , , , , , , , , , , , , , , , , , , , , , , , , , , , , , , , , , , , , , , , , , , , , , , , , , , , , , , , , , , , , , , , , , , , , , , , , , , , , , , , ,2, ,18, , , , , , , , , , , , , , , , , , , , , , , , , , , , , , , , , , , , , , , ,6, , , , , , , , , , , , , , , , , , , , , , , , , , , , , , , , , ,3, , , , , , ,2, , , , , , , , , , , , , , , , , , , , , , , , , , , , , , , , , , , , , , , , , , , , , , , , , , , , , , , , , , , , , , , , , , , , ,4,3, , , , ,97, , , , , , , , , , , , , , , , , , , , , , , , , , , , ,1, , , , ,2, , , , , , , , , , , , , , , , , , , , , , , , , , , , ,3, , ,2, , , , , , , , , ,9, , , , , , , , , , , , , , , , , , , , , , , , , , , , , , , , , , , , , ,1/27/2024,1/27/2024,2
1202401,2,1.98192141315657,8061152,2,2,1,4,1,2,4,2,4, , , , , , , , , , , , , , , , , , , , , , , , , , , , , , , , , ,2,3,2, , , , , , , , , , , , , , , , , , , , , , , , , , , , , , , , , , , , , , , , , , , , , , , , , , , , , , , , , , , , , , , , , , , , , , , , , , , , , , , , , , , , , , , , , , , , , , , , , , , , , , , , , , , , , , , , , , , , , , , , , , ,4, ,4, ,4, ,4, ,4, ,4, , ,2,1,2,2,2,2,3,1,2,3,1,1,1,2,2,3,4,1,1,3,1,2,1, , ,99,99,99, , , ,2, ,3,7,1, ,2,4,1,2,1,2,2,2,1,1,2,2,2,2,2,1,4, , , , , ,4,2,2,3, , , ,2, , , , , , , , , , ,3, , ,2,3, , , , , , , , , , , , , , , , , , , , , , , , , , , , , , , , , , , , , , , , , , , , , , , , , , , , , , , , , , , , , , , , , , , , , , , , , , , , , , , , , , , , , , , , , , , , , , , , , , , , , , , , , , , , , , , , ,1, ,49, , , , , , , , , , , , , , , , , , , , , , , , , , , , , , , , , , , , , , , ,6, , , , , , , , , , , , , , , , , , , , , , , , , , , , , , , , , ,2, , , , , , ,11, , , , , , , , , , , , , , , , , , , , , , , , , , , , , , , , , , , , , , , , , , , , , , , , , , , , , , , , , , , , , , , , , , , , ,4,3, , , , ,97, , , , , , , , , , , , , , , , , , , , , , , , , , , , ,2, , , , , , , , , , , , , , , , , , , , , , , , , , , , , , , , , ,3, , ,2, , , , , , , , , ,8, , , , , , , , , , , , , , , , , , , , , , , , , , , , , , , , , , , , , ,1/26/2024,1/26/2024,2
1202401,2,1.78035900661028,8061365,4,2,4,2,4,4,4,4,4, , , , , , , , , , , , , , , , , , , , , , , , , , , , , , , , , ,4,1,4, , , , , , , , , , , , , , , , , , , , , , , , , , , , , , , , , , , , , , , , , , , , , , , , , , , , , , , , , , , , , , , , , , , , , , , , , , , , , , , , , , , , , , , , , , , , , , , , , , , , , , , , , , , , , , , , , , , , , , , , , , ,4, ,1, ,4, ,4, ,2, ,2, , ,4,4,4,4,4,2,4,2,2,1,1,1,1,3,3,3,2,1,1,1,1,1,1, , ,1,1,99, , , ,2, ,2,6,5, ,1,2,2,1,1,1,1,1,2,2,2,1,1,1,1,2,4, , , , , ,2,2,1,4, , , ,2, , , , , , , , , , ,3, , ,4, , , , , , , , , , , , , , , , , , , , , , , , , , , , , , , , , , , , , , , , , , , , , , , , , , , , , , , , , , , , , , , , , , , , , , , , , , , , , , , , , , , , , , , , , , , , , , , , , , , , , , , , , , , , , , , , , ,2, ,62, , , , , , , , , , , , , , , , , , , , , , , , , , , , , , , , , , , , , , , ,6, , , , , , , , , , , , , , , , , , , , , , , , , , , , , , , , , ,3, , , , , , ,8, , , , , , , , , , , , , , , , , , , , , , , , , , , , , , , , , , , , , , , , , , , , , , , , , , , , , , , , , , , , , , , , , , , , ,5,5, , , , ,2, , , , , , , , , , , , , , , , , , , , , , , , , , , , , , , , , , , , , , , , , , , , , , , , , , , , , , , , , , , , , , ,3, , ,1, , , , , , , , , ,3, , , , , , , , , , , , , , , , , , , , , , , , , , , , , , , , , , , , , ,2/7/2024,2/7/2024,2
1202401,2,.918258513413267,8061654,3,2,4,3,3,4,2,2,4, , , , , , , , , , , , , , , , , , , , , , , , , , , , , , , , , ,3,3,4, , , , , , , , , , , , , , , , , , , , , , , , , , , , , , , , , , , , , , , , , , , , , , , , , , , , , , , , , , , , , , , , , , , , , , , , , , , , , , , , , , , , , , , , , , , , , , , , , , , , , , , , , , , , , , , , , , , , , , , , , , ,2, ,4, ,4, ,4, ,2, ,2, , ,3,4,4,4,4,1,2,2,3,1,1,1,1,2,1,1,1,1,1,4,2,1,2, , ,7,99,3, , , ,2, ,4,5,6, ,2,1,2,2,1,2,1,1,2,2,2,2,1,2,2,1,4, , , , , ,4,4,4,3, , , ,2, , , , , , , , , , ,3, , ,1,2, , , , , , , , , , , , , , , , , , , , , , , , , , , , , , , , , , , , , , , , , , , , , , , , , , , , , , , , , , , , , , , , , , , , , , , , , , , , , , , , , , , , , , , , , , , , , , , , , , , , , , , , , , , , , , , , ,2, ,43, , , , , , , , , , , , , , , , , , , , , , , , , , , , , , , , , , , , , , , ,10, , , , , , , , , , , , , , , , , , , , , , , , , , , , , , , , , ,4, , , , , , ,99,9, , , , , , , , , , , , , , , , , , , , , , , , , , , , , , , , , , , , , , , , , , , , , , , , , , , , , , , , , , , , , , , , , , , ,5,2, , , , ,5, , , , , , , , , , , , , , , , , , , , , , , , , , , , , , , , , , , , , , , , , , , , , , , , , , , , , , , , , , , , , , ,3, , ,2, , , , , , , , , ,9, , , , , , , , , , , , , , , , , , , , , , , , , , , , , , , , , , , , , ,2/6/2024,2/6/2024,2
1202401,2,.44489701583524,8061758,1,2,1,2,4,1,1,1,4, , , , , , , , , , , , , , , , , , , , , , , , , , , , , , , , , ,1,4,2, , , , , , , , , , , , , , , , , , , , , , , , , , , , , , , , , , , , , , , , , , , , , , , , , , , , , , , , , , , , , , , , , , , , , , , , , , , , , , , , , , , , , , , , , , , , , , , , , , , , , , , , , , , , , , , , , , , , , , , , , , ,1, ,4, ,3, ,4, ,2, ,1, , ,2,2,8,2,2,2,2,3,3,1,1,9,4,1,1,1,1,2,3,2,1,8,4, , ,1,2,99, , , ,2, ,2,4,6, ,1,2,1,2,1,2,1,2,2,2,2,2,1,1,2,2,4, , , , , ,4,2,2,4, , , ,4, , , , , , , , , , ,2, , ,2,8, , , , , , , , , , , , , , , , , , , , , , , , , , , , , , , , , , , , , , , , , , , , , , , , , , , , , , , , , , , , , , , , , , , , , , , , , , , , , , , , , , , , , , , , , , , , , , , , , , , , , , , , , , , , , , , , ,2, ,99, , , , ,4, , , , , , , , , , , , , , , , , , , , , , , , , , , , , , , , , , ,10, , , , , , , , , , , , , , , , , , , , , , , , , , , , , , , , , ,2, , , , , , ,6, , , , , , , , , , , , , , , , , , , , , , , , , , , , , , , , , , , , , , , , , , , , , , , , , , , , , , , , , , , , , , , , , , , , ,2,2, , , , ,1, , , , , , , , , , , , , , , , , , , , , , , , , , , , , , , , , , , , , , , , , , , , , , , , , , , , , , , , , , , , , , ,3, , ,1, , , , , , , , , ,9, , , , , , , , , , , , , , , , , , , , , , , , , , , , , , , , , , , , , ,4/19/2024,4/19/2024,2
1202401,2,.553228439389457,8061887,2,2,2,9,9,9,2,9,9, , , , , , , , , , , , , , , , , , , , , , , , , , , , , , , , , ,9,9,8, , , , , , , , , , , , , , , , , , , , , , , , , , , , , , , , , , , , , , , , , , , , , , , , , , , , , , , , , , , , , , , , , , , , , , , , , , , , , , , , , , , , , , , , , , , , , , , , , , , , , , , , , , , , , , , , , , , , , , , , , , ,9, ,9, ,9, ,9, ,9, ,9, , ,9,9,9,9,9,2,1,1,1,1,2,2,2,1,1,1,1,1,1,1,1,1,2, , ,99,99,99, , , ,2, ,9,99,9, ,1,4,8,8,8,2,8,2,9,9,9,9,1,8,1,2,4, , , , , ,4,4,4,9, , , ,8, , , , , , , , , , ,8, , ,2,8, , , , , , , , , , , , , , , , , , , , , , , , , , , , , , , , , , , , , , , , , , , , , , , , , , , , , , , , , , , , , , , , , , , , , , , , , , , , , , , , , , , , , , , , , , , , , , , , , , , , , , , , , , , , , , , , ,1, ,99, , , , ,3, , , , , , , , , , , , , , , , , , , , , , , , , , , , , , , , , , ,10, , , , , , , , , , , , , , , , , , , , , , , , , , , , , , , , , ,8, , , , , , ,9, , , , , , , , , , , , , , , , , , , , , , , , , , , , , , , , , , , , , , , , , , , , , , , , , , , , , , , , , , , , , , , , , , , , ,5,3, , , , ,97, , , , , , , , , , , , , , , , , , , , , , , , , , , , ,2, , , , , , , , , , , , , , , , , , , , , , , , , , , , , , , , , ,9, , ,2, , , , , , , , , ,3, , , , , , , , , , , , , , , , , , , , , , , , , , , , , , , , , , , , , ,2/11/2024,2/11/2024,2
1202401,2,.36660631566998,8062008,3,8,3,3,3,2,2,2,4, , , , , , , , , , , , , , , , , , , , , , , , , , , , , , , , , ,3,3,3, , , , , , , , , , , , , , , , , , , , , , , , , , , , , , , , , , , , , , , , , , , , , , , , , , , , , , , , , , , , , , , , , , , , , , , , , , , , , , , , , , , , , , , , , , , , , , , , , , , , , , , , , , , , , , , , , , , , , , , , , , ,3, ,4, ,4, ,4, ,2, ,2, , ,3,3,2,3,2,2,2,2,8,1,1,1,1,1,1,2,3,2,2,4,1,1,3, , ,7,99,1, , , ,1, ,4,6,7, ,2,4,2,2,8,2,2,2,2,2,2,2,2,2,2,1,4, , , , , ,4,4,4,4, , , ,2, , , , , , , , , , ,2, , ,8, , , , , , , , , , , , , , , , , , , , , , , , , , , , , , , , , , , , , , , , , , , , , , , , , , , , , , , , , , , , , , , , , , , , , , , , , , , , , , , , , , , , , , , , , , , , , , , , , , , , , , , , , , , , , , , , , ,1, ,50, , , , , , , , , , , , , , , , , , , , , , , , , , , , , , , , , , , , , , , ,11, , , , , , , , , , , , , , , , , , , , , , , , , , , , , , , , , ,2, , , , , , ,11, , , , , , , , , , , , , , , , , , , , , , , , , , , , , , , , , , , , , , , , , , , , , , , , , , , , , , , , , , , , , , , , , , , , ,5,3, , , , ,5, , , , , , , , , , , , , , , , , , , , , , , , , , , , , , , , , , , , , , , , , , , , , , , , , , , , , , , , , , , , , , ,2, , ,2, , , , , , , , , ,9, , , , , , , , , , , , , , , , , , , , , , , , , , , , , , , , , , , , , ,2/11/2024,2/11/2024,2
1202401,2,.36660631566998,8062129,4,2,3,2,3,2,3,1,4, , , , , , , , , , , , , , , , , , , , , , , , , , , , , , , , , ,4,1,3, , , , , , , , , , , , , , , , , , , , , , , , , , , , , , , , , , , , , , , , , , , , , , , , , , , , , , , , , , , , , , , , , , , , , , , , , , , , , , , , , , , , , , , , , , , , , , , , , , , , , , , , , , , , , , , , , , , , , , , , , , ,4, ,2, ,2, ,4, ,2, ,2, , ,2,3,3,2,1,1,3,2,3,3,1,2,1,2,3,4,2,1,1,2,2,2,2, , ,1,1,99, , , ,2, ,2,5,3, ,1,2,2,2,1,2,1,2,2,2,2,2,1,2,2,2,3, , , , , ,3,3,1,2,2, , ,3, , , , , , , , , , ,2, , ,2,2, , , , , , , , , , , , , , , , , , , , , , , , , , , , , , , , , , , , , , , , , , , , , , , , , , , , , , , , , , , , , , , , , , , , , , , , , , , , , , , , , , , , , , , , , , , , , , , , , , , , , , , , , , , , , , , , ,1, ,58, , , , , , , , , , , , , , , , , , , , , , , , , , , , , , , , , , , , , , , ,11, , , , , , , , , , , , , , , , , , , , , , , , , , , , , , , , , ,2, , , , , , ,11, , , , , , , , , , , , , , , , , , , , , , , , , , , , , , , , , , , , , , , , , , , , , , , , , , , , , , , , , , , , , , , , , , , , ,2,2, , , , ,2, , , , , , , , , , , , , , , , , , , , , , , , , , , , , , , , , , , , , , , , , , , , , , , , , , , , , , , , , , , , , , ,4, , ,2, , , , , , , , , ,9, , , , , , , , , , , , , , , , , , , , , , , , , , , , , , , , , , , , , ,2/1/2024,2/1/2024,2
1202401,2,2.43256932414706,8062238,4,2,3,2,2,2,2,2,4, , , , , , , , , , , , , , , , , , , , , , , , , , , , , , , , , ,3,4,1, , , , , , , , , , , , , , , , , , , , , , , , , , , , , , , , , , , , , , , , , , , , , , , , , , , , , , , , , , , , , , , , , , , , , , , , , , , , , , , , , , , , , , , , , , , , , , , , , , , , , , , , , , , , , , , , , , , , , , , , , , ,4, ,4, ,4, ,4, ,4, ,2, , ,3,4,3,3,4,1,3,1,1,3,1,2,1,2,2,2,3,1,1,2,2,1,2, , ,7,99,1, , , ,1, ,4,7,7, ,2,3,2,2,2,2,2,2,2,2,1,2,2,2,2,1,4, , , , , ,4,4,1,4, , , ,3, , , , , , , , , , ,2, , ,2,2, , , , , , , , , , , , , , , , , , , , , , , , , , , , , , , , , , , , , , , , , , , , , , , , , , , , , , , , , , , , , , , , , , , , , , , , , , , , , , , , , , , , , , , , , , , , , , , , , , , , , , , , , , , , , , , , ,2, ,20, , , , , , , , , , , , , , , , , , , , , , , , , , , , , , , , , , , , , , , ,6, , , , , , , , , , , , , , , , , , , , , , , , , , , , , , , , , ,3, , , , , , ,7, , , , , , , , , , , , , , , , , , , , , , , , , , , , , , , , , , , , , , , , , , , , , , , , , , , , , , , , , , , , , , , , , , , , ,3,3, , , , ,3, , , , , , , , , , , , , , , , , , , , , , , , , , , , , , , , , , , , , , , , , , , , , , , , , , , , , , , , , , , , , , ,0, , ,2, , , , , , , , , ,6, , , , , , , , , , , , , , , , , , , , , , , , , , , , , , , , , , , , , ,2/3/2024,2/3/2024,2
1202401,2,.657191721122012,8062367,2,1,1,2,3,2,2,1,4, , , , , , , , , , , , , , , , , , , , , , , , , , , , , , , , , ,2,4,2, , , , , , , , , , , , , , , , , , , , , , , , , , , , , , , , , , , , , , , , , , , , , , , , , , , , , , , , , , , , , , , , , , , , , , , , , , , , , , , , , , , , , , , , , , , , , , , , , , , , , , , , , , , , , , , , , , , , , , , , , , ,1, ,4, ,3, ,4, ,2, ,1, , ,2,2,2,2,2,1,2,1,3,1,2,2,2,1,1,1,2,2,2,2,2,2,3, , ,7,99,3, , , ,1, ,4,7,7, ,2,2,2,2,2,1,2,2,2,2,2,2,2,2,2,1,4, , , , , ,4,4,4,4, , , ,3, , , , , , , , , , ,2, , ,2,1, , , , , , , , , , , , , , , , , , , , , , , , , , , , , , , , , , , , , , , , , , , , , , , , , , , , , , , , , , , , , , , , , , , , , , , , , , , , , , , , , , , , , , , , , , , , , , , , , , , , , , , , , , , , , , , , ,1, ,79, , , , , , , , , , , , , , , , , , , , , , , , , , , , , , , , , , , , , , , ,9, , , , , , , , , , , , , , , , , , , , , , , , , , , , , , , , , ,3, , , , , , ,11, , , , , , , , , , , , , , , , , , , , , , , , , , , , , , , , , , , , , , , , , , , , , , , , , , , , , , , , , , , , , , , , , , , , ,2,2, , , , ,97, , , , , , , , , , , , , , , , , , , , , , , , , , , , ,2, , , , , , , , , , , , , , , , , , , , , , , , , , , , , , , , , ,5, , ,1, , , , , , , , , ,3, , , , , , , , , , , , , , , , , , , , , , , , , , , , , , , , , , , , , ,2/8/2024,2/8/2024,2
1202401,2,.698468366303079,8062370,2,2,2,2,2,2,2,2,2, , , , , , , , , , , , , , , , , , , , , , , , , , , , , , , , , ,4,1,8, , , , , , , , , , , , , , , , , , , , , , , , , , , , , , , , , , , , , , , , , , , , , , , , , , , , , , , , , , , , , , , , , , , , , , , , , , , , , , , , , , , , , , , , , , , , , , , , , , , , , , , , , , , , , , , , , , , , , , , , , , ,2, ,3, ,3, ,2, ,2, ,3, , ,2,2,3,2,4,1,1,1,3,1,1,1,1,2,2,2,1,1,4,1,1,1,2, , ,7,99,3, , , ,2, ,4,7,7, ,2,1,2,2,2,2,2,2,2,2,2,2,8,8,8,8,4, , , , , ,4,4,4,4, , , ,4, , , , , , , , , , ,3, , ,3,1, , , , , , , , , , , , , , , , , , , , , , , , , , , , , , , , , , , , , , , , , , , , , , , , , , , , , , , , , , , , , , , , , , , , , , , , , , , , , , , , , , , , , , , , , , , , , , , , , , , , , , , , , , , , , , , , ,1, ,99, , , , ,3, , , , , , , , , , , , , , , , , , , , , , , , , , , , , , , , , , ,8, , , , , , , , , , , , , , , , , , , , , , , , , , , , , , , , , ,3, , , , , , ,8, , , , , , , , , , , , , , , , , , , , , , , , , , , , , , , , , , , , , , , , , , , , , , , , , , , , , , , , , , , , , , , , , , , , ,5,2, , , , ,2, , , , , , , , , , , , , , , , , , , , , , , , , , , , , , , , , , , , , , , , , , , , , , , , , , , , , , , , , , , , , , ,3, , ,1, , , , , , , , , ,3, , , , , , , , , , , , , , , , , , , , , , , , , , , , , , , , , , , , , ,2/7/2024,2/7/2024,2
1202401,2,1.03760190408884,8062389,4,2,8,2,4,2,3,3,3, , , , , , , , , , , , , , , , , , , , , , , , , , , , , , , , , ,1,3,3, , , , , , , , , , , , , , , , , , , , , , , , , , , , , , , , , , , , , , , , , , , , , , , , , , , , , , , , , , , , , , , , , , , , , , , , , , , , , , , , , , , , , , , , , , , , , , , , , , , , , , , , , , , , , , , , , , , , , , , , , , ,1, ,4, ,4, ,4, ,2, ,2, , ,2,2,2,2,2,1,4,1,1,2,4,4,2,2,2,2,2,1,1,1,3,1,2, , ,99,99,99, , , ,1, ,1,7,1, ,1,1,1,1,1,1,1,2,1,1,2,1,1,1,2,2,1, , , , , ,4,1,1,2,1, , ,3, , , , , , , , , , ,2, , ,2,2, , , , , , , , , , , , , , , , , , , , , , , , , , , , , , , , , , , , , , , , , , , , , , , , , , , , , , , , , , , , , , , , , , , , , , , , , , , , , , , , , , , , , , , , , , , , , , , , , , , , , , , , , , , , , , , , ,2, ,37, , , , , , , , , , , , , , , , , , , , , , , , , , , , , , , , , , , , , , , ,10, , , , , , , , , , , , , , , , , , , , , , , , , , , , , , , , , ,5, , , , , , ,1, , , , , , , , , , , , , , , , , , , , , , , , , , , , , , , , , , , , , , , , , , , , , , , , , , , , , , , , , , , , , , , , , , , , ,3,2, , , , ,1, , , , , , , , , , , , , , , , , , , , , , , , , , , , , , , , , , , , , , , , , , , , , , , , , , , , , , , , , , , , , , ,3, , ,2, , , , , , , , , ,1, , , , , , , , , , , , , , , , , , , , , , , , , , , , , , , , , , , , , ,1/27/2024,1/27/2024,2
1202401,2,1.27627098730338,8062597,2,1,2,2,2,2,2,2,3, , , , , , , , , , , , , , , , , , , , , , , , , , , , , , , , , ,2,2,2, , , , , , , , , , , , , , , , , , , , , , , , , , , , , , , , , , , , , , , , , , , , , , , , , , , , , , , , , , , , , , , , , , , , , , , , , , , , , , , , , , , , , , , , , , , , , , , , , , , , , , , , , , , , , , , , , , , , , , , , , , ,2, ,4, ,2, ,4, ,2, ,2, , ,2,2,2,4,4,3,4,4,4,4,2,1,1,1,1,1,4,2,4,4,2,4,3, , ,1,1,99, , , ,2, ,4,7,7, ,1,3,2,2,2,2,2,2,2,2,2,2,9,2,9,9,4, , , , , ,4,4,4,4, , , ,4, , , , , , , , , , ,2, , ,1,9, , , , , , , , , , , , , , , , , , , , , , , , , , , , , , , , , , , , , , , , , , , , , , , , , , , , , , , , , , , , , , , , , , , , , , , , , , , , , , , , , , , , , , , , , , , , , , , , , , , , , , , , , , , , , , , , ,1, ,62, , , , , , , , , , , , , , , , , , , , , , , , , , , , , , , , , , , , , , , ,9, , , , , , , , , , , , , , , , , , , , , , , , , , , , , , , , , ,8, , , , , , ,99,9, , , , , , , , , , , , , , , , , , , , , , , , , , , , , , , , , , , , , , , , , , , , , , , , , , , , , , , , , , , , , , , , , , , ,2,2, , , , ,1, , , , , , , , , , , , , , , , , , , , , , , , , , , , , , , , , , , , , , , , , , , , , , , , , , , , , , , , , , , , , , ,3, , ,2, , , , , , , , , ,3, , , , , , , , , , , , , , , , , , , , , , , , , , , , , , , , , , , , , ,1/27/2024,1/27/2024,2
1202401,2,1.69319860702718,8062949,3,2,2,3,3,1,4,1,4, , , , , , , , , , , , , , , , , , , , , , , , , , , , , , , , , ,4,3,2, , , , , , , , , , , , , , , , , , , , , , , , , , , , , , , , , , , , , , , , , , , , , , , , , , , , , , , , , , , , , , , , , , , , , , , , , , , , , , , , , , , , , , , , , , , , , , , , , , , , , , , , , , , , , , , , , , , , , , , , , , ,2, ,4, ,4, ,4, ,2, ,2, , ,2,2,2,2,2,1,4,1,3,1,2,2,2,2,1,1,1,2,2,2,1,2,3, , ,1,2,99, , , ,2, ,2,6,5, ,1,2,1,2,1,1,1,1,2,1,2,2,1,2,2,2,4, , , , , ,2,2,2,2,2, , ,3, , , , , , , , , , ,3, , ,3,1, , , , , , , , , , , , , , , , , , , , , , , , , , , , , , , , , , , , , , , , , , , , , , , , , , , , , , , , , , , , , , , , , , , , , , , , , , , , , , , , , , , , , , , , , , , , , , , , , , , , , , , , , , , , , , , , ,1, ,40, , , , , , , , , , , , , , , , , , , , , , , , , , , , , , , , , , , , , , , ,6, , , , , , , , , , , , , , , , , , , , , , , , , , , , , , , , , ,5, , , , , , ,2, , , , , , , , , , , , , , , , , , , , , , , , , , , , , , , , , , , , , , , , , , , , , , , , , , , , , , , , , , , , , , , , , , , , ,1, , , , , ,1, , , , , , , , , , , , , , , , , , , , , , , , , , , , , , , , , , , , , , , , , , , , , , , , , , , , , , , , , , , , , , ,3, , ,2, , , , , , , , , ,5, , , , , , , , , , , , , , , , , , , , , , , , , , , , , , , , , , , , , ,1/27/2024,1/27/2024,2
1202401,2,.412183562493402,8063205,2,2,2,4,3,2,2,1,4, , , , , , , , , , , , , , , , , , , , , , , , , , , , , , , , , ,2,4,2, , , , , , , , , , , , , , , , , , , , , , , , , , , , , , , , , , , , , , , , , , , , , , , , , , , , , , , , , , , , , , , , , , , , , , , , , , , , , , , , , , , , , , , , , , , , , , , , , , , , , , , , , , , , , , , , , , , , , , , , , , ,1, ,4, ,4, ,4, ,8, ,1, , ,1,2,2,1,3,1,2,2,3,2,1,2,3,2,2,2,2,1,2,3,2,2,3, , ,7,99,1, , , ,1, ,4,7,7, ,2,4,2,2,2,2,2,2,2,2,2,2,2,2,2,1,4, , , , , ,4,4,8,4, , , ,3, , , , , , , , , , ,2, , ,2,2, , , , , , , , , , , , , , , , , , , , , , , , , , , , , , , , , , , , , , , , , , , , , , , , , , , , , , , , , , , , , , , , , , , , , , , , , , , , , , , , , , , , , , , , , , , , , , , , , , , , , , , , , , , , , , , , ,1, ,82, , , , , , , , , , , , , , , , , , , , , , , , , , , , , , , , , , , , , , , ,10, , , , , , , , , , , , , , , , , , , , , , , , , , , , , , , , , ,3, , , , , , ,3, , , , , , , , , , , , , , , , , , , , , , , , , , , , , , , , , , , , , , , , , , , , , , , , , , , , , , , , , , , , , , , , , , , , ,2,2, , , , ,3, , , , , , , , , , , , , , , , , , , , , , , , , , , , , , , , , , , , , , , , , , , , , , , , , , , , , , , , , , , , , , ,2, , ,1, , , , , , , , , ,8, , , , , , , , , , , , , , , , , , , , , , , , , , , , , , , , , , , , , ,4/19/2024,4/19/2024,2
1202401,2,.258625757265398,8063277,3,2,3,3,3,4,4,2,4, , , , , , , , , , , , , , , , , , , , , , , , , , , , , , , , , ,4,1,4, , , , , , , , , , , , , , , , , , , , , , , , , , , , , , , , , , , , , , , , , , , , , , , , , , , , , , , , , , , , , , , , , , , , , , , , , , , , , , , , , , , , , , , , , , , , , , , , , , , , , , , , , , , , , , , , , , , , , , , , , , ,3, ,1, ,2, ,4, ,3, ,3, , ,3,2,3,2,2,2,4,4,4,4,1,1,1,2,2,2,1,3,3,3,2,4,3, , ,99,99,99, , , ,1, ,4,7,1, ,1,1,2,2,1,1,2,1,1,2,2,2,1,1,2,1,3, , , , , ,4,4,4,3, , , ,3, , , , , , , , , , ,3, , ,2,2, , , , , , , , , , , , , , , , , , , , , , , , , , , , , , , , , , , , , , , , , , , , , , , , , , , , , , , , , , , , , , , , , , , , , , , , , , , , , , , , , , , , , , , , , , , , , , , , , , , , , , , , , , , , , , , , ,1, ,63, , , , , , , , , , , , , , , , , , , , , , , , , , , , , , , , , , , , , , , ,11, , , , , , , , , , , , , , , , , , , , , , , , , , , , , , , , , ,1, , , , , , ,2, , , , , , , , , , , , , , , , , , , , , , , , , , , , , , , , , , , , , , , , , , , , , , , , , , , , , , , , , , , , , , , , , , , , ,1, , , , , ,2, , , , , , , , , , , , , , , , , , , , , , , , , , , , , , , , , , , , , , , , , , , , , , , , , , , , , , , , , , , , , , ,6, , ,1, , , , , , , , , ,8, , , , , , , , , , , , , , , , , , , , , , , , , , , , , , , , , , , , , ,2/4/2024,2/4/2024,2
1202401,2,.573665259003115,8063313,2,2,2,3,4,2,2,2,4, , , , , , , , , , , , , , , , , , , , , , , , , , , , , , , , , ,2,4,2, , , , , , , , , , , , , , , , , , , , , , , , , , , , , , , , , , , , , , , , , , , , , , , , , , , , , , , , , , , , , , , , , , , , , , , , , , , , , , , , , , , , , , , , , , , , , , , , , , , , , , , , , , , , , , , , , , , , , , , , , , ,1, ,4, ,4, ,4, ,2, ,1, , ,1,3,2,1,2,1,2,2,2,1,1,2,2,1,1,1,2,1,1,3,3,1,2, , ,7,99,3, , , ,1, ,4,7,7, ,2,4,1,2,2,2,2,2,2,2,2,2,2,2,2,1,4, , , , , ,4,4,2,4, , , ,3, , , , , , , , , , ,2, , ,1,2, , , , , , , , , , , , , , , , , , , , , , , , , , , , , , , , , , , , , , , , , , , , , , , , , , , , , , , , , , , , , , , , , , , , , , , , , , , , , , , , , , , , , , , , , , , , , , , , , , , , , , , , , , , , , , , , ,1, ,69, , , , , , , , , , , , , , , , , , , , , , , , , , , , , , , , , , , , , , , ,11, , , , , , , , , , , , , , , , , , , , , , , , , , , , , , , , , ,3, , , , , , ,1, , , , , , , , , , , , , , , , , , , , , , , , , , , , , , , , , , , , , , , , , , , , , , , , , , , , , , , , , , , , , , , , , , , , ,2,2, , , , ,3, , , , , , , , , , , , , , , , , , , , , , , , , , , , , , , , , , , , , , , , , , , , , , , , , , , , , , , , , , , , , , ,1, , , ,1, , , , , , , , ,9, , , , , , , , , , , , , , , , , , , , , , , , , , , , , , , , , , , , , ,1/27/2024,1/27/2024,2
1202401,2,.5135908737008,8063449,2,1,2,4,3,2,2,2,4, , , , , , , , , , , , , , , , , , , , , , , , , , , , , , , , , ,2,4,2, , , , , , , , , , , , , , , , , , , , , , , , , , , , , , , , , , , , , , , , , , , , , , , , , , , , , , , , , , , , , , , , , , , , , , , , , , , , , , , , , , , , , , , , , , , , , , , , , , , , , , , , , , , , , , , , , , , , , , , , , , ,2, ,4, ,3, ,4, ,2, ,2, , ,2,2,2,2,2,1,2,2,2,2,1,2,3,1,2,1,3,1,2,3,3,3,2, , ,7,99,3, , , ,1, ,4,7,6, ,1,1,1,2,1,2,2,1,2,2,2,2,1,2,1,1,4, , , , , ,4,4,4,4, , , ,4, , , , , , , , , , ,2, , ,3,2, , , , , , , , , , , , , , , , , , , , , , , , , , , , , , , , , , , , , , , , , , , , , , , , , , , , , , , , , , , , , , , , , , , , , , , , , , , , , , , , , , , , , , , , , , , , , , , , , , , , , , , , , , , , , , , , ,2, ,67, , , , , , , , , , , , , , , , , , , , , , , , , , , , , , , , , , , , , , , ,10, , , , , , , , , , , , , , , , , , , , , , , , , , , , , , , , , ,3, , , , , , ,7, , , , , , , , , , , , , , , , , , , , , , , , , , , , , , , , , , , , , , , , , , , , , , , , , , , , , , , , , , , , , , , , , , , , ,2,2, , , , ,1, , , , , , , , , , , , , , , , , , , , , , , , , , , , , , , , , , , , , , , , , , , , , , , , , , , , , , , , , , , , , , ,3, , ,1, , , , , , , , , ,5, , , , , , , , , , , , , , , , , , , , , , , , , , , , , , , , , , , , , ,2/1/2024,2/1/2024,2
1202401,2,1.38354371608436,8063498,3,2,4,3,4,2,2,2,4, , , , , , , , , , , , , , , , , , , , , , , , , , , , , , , , , ,3,4,2, , , , , , , , , , , , , , , , , , , , , , , , , , , , , , , , , , , , , , , , , , , , , , , , , , , , , , , , , , , , , , , , , , , , , , , , , , , , , , , , , , , , , , , , , , , , , , , , , , , , , , , , , , , , , , , , , , , , , , , , , , ,3, ,4, ,4, ,4, ,3, ,2, , ,3,3,3,3,4,1,2,2,2,3,1,2,1,1,1,1,2,2,3,3,2,2,2, , ,7,99,3, , , ,2, ,2,4,2, ,1,1,1,1,1,1,1,2,2,1,2,2,1,2,2,1,4, , , , , ,3,3,4,4, , , ,2, , , , , , , , , , ,3, , ,1,2, , , , , , , , , , , , , , , , , , , , , , , , , , , , , , , , , , , , , , , , , , , , , , , , , , , , , , , , , , , , , , , , , , , , , , , , , , , , , , , , , , , , , , , , , , , , , , , , , , , , , , , , , , , , , , , , ,1, ,71, , , , , , , , , , , , , , , , , , , , , , , , , , , , , , , , , , , , , , , ,7, , , , , , , , , , , , , , , , , , , , , , , , , , , , , , , , , ,4, , , , , , ,6, , , , , , , , , , , , , , , , , , , , , , , , , , , , , , , , , , , , , , , , , , , , , , , , , , , , , , , , , , , , , , , , , , , , ,2,1, , , , ,5, , , , , , , , , , , , , , , , , , , , , , , , , , , , , , , , , , , , , , , , , , , , , , , , , , , , , , , , , , , , , , ,0, , ,2, , , , , , , , , ,9, , , , , , , , , , , , , , , , , , , , , , , , , , , , , , , , , , , , , ,2/12/2024,2/12/2024,2
1202401,2,.818301893522433,8063718,3,2,3,3,4,8,2,1,4, , , , , , , , , , , , , , , , , , , , , , , , , , , , , , , , , ,4,2,3, , , , , , , , , , , , , , , , , , , , , , , , , , , , , , , , , , , , , , , , , , , , , , , , , , , , , , , , , , , , , , , , , , , , , , , , , , , , , , , , , , , , , , , , , , , , , , , , , , , , , , , , , , , , , , , , , , , , , , , , , , ,1, ,4, ,4, ,4, ,2, ,1, , ,1,1,1,1,2,2,3,3,3,1,1,1,1,1,1,1,1,1,2,1,2,1,3, , ,7,99,1, , , ,2, ,4,7,7, ,2,4,2,2,2,2,2,2,2,2,2,2,2,2,2,1,4, , , , , ,4,4,4,4, , , ,2, , , , , , , , , , ,2, , ,2,2, , , , , , , , , , , , , , , , , , , , , , , , , , , , , , , , , , , , , , , , , , , , , , , , , , , , , , , , , , , , , , , , , , , , , , , , , , , , , , , , , , , , , , , , , , , , , , , , , , , , , , , , , , , , , , , , ,1, ,48, , , , , , , , , , , , , , , , , , , , , , , , , , , , , , , , , , , , , , , ,9, , , , , , , , , , , , , , , , , , , , , , , , , , , , , , , , , ,3, , , , , , ,10, , , , , , , , , , , , , , , , , , , , , , , , , , , , , , , , , , , , , , , , , , , , , , , , , , , , , , , , , , , , , , , , , , , , ,4,2, , , , ,2, , , , , , , , , , , , , , , , , , , , , , , , , , , , , , , , , , , , , , , , , , , , , , , , , , , , , , , , , , , , , , ,3, , ,1, , , , , , , , , ,1, , , , , , , , , , , , , , , , , , , , , , , , , , , , , , , , , , , , , ,3/3/2024,3/3/2024,2
1202401,2,.882995390619654,8063818,2,2,2,4,2,3,4,4,2, , , , , , , , , , , , , , , , , , , , , , , , , , , , , , , , , ,3,4,2, , , , , , , , , , , , , , , , , , , , , , , , , , , , , , , , , , , , , , , , , , , , , , , , , , , , , , , , , , , , , , , , , , , , , , , , , , , , , , , , , , , , , , , , , , , , , , , , , , , , , , , , , , , , , , , , , , , , , , , , , , ,4, ,4, ,2, ,2, ,3, ,4, , ,4,4,4,4,4,1,2,2,2,1,1,1,1,3,2,2,2,2,2,2,2,1,2, , ,7,99,3, , , ,1, ,4,6,7, ,2,4,2,2,2,2,1,2,2,2,2,2,2,2,2,2,3, , , , , ,2,2,3,4, , , ,2, , , , , , , , , , ,3, , ,3,1, , , , , , , , , , , , , , , , , , , , , , , , , , , , , , , , , , , , , , , , , , , , , , , , , , , , , , , , , , , , , , , , , , , , , , , , , , , , , , , , , , , , , , , , , , , , , , , , , , , , , , , , , , , , , , , , ,1, ,60, , , , , , , , , , , , , , , , , , , , , , , , , , , , , , , , , , , , , , , ,10, , , , , , , , , , , , , , , , , , , , , , , , , , , , , , , , , ,4, , , , , , ,4, , , , , , , , , , , , , , , , , , , , , , , , , , , , , , , , , , , , , , , , , , , , , , , , , , , , , , , , , , , , , , , , , , , , ,4,4, , , , ,3, , , , , , , , , , , , , , , , , , , , , , , , , , , , , , , , , , , , , , , , , , , , , , , , , , , , , , , , , , , , , , ,0, , ,2, , , , , , , , , ,9, , , , , , , , , , , , , , , , , , , , , , , , , , , , , , , , , , , , , ,1/31/2024,1/31/2024,2
1202401,2,1.60496774525107,8063852,3,8,4,2,9,8,3,3,9, , , , , , , , , , , , , , , , , , , , , , , , , , , , , , , , , ,4,2,3, , , , , , , , , , , , , , , , , , , , , , , , , , , , , , , , , , , , , , , , , , , , , , , , , , , , , , , , , , , , , , , , , , , , , , , , , , , , , , , , , , , , , , , , , , , , , , , , , , , , , , , , , , , , , , , , , , , , , , , , , , ,4, ,3, ,3, ,2, ,4, ,3, , ,4,4,8,4,3,1,4,3,3,4,1,1,1,3,2,2,8,8,2,2,8,1,4, , ,7,99,3, , , ,1, ,2,7,3, ,1,8,1,1,1,2,1,8,2,2,2,1,1,1,1,8,4, , , , , ,4,4,1,4, , , ,4, , , , , , , , , , ,2, , ,2,8, , , , , , , , , , , , , , , , , , , , , , , , , , , , , , , , , , , , , , , , , , , , , , , , , , , , , , , , , , , , , , , , , , , , , , , , , , , , , , , , , , , , , , , , , , , , , , , , , , , , , , , , , , , , , , , , ,1, ,50, , , , , , , , , , , , , , , , , , , , , , , , , , , , , , , , , , , , , , , ,7, , , , , , , , , , , , , , , , , , , , , , , , , , , , , , , , , ,5, , , , , , ,2, , , , , , , , , , , , , , , , , , , , , , , , , , , , , , , , , , , , , , , , , , , , , , , , , , , , , , , , , , , , , , , , , , , , ,1, , , , , ,97, , , , , , , , , , , , , , , , , , , , , , , , , , , , ,1, , , , ,2, , , , , , , , , , , , , , , , , , , , , , , , , , , , ,3, , ,2, , , , , , , , , ,3, , , , , , , , , , , , , , , , , , , , , , , , , , , , , , , , , , , , , ,2/10/2024,2/10/2024,2
1202401,2,.933742509138181,8063969,3,8,2,2,4,2,2,2,4, , , , , , , , , , , , , , , , , , , , , , , , , , , , , , , , , ,3,3,2, , , , , , , , , , , , , , , , , , , , , , , , , , , , , , , , , , , , , , , , , , , , , , , , , , , , , , , , , , , , , , , , , , , , , , , , , , , , , , , , , , , , , , , , , , , , , , , , , , , , , , , , , , , , , , , , , , , , , , , , , , ,2, ,4, ,4, ,4, ,8, ,1, , ,2,9,2,2,9,2,2,2,2,2,1,1,2,2,2,2,4,3,2,3,3,2,3, , ,7,99,3, , , ,1, ,3,6,6, ,8,9,1,1,1,8,1,8,2,2,2,2,1,9,2,8,1, , , , , ,4,4,4,4, , , ,2, , , , , , , , , , ,2, , ,3,2, , , , , , , , , , , , , , , , , , , , , , , , , , , , , , , , , , , , , , , , , , , , , , , , , , , , , , , , , , , , , , , , , , , , , , , , , , , , , , , , , , , , , , , , , , , , , , , , , , , , , , , , , , , , , , , , ,2, ,57, , , , , , , , , , , , , , , , , , , , , , , , , , , , , , , , , , , , , , , ,10, , , , , , , , , , , , , , , , , , , , , , , , , , , , , , , , , ,3, , , , , , ,8, , , , , , , , , , , , , , , , , , , , , , , , , , , , , , , , , , , , , , , , , , , , , , , , , , , , , , , , , , , , , , , , , , , , ,2,2, , , , ,98, , , , , , , , , , , , , , , , , , , , , , , , , , , , ,9, , , , , , , , , , , , , , , , , , , , , , , , , , , , , , , , , ,9, , ,9, , , , , , , , , ,1, , , , , , , , , , , , , , , , , , , , , , , , , , , , , , , , , , , , , ,4/20/2024,4/20/2024,2
1202401,2,.72301525658324,8064103,3,2,3,2,2,1,3,3,8, , , , , , , , , , , , , , , , , , , , , , , , , , , , , , , , , ,8,8,8, , , , , , , , , , , , , , , , , , , , , , , , , , , , , , , , , , , , , , , , , , , , , , , , , , , , , , , , , , , , , , , , , , , , , , , , , , , , , , , , , , , , , , , , , , , , , , , , , , , , , , , , , , , , , , , , , , , , , , , , , , ,4, ,4, ,2, ,2, ,4, ,4, , ,3,8,8,4,4,1,1,1,1,2,1,1,1,3,3,3,2,2,2,2,2,4,2, , ,99,99,99, , , ,2, ,1,5,1, ,1,1,1,1,1,1,2,1,1,2,2,2,1,1,1,1,1, , , , , ,2,4,4,2,1, , ,3, , , , , , , , , , ,2, , ,2,1, , , , , , , , , , , , , , , , , , , , , , , , , , , , , , , , , , , , , , , , , , , , , , , , , , , , , , , , , , , , , , , , , , , , , , , , , , , , , , , , , , , , , , , , , , , , , , , , , , , , , , , , , , , , , , , , ,1, ,25, , , , , , , , , , , , , , , , , , , , , , , , , , , , , , , , , , , , , , , ,10, , , , , , , , , , , , , , , , , , , , , , , , , , , , , , , , , ,8, , , , , , ,2, , , , , , , , , , , , , , , , , , , , , , , , , , , , , , , , , , , , , , , , , , , , , , , , , , , , , , , , , , , , , , , , , , , , ,2,2, , , , ,98, , , , , , , , , , , , , , , , , , , , , , , , , , , , ,2, , , , , , , , , , , , , , , , , , , , , , , , , , , , , , , , , ,4, , ,2, , , , , , , , , ,3, , , , , , , , , , , , , , , , , , , , , , , , , , , , , , , , , , , , , ,1/30/2024,1/30/2024,2
1202401,2,1.06521772944153,8064122,2,2,2,2,3,2,2,2,4, , , , , , , , , , , , , , , , , , , , , , , , , , , , , , , , , ,2,3,2, , , , , , , , , , , , , , , , , , , , , , , , , , , , , , , , , , , , , , , , , , , , , , , , , , , , , , , , , , , , , , , , , , , , , , , , , , , , , , , , , , , , , , , , , , , , , , , , , , , , , , , , , , , , , , , , , , , , , , , , , , ,2, ,4, ,3, ,4, ,2, ,1, , ,8,3,8,8,8,1,1,1,1,1,1,1,2,2,2,1,2,1,1,1,1,1,2, , ,7,99,1, , , ,1, ,4,5,7, ,2,2,2,2,2,2,1,2,2,2,2,2,1,2,2,1,4, , , , , ,4,4,4,4, , , ,3, , , , , , , , , , ,2, , ,2,2, , , , , , , , , , , , , , , , , , , , , , , , , , , , , , , , , , , , , , , , , , , , , , , , , , , , , , , , , , , , , , , , , , , , , , , , , , , , , , , , , , , , , , , , , , , , , , , , , , , , , , , , , , , , , , , , ,2, ,44, , , , , , , , , , , , , , , , , , , , , , , , , , , , , , , , , , , , , , , ,10, , , , , , , , , , , , , , , , , , , , , , , , , , , , , , , , , ,2, , , , , , ,11, , , , , , , , , , , , , , , , , , , , , , , , , , , , , , , , , , , , , , , , , , , , , , , , , , , , , , , , , , , , , , , , , , , , ,4,2, , , , ,1, , , , , , , , , , , , , , , , , , , , , , , , , , , , , , , , , , , , , , , , , , , , , , , , , , , , , , , , , , , , , , ,2, , ,2, , , , , , , , , ,3, , , , , , , , , , , , , , , , , , , , , , , , , , , , , , , , , , , , , ,2/5/2024,2/5/2024,2
1202401,2,1.71425626670406,8064539,8,1,2,2,4,1,1,2,4, , , , , , , , , , , , , , , , , , , , , , , , , , , , , , , , , ,8,8,8, , , , , , , , , , , , , , , , , , , , , , , , , , , , , , , , , , , , , , , , , , , , , , , , , , , , , , , , , , , , , , , , , , , , , , , , , , , , , , , , , , , , , , , , , , , , , , , , , , , , , , , , , , , , , , , , , , , , , , , , , , ,3, ,4, ,4, ,4, ,8, ,2, , ,8,8,8,8,8,2,2,2,2,1,1,1,1,1,1,1,3,3,2,4,2,2,3, , ,7,99,3, , , ,2, ,4,6,7, ,8,8,8,2,8,2,8,8,2,2,2,2,1,2,2,1,4, , , , , ,4,4,4,4, , , ,3, , , , , , , , , , ,3, , ,8, , , , , , , , , , , , , , , , , , , , , , , , , , , , , , , , , , , , , , , , , , , , , , , , , , , , , , , , , , , , , , , , , , , , , , , , , , , , , , , , , , , , , , , , , , , , , , , , , , , , , , , , , , , , , , , , , ,1, ,18, , , , , , , , , , , , , , , , , , , , , , , , , , , , , , , , , , , , , , , ,6, , , , , , , , , , , , , , , , , , , , , , , , , , , , , , , , , ,2, , , , , , ,98,8, , , , , , , , , , , , , , , , , , , , , , , , , , , , , , , , , , , , , , , , , , , , , , , , , , , , , , , , , , , , , , , , , , , ,4,3, , , , ,97, , , , , , , , , , , , , , , , , , , , , , , , , , , , ,8, , , , , , , , , , , , , , , , , , , , , , , , , , , , , , , , , ,2, , ,2, , , , , , , , , ,10, , , , , , , , , , , , , , , , , , , , , , , , , , , , , , , , , , , , , ,4/19/2024,4/19/2024,2
1202401,2,2.43256932414706,8064596,2,1,3,3,8,8,8,8,8, , , , , , , , , , , , , , , , , , , , , , , , , , , , , , , , , ,2,2,8, , , , , , , , , , , , , , , , , , , , , , , , , , , , , , , , , , , , , , , , , , , , , , , , , , , , , , , , , , , , , , , , , , , , , , , , , , , , , , , , , , , , , , , , , , , , , , , , , , , , , , , , , , , , , , , , , , , , , , , , , , ,1, ,4, ,4, ,3, ,3, ,8, , ,3,2,8,8,8,1,2,1,1,1,3,8,3,1,2,2,1,2,2,4,3,2,2, , ,1,99,99, , , ,2, ,1,6,3, ,1,1,1,1,2,2,1,1,1,2,1,2,1,1,2,1,1, , , , , ,1,1,1,1,1, , ,3, , , , , , , , , , ,2, , ,2,8, , , , , , , , , , , , , , , , , , , , , , , , , , , , , , , , , , , , , , , , , , , , , , , , , , , , , , , , , , , , , , , , , , , , , , , , , , , , , , , , , , , , , , , , , , , , , , , , , , , , , , , , , , , , , , , , ,2, ,28, , , , , , , , , , , , , , , , , , , , , , , , , , , , , , , , , , , , , , , ,5, , , , , , , , , , , , , , , , , , , , , , , , , , , , , , , , , ,2, , , , , , ,98,9, , , , , , , , , , , , , , , , , , , , , , , , , , , , , , , , , , , , , , , , , , , , , , , , , , , , , , , , , , , , , , , , , , , ,4,2, , , , ,98, , , , , , , , , , , , , , , , , , , , , , , , , , , , ,9, , , , , , , , , , , , , , , , , , , , , , , , , , , , , , , , , ,6, , ,2, , , , , , , , , ,3, , , , , , , , , , , , , , , , , , , , , , , , , , , , , , , , , , , , , ,2/8/2024,2/8/2024,2
1202401,2,1.46672973772822,8064997,3,2,2,2,3,2,2,1,4, , , , , , , , , , , , , , , , , , , , , , , , , , , , , , , , , ,3,4,4, , , , , , , , , , , , , , , , , , , , , , , , , , , , , , , , , , , , , , , , , , , , , , , , , , , , , , , , , , , , , , , , , , , , , , , , , , , , , , , , , , , , , , , , , , , , , , , , , , , , , , , , , , , , , , , , , , , , , , , , , , ,2, ,4, ,8, ,4, ,2, ,1, , ,4,3,8,2,4,1,2,1,2,1,1,1,1,2,2,2,2,2,1,4,3,1,2, , ,99,99,99, , , ,1, ,4,6,7, ,8,2,1,1,1,1,1,1,2,1,2,1,1,2,2,1,4, , , , , ,3,3,3,4, , , ,3, , , , , , , , , , ,2, , ,2,1, , , , , , , , , , , , , , , , , , , , , , , , , , , , , , , , , , , , , , , , , , , , , , , , , , , , , , , , , , , , , , , , , , , , , , , , , , , , , , , , , , , , , , , , , , , , , , , , , , , , , , , , , , , , , , , , ,1, ,47, , , , , , , , , , , , , , , , , , , , , , , , , , , , , , , , , , , , , , , ,6, , , , , , , , , , , , , , , , , , , , , , , , , , , , , , , , , ,4, , , , , , ,1, , , , , , , , , , , , , , , , , , , , , , , , , , , , , , , , , , , , , , , , , , , , , , , , , , , , , , , , , , , , , , , , , , , , ,3,3, , , , ,97, , , , , , , , , , , , , , , , , , , , , , , , , , , , ,2, , , , , , , , , , , , , , , , , , , , , , , , , , , , , , , , , ,0, , ,2, , , , , , , , , ,9, , , , , , , , , , , , , , , , , , , , , , , , , , , , , , , , , , , , , ,4/20/2024,4/20/2024,2
1202401,2,.308818759331663,8065001,3,2,1,3,4,2,2,2,4, , , , , , , , , , , , , , , , , , , , , , , , , , , , , , , , , ,2,4,2, , , , , , , , , , , , , , , , , , , , , , , , , , , , , , , , , , , , , , , , , , , , , , , , , , , , , , , , , , , , , , , , , , , , , , , , , , , , , , , , , , , , , , , , , , , , , , , , , , , , , , , , , , , , , , , , , , , , , , , , , , ,2, ,4, ,3, ,3, ,2, ,2, , ,2,2,2,1,3,1,3,3,4,1,1,1,1,1,1,1,2,2,2,1,4,1,2, , ,7,99,1, , , ,1, ,4,7,7, ,2,2,1,1,1,2,2,1,2,2,2,2,1,2,2,1,4, , , , , ,4,4,2,4, , , ,3, , , , , , , , , , ,2, , ,2,2, , , , , , , , , , , , , , , , , , , , , , , , , , , , , , , , , , , , , , , , , , , , , , , , , , , , , , , , , , , , , , , , , , , , , , , , , , , , , , , , , , , , , , , , , , , , , , , , , , , , , , , , , , , , , , , , ,1, ,49, , , , , , , , , , , , , , , , , , , , , , , , , , , , , , , , , , , , , , , ,10, , , , , , , , , , , , , , , , , , , , , , , , , , , , , , , , , ,2, , , , , , ,11, , , , , , , , , , , , , , , , , , , , , , , , , , , , , , , , , , , , , , , , , , , , , , , , , , , , , , , , , , , , , , , , , , , , ,4,2, , , , ,1, , , , , , , , , , , , , , , , , , , , , , , , , , , , , , , , , , , , , , , , , , , , , , , , , , , , , , , , , , , , , , ,3, , ,1, , , , , , , , , ,9, , , , , , , , , , , , , , , , , , , , , , , , , , , , , , , , , , , , , ,2/10/2024,2/10/2024,2
1202401,2,.796254815037167,8065271,4,2,4,2,4,3,4,3,4, , , , , , , , , , , , , , , , , , , , , , , , , , , , , , , , , ,4,3,4, , , , , , , , , , , , , , , , , , , , , , , , , , , , , , , , , , , , , , , , , , , , , , , , , , , , , , , , , , , , , , , , , , , , , , , , , , , , , , , , , , , , , , , , , , , , , , , , , , , , , , , , , , , , , , , , , , , , , , , , , , ,4, ,2, ,4, ,4, ,4, ,4, , ,3,4,4,4,3,1,3,2,2,2,1,1,1,3,3,1,1,4,4,1,1,2,3, , ,1,2,99, , , ,2, ,1,3,1, ,1,1,2,2,2,1,2,2,2,2,2,2,1,1,1,2,8, , , , , ,2,2,2,1,1, , ,3, , , , , , , , , , ,2, , ,2,2, , , , , , , , , , , , , , , , , , , , , , , , , , , , , , , , , , , , , , , , , , , , , , , , , , , , , , , , , , , , , , , , , , , , , , , , , , , , , , , , , , , , , , , , , , , , , , , , , , , , , , , , , , , , , , , , ,2, ,71, , , , , , , , , , , , , , , , , , , , , , , , , , , , , , , , , , , , , , , ,11, , , , , , , , , , , , , , , , , , , , , , , , , , , , , , , , , ,2, , , , , , ,11, , , , , , , , , , , , , , , , , , , , , , , , , , , , , , , , , , , , , , , , , , , , , , , , , , , , , , , , , , , , , , , , , , , , ,2,2, , , , ,2, , , , , , , , , , , , , , , , , , , , , , , , , , , , , , , , , , , , , , , , , , , , , , , , , , , , , , , , , , , , , , ,5, , ,2, , , , , , , , , ,8, , , , , , , , , , , , , , , , , , , , , , , , , , , , , , , , , , , , , ,2/6/2024,2/6/2024,2
1202401,2,1.11816576114197,8065349,3,2,2,2,2,1,1,2,4, , , , , , , , , , , , , , , , , , , , , , , , , , , , , , , , , ,8,8,8, , , , , , , , , , , , , , , , , , , , , , , , , , , , , , , , , , , , , , , , , , , , , , , , , , , , , , , , , , , , , , , , , , , , , , , , , , , , , , , , , , , , , , , , , , , , , , , , , , , , , , , , , , , , , , , , , , , , , , , , , , ,2, ,4, ,4, ,4, ,2, ,8, , ,2,2,2,2,2,1,1,1,1,3,1,1,1,2,2,1,3,1,1,3,1,1,3, , ,7,99,1, , , ,1, ,4,7,7, ,2,2,1,1,1,2,1,2,2,2,2,2,1,2,2,1,4, , , , , ,4,2,4,4, , , ,3, , , , , , , , , , ,2, , ,3,2, , , , , , , , , , , , , , , , , , , , , , , , , , , , , , , , , , , , , , , , , , , , , , , , , , , , , , , , , , , , , , , , , , , , , , , , , , , , , , , , , , , , , , , , , , , , , , , , , , , , , , , , , , , , , , , , ,2, ,30, , , , , , , , , , , , , , , , , , , , , , , , , , , , , , , , , , , , , , , ,8, , , , , , , , , , , , , , , , , , , , , , , , , , , , , , , , , ,2, , , , , , ,10, , , , , , , , , , , , , , , , , , , , , , , , , , , , , , , , , , , , , , , , , , , , , , , , , , , , , , , , , , , , , , , , , , , , ,2,2, , , , ,98, , , , , , , , , , , , , , , , , , , , , , , , , , , , ,2, , , , , , , , , , , , , , , , , , , , , , , , , , , , , , , , , ,3, , ,1, , , , , , , , , ,3, , , , , , , , , , , , , , , , , , , , , , , , , , , , , , , , , , , , , ,2/20/2024,2/20/2024,2
1202401,2,1.92172176161104,8065407,2,2,3,2,2,2,2,1,3, , , , , , , , , , , , , , , , , , , , , , , , , , , , , , , , , ,3,2,2, , , , , , , , , , , , , , , , , , , , , , , , , , , , , , , , , , , , , , , , , , , , , , , , , , , , , , , , , , , , , , , , , , , , , , , , , , , , , , , , , , , , , , , , , , , , , , , , , , , , , , , , , , , , , , , , , , , , , , , , , , ,2, ,2, ,3, ,4, ,8, ,3, , ,2,8,2,2,3,8,2,2,3,1,1,1,1,3,2,1,2,2,3,4,2,8,2, , ,1,1,99, , , ,2, ,3,6,6, ,8,3,2,2,2,2,2,2,2,2,2,2,2,2,1,1,4, , , , , ,4,4,1,4, , , ,1, , , , , , , , , , ,3, , ,2,2, , , , , , , , , , , , , , , , , , , , , , , , , , , , , , , , , , , , , , , , , , , , , , , , , , , , , , , , , , , , , , , , , , , , , , , , , , , , , , , , , , , , , , , , , , , , , , , , , , , , , , , , , , , , , , , , ,1, ,26, , , , , , , , , , , , , , , , , , , , , , , , , , , , , , , , , , , , , , , ,9, , , , , , , , , , , , , , , , , , , , , , , , , , , , , , , , , ,3, , , , , , ,7, , , , , , , , , , , , , , , , , , , , , , , , , , , , , , , , , , , , , , , , , , , , , , , , , , , , , , , , , , , , , , , , , , , , ,2,2, , , , ,2, , , , , , , , , , , , , , , , , , , , , , , , , , , , , , , , , , , , , , , , , , , , , , , , , , , , , , , , , , , , , , ,3, , ,2, , , , , , , , , ,9, , , , , , , , , , , , , , , , , , , , , , , , , , , , , , , , , , , , , ,1/30/2024,1/30/2024,2
1202401,2,1.59243867371727,8065494,4,2,3,2,4,2,2,8,4, , , , , , , , , , , , , , , , , , , , , , , , , , , , , , , , , ,4,2,3, , , , , , , , , , , , , , , , , , , , , , , , , , , , , , , , , , , , , , , , , , , , , , , , , , , , , , , , , , , , , , , , , , , , , , , , , , , , , , , , , , , , , , , , , , , , , , , , , , , , , , , , , , , , , , , , , , , , , , , , , , ,2, ,3, ,4, ,4, ,2, ,1, , ,2,2,2,2,2,1,2,2,2,2,1,1,1,3,2,2,2,1,2,1,1,1,2, , ,1,2,99, , , ,1, ,1,2,1, ,1,1,2,2,1,1,2,2,2,2,2,2,1,1,2,1,4, , , , , ,3,3,1,1,1, , ,3, , , , , , , , , , ,1, , ,1,2, , , , , , , , , , , , , , , , , , , , , , , , , , , , , , , , , , , , , , , , , , , , , , , , , , , , , , , , , , , , , , , , , , , , , , , , , , , , , , , , , , , , , , , , , , , , , , , , , , , , , , , , , , , , , , , , ,2, ,49, , , , , , , , , , , , , , , , , , , , , , , , , , , , , , , , , , , , , , , ,6, , , , , , , , , , , , , , , , , , , , , , , , , , , , , , , , , ,4, , , , , , ,5, , , , , , , , , , , , , , , , , , , , , , , , , , , , , , , , , , , , , , , , , , , , , , , , , , , , , , , , , , , , , , , , , , , , ,7,3, , , , ,99, , , , , , , , , , , , , , , , , , , , , , , , , , , , ,9, , , , , , , , , , , , , , , , , , , , , , , , , , , , , , , , , ,3, , ,1, , , , , , , , , ,6, , , , , , , , , , , , , , , , , , , , , , , , , , , , , , , , , , , , , ,2/2/2024,2/2/2024,2
1202401,2,1.53355398479595,8065903,4,2,4,9,4,9,4,4,8, , , , , , , , , , , , , , , , , , , , , , , , , , , , , , , , , ,4,4,8, , , , , , , , , , , , , , , , , , , , , , , , , , , , , , , , , , , , , , , , , , , , , , , , , , , , , , , , , , , , , , , , , , , , , , , , , , , , , , , , , , , , , , , , , , , , , , , , , , , , , , , , , , , , , , , , , , , , , , , , , , ,4, ,4, ,4, ,4, ,4, ,4, , ,2,4,4,4,4,1,3,2,3,1,1,1,1,2,2,2,2,2,3,3,2,1,2, , ,7,99,99, , , ,1, ,4,6,7, ,2,3,2,2,2,2,2,2,2,2,2,2,2,2,2,1,4, , , , , ,2,4,1,4, , , ,2, , , , , , , , , , ,2, , ,1,2, , , , , , , , , , , , , , , , , , , , , , , , , , , , , , , , , , , , , , , , , , , , , , , , , , , , , , , , , , , , , , , , , , , , , , , , , , , , , , , , , , , , , , , , , , , , , , , , , , , , , , , , , , , , , , , , ,1, ,30, , , , , , , , , , , , , , , , , , , , , , , , , , , , , , , , , , , , , , , ,6, , , , , , , , , , , , , , , , , , , , , , , , , , , , , , , , , ,4, , , , , , ,5, , , , , , , , , , , , , , , , , , , , , , , , , , , , , , , , , , , , , , , , , , , , , , , , , , , , , , , , , , , , , , , , , , , , ,1, , , , , ,97, , , , , , , , , , , , , , , , , , , , , , , , , , , , ,2, , , , , , , , , , , , , , , , , , , , , , , , , , , , , , , , , ,3, , ,2, , , , , , , , , ,9, , , , , , , , , , , , , , , , , , , , , , , , , , , , , , , , , , , , , ,1/27/2024,1/27/2024,2
1202401,2,1.10271559683519,8065999,4,2,4,2,3,3,3,9,9, , , , , , , , , , , , , , , , , , , , , , , , , , , , , , , , , ,4,1,4, , , , , , , , , , , , , , , , , , , , , , , , , , , , , , , , , , , , , , , , , , , , , , , , , , , , , , , , , , , , , , , , , , , , , , , , , , , , , , , , , , , , , , , , , , , , , , , , , , , , , , , , , , , , , , , , , , , , , , , , , , ,4, ,2, ,3, ,3, ,9, ,3, , ,3,4,8,4,3,1,8,1,1,1,9,1,1,3,3,3,2,9,1,1,1,9,2, , ,1,1,99, , , ,2, ,2,5,4, ,1,8,1,2,1,8,8,8,2,1,2,2,1,9,9,1,9, , , , , ,3,1,9,9, , , ,4, , , , , , , , , , ,2, , ,1,2, , , , , , , , , , , , , , , , , , , , , , , , , , , , , , , , , , , , , , , , , , , , , , , , , , , , , , , , , , , , , , , , , , , , , , , , , , , , , , , , , , , , , , , , , , , , , , , , , , , , , , , , , , , , , , , , ,1, ,99, , , , ,9, , , , , , , , , , , , , , , , , , , , , , , , , , , , , , , , , , ,99, , , , , , , , , , , , , , , , , , , , , , , , , , , , , , , , , ,4, , , , , , ,99,9, , , , , , , , , , , , , , , , , , , , , , , , , , , , , , , , , , , , , , , , , , , , , , , , , , , , , , , , , , , , , , , , , , , ,99,99, , , , ,2, , , , , , , , , , , , , , , , , , , , , , , , , , , , , , , , , , , , , , , , , , , , , , , , , , , , , , , , , , , , , , ,4, , ,9, , , , , , , , , ,9, , , , , , , , , , , , , , , , , , , , , , , , , , , , , , , , , , , , , ,2/4/2024,2/4/2024,2
1202401,2,2.43256932414706,8066067,4,2,4,1,8,3,4,8,8, , , , , , , , , , , , , , , , , , , , , , , , , , , , , , , , , ,4,2,4, , , , , , , , , , , , , , , , , , , , , , , , , , , , , , , , , , , , , , , , , , , , , , , , , , , , , , , , , , , , , , , , , , , , , , , , , , , , , , , , , , , , , , , , , , , , , , , , , , , , , , , , , , , , , , , , , , , , , , , , , , ,4, ,2, ,4, ,3, ,4, ,4, , ,8,8,8,8,8,2,4,1,4,1,1,1,1,8,3,3,4,8,4,2,1,8,3, , ,99,99,99, , , ,1, ,1,99,9, ,9,9,9,9,9,9,9,9,9,9,9,9,9,1,1,2,8, , , , , ,3,1,4,9, , , ,9, , , , , , , , , , ,2, , ,2,8, , , , , , , , , , , , , , , , , , , , , , , , , , , , , , , , , , , , , , , , , , , , , , , , , , , , , , , , , , , , , , , , , , , , , , , , , , , , , , , , , , , , , , , , , , , , , , , , , , , , , , , , , , , , , , , , ,2, ,27, , , , , , , , , , , , , , , , , , , , , , , , , , , , , , , , , , , , , , , ,99, , , , , , , , , , , , , , , , , , , , , , , , , , , , , , , , , ,1, , , , , , ,99,9, , , , , , , , , , , , , , , , , , , , , , , , , , , , , , , , , , , , , , , , , , , , , , , , , , , , , , , , , , , , , , , , , , , ,99,99, , , , ,99, , , , , , , , , , , , , , , , , , , , , , , , , , , , ,1, , , , ,99, , , , , , , , , , , , , , , , , , , , , , , , , , , , ,9, , , ,1, , , , , , , , ,9, , , , , , , , , , , , , , , , , , , , , , , , , , , , , , , , , , , , , ,4/20/2024,4/20/2024,2
1202401,2,.479728469368284,8066154,2,1,2,2,2,2,2,2,3, , , , , , , , , , , , , , , , , , , , , , , , , , , , , , , , , ,2,3,3, , , , , , , , , , , , , , , , , , , , , , , , , , , , , , , , , , , , , , , , , , , , , , , , , , , , , , , , , , , , , , , , , , , , , , , , , , , , , , , , , , , , , , , , , , , , , , , , , , , , , , , , , , , , , , , , , , , , , , , , , , ,2, ,2, ,2, ,3, ,2, ,2, , ,1,2,1,2,1,1,3,2,2,1,1,2,1,2,2,1,1,1,2,3,1,1,4, , ,1,2,99, , , ,2, ,2,6,6, ,1,3,1,1,1,2,2,2,2,2,2,2,1,1,2,2,2, , , , , ,2,2,2,3, , , ,3, , , , , , , , , , ,1, , ,2,1, , , , , , , , , , , , , , , , , , , , , , , , , , , , , , , , , , , , , , , , , , , , , , , , , , , , , , , , , , , , , , , , , , , , , , , , , , , , , , , , , , , , , , , , , , , , , , , , , , , , , , , , , , , , , , , , ,1, ,57, , , , , , , , , , , , , , , , , , , , , , , , , , , , , , , , , , , , , , , ,9, , , , , , , , , , , , , , , , , , , , , , , , , , , , , , , , , ,2, , , , , , ,4, , , , , , , , , , , , , , , , , , , , , , , , , , , , , , , , , , , , , , , , , , , , , , , , , , , , , , , , , , , , , , , , , , , , ,1, , , , , ,97, , , , , , , , , , , , , , , , , , , , , , , , , , , , ,1, , , , ,1, , , , , , , , , , , , , , , , , , , , , , , , , , , , ,3, , ,1, , , , , , , , , ,9, , , , , , , , , , , , , , , , , , , , , , , , , , , , , , , , , , , , , ,2/7/2024,2/7/2024,2
1202401,2,1.43689016095195,8066184,3,2,3,9,8,3,2,2,8, , , , , , , , , , , , , , , , , , , , , , , , , , , , , , , , , ,3,2,2, , , , , , , , , , , , , , , , , , , , , , , , , , , , , , , , , , , , , , , , , , , , , , , , , , , , , , , , , , , , , , , , , , , , , , , , , , , , , , , , , , , , , , , , , , , , , , , , , , , , , , , , , , , , , , , , , , , , , , , , , , ,4, ,4, ,8, ,3, ,2, ,4, , ,3,2,3,4,4,1,2,1,2,2,1,1,2,2,1,1,1,1,2,1,2,2,2, , ,99,99,99, , , ,2, ,2,4,3, ,1,1,1,1,1,1,1,1,1,2,2,1,1,1,1,2,3, , , , , ,2,1,2,3, , , ,2, , , , , , , , , , ,2, , ,3,1, , , , , , , , , , , , , , , , , , , , , , , , , , , , , , , , , , , , , , , , , , , , , , , , , , , , , , , , , , , , , , , , , , , , , , , , , , , , , , , , , , , , , , , , , , , , , , , , , , , , , , , , , , , , , , , , ,2, ,42, , , , , , , , , , , , , , , , , , , , , , , , , , , , , , , , , , , , , , , ,10, , , , , , , , , , , , , , , , , , , , , , , , , , , , , , , , , ,4, , , , , , ,2, , , , , , , , , , , , , , , , , , , , , , , , , , , , , , , , , , , , , , , , , , , , , , , , , , , , , , , , , , , , , , , , , , , , ,3,2, , , , ,97, , , , , , , , , , , , , , , , , , , , , , , , , , , , ,2, , , , , , , , , , , , , , , , , , , , , , , , , , , , , , , , , ,3, , ,2, , , , , , , , , ,9, , , , , , , , , , , , , , , , , , , , , , , , , , , , , , , , , , , , , ,1/26/2024,1/26/2024,2
1202401,2,2.43256932414706,8066444,4,2,2,2,4,3,3,2,4, , , , , , , , , , , , , , , , , , , , , , , , , , , , , , , , , ,3,3,4, , , , , , , , , , , , , , , , , , , , , , , , , , , , , , , , , , , , , , , , , , , , , , , , , , , , , , , , , , , , , , , , , , , , , , , , , , , , , , , , , , , , , , , , , , , , , , , , , , , , , , , , , , , , , , , , , , , , , , , , , , ,4, ,4, ,9, ,4, ,3, ,3, , ,4,8,8,4,3,1,4,2,3,8,1,2,1,3,2,2,2,2,2,1,2,2,2, , ,7,99,1, , , ,2, ,4,7,7, ,2,4,1,2,1,2,2,2,2,2,2,2,1,2,2,2,4, , , , , ,4,4,9,4, , , ,3, , , , , , , , , , ,2, , ,1,2, , , , , , , , , , , , , , , , , , , , , , , , , , , , , , , , , , , , , , , , , , , , , , , , , , , , , , , , , , , , , , , , , , , , , , , , , , , , , , , , , , , , , , , , , , , , , , , , , , , , , , , , , , , , , , , , ,2, ,27, , , , , , , , , , , , , , , , , , , , , , , , , , , , , , , , , , , , , , , ,6, , , , , , , , , , , , , , , , , , , , , , , , , , , , , , , , , ,1, , , , , , ,11, , , , , , , , , , , , , , , , , , , , , , , , , , , , , , , , , , , , , , , , , , , , , , , , , , , , , , , , , , , , , , , , , , , , ,2,2, , , , ,1, , , , , , , , , , , , , , , , , , , , , , , , , , , , , , , , , , , , , , , , , , , , , , , , , , , , , , , , , , , , , , ,2, , ,2, , , , , , , , , ,9, , , , , , , , , , , , , , , , , , , , , , , , , , , , , , , , , , , , , ,1/26/2024,1/26/2024,2
1202401,2,1.00805976048269,8066525,3,2,4,2,4,2,1,2,4, , , , , , , , , , , , , , , , , , , , , , , , , , , , , , , , , ,4,1,4, , , , , , , , , , , , , , , , , , , , , , , , , , , , , , , , , , , , , , , , , , , , , , , , , , , , , , , , , , , , , , , , , , , , , , , , , , , , , , , , , , , , , , , , , , , , , , , , , , , , , , , , , , , , , , , , , , , , , , , , , , ,4, ,1, ,4, ,4, ,2, ,1, , ,4,3,4,4,4,1,3,1,3,1,1,2,2,2,3,2,2,3,1,3,4,1,2, , ,1,2,99, , , ,1, ,1,3,3, ,1,2,2,2,2,2,2,2,1,2,2,2,1,1,1,2,1, , , , , ,3,1,1,2,2, , ,3, , , , , , , , , , ,2, , ,1,2, , , , , , , , , , , , , , , , , , , , , , , , , , , , , , , , , , , , , , , , , , , , , , , , , , , , , , , , , , , , , , , , , , , , , , , , , , , , , , , , , , , , , , , , , , , , , , , , , , , , , , , , , , , , , , , , ,1, ,84, , , , , , , , , , , , , , , , , , , , , , , , , , , , , , , , , , , , , , , ,6, , , , , , , , , , , , , , , , , , , , , , , , , , , , , , , , , ,4, , , , , , ,7, , , , , , , , , , , , , , , , , , , , , , , , , , , , , , , , , , , , , , , , , , , , , , , , , , , , , , , , , , , , , , , , , , , , ,2,2, , , , ,2, , , , , , , , , , , , , , , , , , , , , , , , , , , , , , , , , , , , , , , , , , , , , , , , , , , , , , , , , , , , , , ,8, , ,1, , , , , , , , , ,8, , , , , , , , , , , , , , , , , , , , , , , , , , , , , , , , , , , , , ,1/29/2024,1/29/2024,2
1202401,2,.258625757265398,8066556,2,2,3,3,3,2,2,2,4, , , , , , , , , , , , , , , , , , , , , , , , , , , , , , , , , ,3,2,2, , , , , , , , , , , , , , , , , , , , , , , , , , , , , , , , , , , , , , , , , , , , , , , , , , , , , , , , , , , , , , , , , , , , , , , , , , , , , , , , , , , , , , , , , , , , , , , , , , , , , , , , , , , , , , , , , , , , , , , , , , ,3, ,4, ,3, ,4, ,3, ,2, , ,2,3,4,2,4,1,2,1,1,1,2,1,2,1,2,1,1,1,1,3,2,1,3, , ,1,99,99, , , ,1, ,3,6,7, ,1,2,1,2,1,2,2,2,2,2,2,2,1,1,1,1,4, , , , , ,4,4,4,2,2, , ,2, , , , , , , , , , ,2, , ,2,2, , , , , , , , , , , , , , , , , , , , , , , , , , , , , , , , , , , , , , , , , , , , , , , , , , , , , , , , , , , , , , , , , , , , , , , , , , , , , , , , , , , , , , , , , , , , , , , , , , , , , , , , , , , , , , , , ,1, ,70, , , , , , , , , , , , , , , , , , , , , , , , , , , , , , , , , , , , , , , ,10, , , , , , , , , , , , , , , , , , , , , , , , , , , , , , , , , ,2, , , , , , ,11, , , , , , , , , , , , , , , , , , , , , , , , , , , , , , , , , , , , , , , , , , , , , , , , , , , , , , , , , , , , , , , , , , , , ,1, , , , , ,2, , , , , , , , , , , , , , , , , , , , , , , , , , , , , , , , , , , , , , , , , , , , , , , , , , , , , , , , , , , , , , ,4, , ,1, , , , , , , , , ,1, , , , , , , , , , , , , , , , , , , , , , , , , , , , , , , , , , , , , ,2/4/2024,2/4/2024,2
1202401,2,.276352197553937,8066614,2,1,2,3,3,2,2,2,4, , , , , , , , , , , , , , , , , , , , , , , , , , , , , , , , , ,2,3,2, , , , , , , , , , , , , , , , , , , , , , , , , , , , , , , , , , , , , , , , , , , , , , , , , , , , , , , , , , , , , , , , , , , , , , , , , , , , , , , , , , , , , , , , , , , , , , , , , , , , , , , , , , , , , , , , , , , , , , , , , , ,2, ,4, ,3, ,4, ,2, ,1, , ,2,3,8,2,3,1,2,2,2,2,1,1,2,2,1,1,3,2,2,3,3,1,3, , ,1,1,99, , , ,2, ,3,7,7, ,1,3,8,2,1,2,2,2,2,2,1,2,1,8,8,2,4, , , , , ,2,3,2,4, , , ,3, , , , , , , , , , ,1, , ,2,2, , , , , , , , , , , , , , , , , , , , , , , , , , , , , , , , , , , , , , , , , , , , , , , , , , , , , , , , , , , , , , , , , , , , , , , , , , , , , , , , , , , , , , , , , , , , , , , , , , , , , , , , , , , , , , , , ,2, ,99, , , , ,4, , , , , , , , , , , , , , , , , , , , , , , , , , , , , , , , , , ,10, , , , , , , , , , , , , , , , , , , , , , , , , , , , , , , , , ,3, , , , , , ,3, , , , , , , , , , , , , , , , , , , , , , , , , , , , , , , , , , , , , , , , , , , , , , , , , , , , , , , , , , , , , , , , , , , , ,1, , , , , ,3, , , , , , , , , , , , , , , , , , , , , , , , , , , , , , , , , , , , , , , , , , , , , , , , , , , , , , , , , , , , , , ,2, , ,1, , , , , , , , , ,3, , , , , , , , , , , , , , , , , , , , , , , , , , , , , , , , , , , , , ,2/9/2024,2/9/2024,2
1202401,2,.372400761647422,8066844,2,2,2,2,4,2,2,2,4, , , , , , , , , , , , , , , , , , , , , , , , , , , , , , , , , ,9,9,9, , , , , , , , , , , , , , , , , , , , , , , , , , , , , , , , , , , , , , , , , , , , , , , , , , , , , , , , , , , , , , , , , , , , , , , , , , , , , , , , , , , , , , , , , , , , , , , , , , , , , , , , , , , , , , , , , , , , , , , , , , ,3, ,3, ,4, ,4, ,3, ,1, , ,2,2,4,3,2,1,2,1,1,1,1,1,1,3,2,2,2,1,2,2,1,1,2, , ,7,99,3, , , ,1, ,3,7,5, ,1,4,1,1,1,2,1,1,2,2,2,2,1,8,8,1,4, , , , , ,2,3,2,4, , , ,3, , , , , , , , , , ,2, , ,1,2, , , , , , , , , , , , , , , , , , , , , , , , , , , , , , , , , , , , , , , , , , , , , , , , , , , , , , , , , , , , , , , , , , , , , , , , , , , , , , , , , , , , , , , , , , , , , , , , , , , , , , , , , , , , , , , , ,1, ,99, , , , ,3, , , , , , , , , , , , , , , , , , , , , , , , , , , , , , , , , , ,10, , , , , , , , , , , , , , , , , , , , , , , , , , , , , , , , , ,9, , , , , , ,99,2, , , , , , , , , , , , , , , , , , , , , , , , , , , , , , , , , , , , , , , , , , , , , , , , , , , , , , , , , , , , , , , , , , , ,99,99, , , , ,99, , , , , , , , , , , , , , , , , , , , , , , , , , , , ,9, , , , , , , , , , , , , , , , , , , , , , , , , , , , , , , , , ,3, , ,1, , , , , , , , , ,3, , , , , , , , , , , , , , , , , , , , , , , , , , , , , , , , , , , , , ,2/28/2024,2/28/2024,2
1202401,2,2.2236502731267,8066846,3,2,2,2,3,2,2,1,4, , , , , , , , , , , , , , , , , , , , , , , , , , , , , , , , , ,2,3,2, , , , , , , , , , , , , , , , , , , , , , , , , , , , , , , , , , , , , , , , , , , , , , , , , , , , , , , , , , , , , , , , , , , , , , , , , , , , , , , , , , , , , , , , , , , , , , , , , , , , , , , , , , , , , , , , , , , , , , , , , , ,3, ,3, ,3, ,4, ,2, ,2, , ,8,3,2,3,2,1,2,1,1,8,1,1,2,2,1,2,3,2,2,2,2,1,2, , ,7,99,1, , , ,1, ,4,5,7, ,1,2,2,2,2,2,2,1,2,2,2,2,1,2,2,1,4, , , , , ,4,3,3,4, , , ,2, , , , , , , , , , ,2, , ,2,2, , , , , , , , , , , , , , , , , , , , , , , , , , , , , , , , , , , , , , , , , , , , , , , , , , , , , , , , , , , , , , , , , , , , , , , , , , , , , , , , , , , , , , , , , , , , , , , , , , , , , , , , , , , , , , , , ,1, ,21, , , , , , , , , , , , , , , , , , , , , , , , , , , , , , , , , , , , , , , ,5, , , , , , , , , , , , , , , , , , , , , , , , , , , , , , , , , ,4, , , , , , ,98,2, , , , , , , , , , , , , , , , , , , , , , , , , , , , , , , , , , , , , , , , , , , , , , , , , , , , , , , , , , , , , , , , , , , ,1, , , , , ,1, , , , , , , , , , , , , , , , , , , , , , , , , , , , , , , , , , , , , , , , , , , , , , , , , , , , , , , , , , , , , , ,4, , ,2, , , , , , , , , ,3, , , , , , , , , , , , , , , , , , , , , , , , , , , , , , , , , , , , , ,2/10/2024,2/10/2024,2
1202401,2,.781969451506936,8066849,4,1,3,2,8,8,8,8,8, , , , , , , , , , , , , , , , , , , , , , , , , , , , , , , , , ,2,2,2, , , , , , , , , , , , , , , , , , , , , , , , , , , , , , , , , , , , , , , , , , , , , , , , , , , , , , , , , , , , , , , , , , , , , , , , , , , , , , , , , , , , , , , , , , , , , , , , , , , , , , , , , , , , , , , , , , , , , , , , , , ,2, ,4, ,8, ,4, ,2, ,3, , ,3,3,8,4,3,2,1,1,4,1,2,2,2,2,1,1,4,1,1,4,1,1,3, , ,7,99,3, , , ,1, ,4,7,7, ,2,4,2,2,2,2,1,2,2,2,2,2,2,2,1,1,4, , , , , ,4,4,4,4, , , ,4, , , , , , , , , , ,2, , ,1,2, , , , , , , , , , , , , , , , , , , , , , , , , , , , , , , , , , , , , , , , , , , , , , , , , , , , , , , , , , , , , , , , , , , , , , , , , , , , , , , , , , , , , , , , , , , , , , , , , , , , , , , , , , , , , , , , ,1, ,61, , , , , , , , , , , , , , , , , , , , , , , , , , , , , , , , , , , , , , , ,6, , , , , , , , , , , , , , , , , , , , , , , , , , , , , , , , , ,4, , , , , , ,3, , , , , , , , , , , , , , , , , , , , , , , , , , , , , , , , , , , , , , , , , , , , , , , , , , , , , , , , , , , , , , , , , , , , ,3,3, , , , ,4, , , , , , , , , , , , , , , , , , , , , , , , , , , , , , , , , , , , , , , , , , , , , , , , , , , , , , , , , , , , , , ,8, , ,1, , , , , , , , , ,3, , , , , , , , , , , , , , , , , , , , , , , , , , , , , , , , , , , , , ,2/8/2024,2/8/2024,2
1202401,2,2.32038840669119,8066868,4,2,2,4,2,2,2,8,4, , , , , , , , , , , , , , , , , , , , , , , , , , , , , , , , , ,2,3,8, , , , , , , , , , , , , , , , , , , , , , , , , , , , , , , , , , , , , , , , , , , , , , , , , , , , , , , , , , , , , , , , , , , , , , , , , , , , , , , , , , , , , , , , , , , , , , , , , , , , , , , , , , , , , , , , , , , , , , , , , , ,3, ,4, ,3, ,4, ,8, ,2, , ,4,3,2,3,4,1,3,3,3,2,1,1,8,2,4,2,1,1,3,1,2,2,2, , ,7,99,3, , , ,1, ,3,6,7, ,2,2,1,2,1,2,2,2,2,2,2,2,1,1,2,1,4, , , , , ,4,4,4,4, , , ,4, , , , , , , , , , ,3, , ,2,8, , , , , , , , , , , , , , , , , , , , , , , , , , , , , , , , , , , , , , , , , , , , , , , , , , , , , , , , , , , , , , , , , , , , , , , , , , , , , , , , , , , , , , , , , , , , , , , , , , , , , , , , , , , , , , , , ,2, ,23, , , , , , , , , , , , , , , , , , , , , , , , , , , , , , , , , , , , , , , ,8, , , , , , , , , , , , , , , , , , , , , , , , , , , , , , , , , ,4, , , , , , ,3, , , , , , , , , , , , , , , , , , , , , , , , , , , , , , , , , , , , , , , , , , , , , , , , , , , , , , , , , , , , , , , , , , , , ,8,4, , , , ,98, , , , , , , , , , , , , , , , , , , , , , , , , , , , ,1, , , , ,1, , , , , , , , , , , , , , , , , , , , , , , , , , , , ,8, , ,1, , , , , , , , , ,3, , , , , , , , , , , , , , , , , , , , , , , , , , , , , , , , , , , , , ,3/4/2024,3/4/2024,2
1202401,2,.541300403742602,8067021,4,1,4,2,4,3,4,2,4, , , , , , , , , , , , , , , , , , , , , , , , , , , , , , , , , ,4,3,4, , , , , , , , , , , , , , , , , , , , , , , , , , , , , , , , , , , , , , , , , , , , , , , , , , , , , , , , , , , , , , , , , , , , , , , , , , , , , , , , , , , , , , , , , , , , , , , , , , , , , , , , , , , , , , , , , , , , , , , , , , ,4, ,4, ,4, ,4, ,2, ,2, , ,3,3,4,3,4,1,4,2,2,1,1,2,1,4,3,2,1,3,3,2,1,1,2, , ,1,2,99, , , ,2, ,3,6,7, ,2,3,1,1,1,1,2,2,2,2,2,2,1,2,2,1,3, , , , , ,4,4,4,4, , , ,2, , , , , , , , , , ,2, , ,1,2, , , , , , , , , , , , , , , , , , , , , , , , , , , , , , , , , , , , , , , , , , , , , , , , , , , , , , , , , , , , , , , , , , , , , , , , , , , , , , , , , , , , , , , , , , , , , , , , , , , , , , , , , , , , , , , , ,2, ,55, , , , , , , , , , , , , , , , , , , , , , , , , , , , , , , , , , , , , , , ,11, , , , , , , , , , , , , , , , , , , , , , , , , , , , , , , , , ,3, , , , , , ,6, , , , , , , , , , , , , , , , , , , , , , , , , , , , , , , , , , , , , , , , , , , , , , , , , , , , , , , , , , , , , , , , , , , , ,5,4, , , , ,99, , , , , , , , , , , , , , , , , , , , , , , , , , , , ,1, , , , ,2, , , , , , , , , , , , , , , , , , , , , , , , , , , , ,4, , ,1, , , , , , , , , ,8, , , , , , , , , , , , , , , , , , , , , , , , , , , , , , , , , , , , , ,2/6/2024,2/6/2024,2
1202401,2,1.49523588460544,8067220,4,2,3,1,3,3,4,4,4, , , , , , , , , , , , , , , , , , , , , , , , , , , , , , , , , ,4,1,4, , , , , , , , , , , , , , , , , , , , , , , , , , , , , , , , , , , , , , , , , , , , , , , , , , , , , , , , , , , , , , , , , , , , , , , , , , , , , , , , , , , , , , , , , , , , , , , , , , , , , , , , , , , , , , , , , , , , , , , , , , ,2, ,4, ,4, ,2, ,2, ,2, , ,3,3,3,2,4,1,3,3,3,3,1,1,2,2,2,2,1,2,3,3,3,1,2, , ,99,99,99, , , ,2, ,9,7,9, ,1,2,2,2,2,1,2,2,2,2,2,2,9,1,1,2,4, , , , , ,4,4,4,4, , , ,2, , , , , , , , , , ,1, , ,2,2, , , , , , , , , , , , , , , , , , , , , , , , , , , , , , , , , , , , , , , , , , , , , , , , , , , , , , , , , , , , , , , , , , , , , , , , , , , , , , , , , , , , , , , , , , , , , , , , , , , , , , , , , , , , , , , , ,1, ,64, , , , , , , , , , , , , , , , , , , , , , , , , , , , , , , , , , , , , , , ,9, , , , , , , , , , , , , , , , , , , , , , , , , , , , , , , , , ,2, , , , , , ,99,9, , , , , , , , , , , , , , , , , , , , , , , , , , , , , , , , , , , , , , , , , , , , , , , , , , , , , , , , , , , , , , , , , , , ,2,2, , , , ,2, , , , , , , , , , , , , , , , , , , , , , , , , , , , , , , , , , , , , , , , , , , , , , , , , , , , , , , , , , , , , , ,3, , ,2, , , , , , , , , ,1, , , , , , , , , , , , , , , , , , , , , , , , , , , , , , , , , , , , , ,4/21/2024,4/21/2024,2
1202401,2,.654595856150942,8067373,3,1,1,2,4,2,2,2,4, , , , , , , , , , , , , , , , , , , , , , , , , , , , , , , , , ,2,4,2, , , , , , , , , , , , , , , , , , , , , , , , , , , , , , , , , , , , , , , , , , , , , , , , , , , , , , , , , , , , , , , , , , , , , , , , , , , , , , , , , , , , , , , , , , , , , , , , , , , , , , , , , , , , , , , , , , , , , , , , , , ,2, ,4, ,4, ,4, ,2, ,4, , ,2,3,2,2,2,1,1,3,4,2,1,2,1,2,2,2,3,3,2,4,2,2,3, , ,7,99,3, , , ,1, ,4,7,6, ,1,8,2,2,2,2,2,2,2,2,2,2,8,1,8,1,4, , , , , ,4,4,4,4, , , ,2, , , , , , , , , , ,1, , ,1,2, , , , , , , , , , , , , , , , , , , , , , , , , , , , , , , , , , , , , , , , , , , , , , , , , , , , , , , , , , , , , , , , , , , , , , , , , , , , , , , , , , , , , , , , , , , , , , , , , , , , , , , , , , , , , , , , ,1, ,71, , , , , , , , , , , , , , , , , , , , , , , , , , , , , , , , , , , , , , , ,10, , , , , , , , , , , , , , , , , , , , , , , , , , , , , , , , , ,8, , , , , , ,11, , , , , , , , , , , , , , , , , , , , , , , , , , , , , , , , , , , , , , , , , , , , , , , , , , , , , , , , , , , , , , , , , , , , ,2,2, , , , ,1, , , , , , , , , , , , , , , , , , , , , , , , , , , , , , , , , , , , , , , , , , , , , , , , , , , , , , , , , , , , , , ,5, , ,2, , , , , , , , , ,3, , , , , , , , , , , , , , , , , , , , , , , , , , , , , , , , , , , , , ,2/8/2024,2/8/2024,2
1202401,2,1.09081863819401,8067693,3,2,2,3,3,3,2,2,4, , , , , , , , , , , , , , , , , , , , , , , , , , , , , , , , , ,3,2,2, , , , , , , , , , , , , , , , , , , , , , , , , , , , , , , , , , , , , , , , , , , , , , , , , , , , , , , , , , , , , , , , , , , , , , , , , , , , , , , , , , , , , , , , , , , , , , , , , , , , , , , , , , , , , , , , , , , , , , , , , , ,2, ,4, ,4, ,4, ,4, ,3, , ,2,2,2,2,2,1,1,1,2,1,1,1,1,2,2,2,1,1,1,2,1,1,2, , ,1,1,99, , , ,2, ,3,5,2, ,1,1,1,1,1,2,2,2,2,2,2,1,1,2,2,2,1, , , , , ,4,2,2,4, , , ,2, , , , , , , , , , ,1, , ,1,2, , , , , , , , , , , , , , , , , , , , , , , , , , , , , , , , , , , , , , , , , , , , , , , , , , , , , , , , , , , , , , , , , , , , , , , , , , , , , , , , , , , , , , , , , , , , , , , , , , , , , , , , , , , , , , , , ,2, ,58, , , , , , , , , , , , , , , , , , , , , , , , , , , , , , , , , , , , , , , ,9, , , , , , , , , , , , , , , , , , , , , , , , , , , , , , , , , ,4, , , , , , ,5, , , , , , , , , , , , , , , , , , , , , , , , , , , , , , , , , , , , , , , , , , , , , , , , , , , , , , , , , , , , , , , , , , , , ,2,2, , , , ,97, , , , , , , , , , , , , , , , , , , , , , , , , , , , ,2, , , , , , , , , , , , , , , , , , , , , , , , , , , , , , , , , ,3, , ,1, , , , , , , , , ,9, , , , , , , , , , , , , , , , , , , , , , , , , , , , , , , , , , , , , ,2/1/2024,2/1/2024,2
1202401,2,1.59716833481789,8067740,4,2,4,1,4,4,4,4,1, , , , , , , , , , , , , , , , , , , , , , , , , , , , , , , , , ,4,3,4, , , , , , , , , , , , , , , , , , , , , , , , , , , , , , , , , , , , , , , , , , , , , , , , , , , , , , , , , , , , , , , , , , , , , , , , , , , , , , , , , , , , , , , , , , , , , , , , , , , , , , , , , , , , , , , , , , , , , , , , , , ,4, ,1, ,4, ,1, ,4, ,4, , ,4,4,4,4,8,1,4,3,2,1,1,1,1,4,3,1,1,1,4,1,4,1,1, , ,1,2,99, , , ,2, ,1,2,1, ,1,1,2,2,2,1,2,2,2,2,2,2,1,2,2,1,1, , , , , ,1,9,8,1,1, , ,3, , , , , , , , , , ,2, , ,1,2, , , , , , , , , , , , , , , , , , , , , , , , , , , , , , , , , , , , , , , , , , , , , , , , , , , , , , , , , , , , , , , , , , , , , , , , , , , , , , , , , , , , , , , , , , , , , , , , , , , , , , , , , , , , , , , , ,1, ,69, , , , , , , , , , , , , , , , , , , , , , , , , , , , , , , , , , , , , , , ,7, , , , , , , , , , , , , , , , , , , , , , , , , , , , , , , , , ,5, , , , , , ,2, , , , , , , , , , , , , , , , , , , , , , , , , , , , , , , , , , , , , , , , , , , , , , , , , , , , , , , , , , , , , , , , , , , , ,2,2, , , , ,6, , , , , , , , , , , , , , , , , , , , , , , , , , , , , , , , , , , , , , , , , , , , , , , , , , , , , , , , , , , , , , ,3, , , ,1, , , , , , , , ,6, , , , , , , , , , , , , , , , , , , , , , , , , , , , , , , , , , , , , ,2/1/2024,2/1/2024,2
1202401,2,.71623216356855,8067792,4,2,4,1,3,3,3,2,2, , , , , , , , , , , , , , , , , , , , , , , , , , , , , , , , , ,4,2,4, , , , , , , , , , , , , , , , , , , , , , , , , , , , , , , , , , , , , , , , , , , , , , , , , , , , , , , , , , , , , , , , , , , , , , , , , , , , , , , , , , , , , , , , , , , , , , , , , , , , , , , , , , , , , , , , , , , , , , , , , , ,4, ,2, ,4, ,2, ,4, ,3, , ,3,3,3,3,2,3,4,3,3,2,1,1,2,3,3,2,3,3,3,1,3,2,2, , ,1,2,99, , , ,2, ,1,3,2, ,1,1,2,2,2,2,2,2,1,2,2,2,1,1,1,2,1, , , , , ,2,2,2,2,1, , ,3, , , , , , , , , , ,2, , ,2,2, , , , , , , , , , , , , , , , , , , , , , , , , , , , , , , , , , , , , , , , , , , , , , , , , , , , , , , , , , , , , , , , , , , , , , , , , , , , , , , , , , , , , , , , , , , , , , , , , , , , , , , , , , , , , , , , ,1, ,99, , , , ,9, , , , , , , , , , , , , , , , , , , , , , , , , , , , , , , , , , ,10, , , , , , , , , , , , , , , , , , , , , , , , , , , , , , , , , ,2, , , , , , ,99,9, , , , , , , , , , , , , , , , , , , , , , , , , , , , , , , , , , , , , , , , , , , , , , , , , , , , , , , , , , , , , , , , , , , ,99,99, , , , ,2, , , , , , , , , , , , , , , , , , , , , , , , , , , , , , , , , , , , , , , , , , , , , , , , , , , , , , , , , , , , , , ,4, , ,9, , , , , , , , , ,10, , , , , , , , , , , , , , , , , , , , , , , , , , , , , , , , , , , , , ,2/3/2024,2/3/2024,2
1202401,2,.290568824232012,8067904,3,2,2,2,3,2,1,1,4, , , , , , , , , , , , , , , , , , , , , , , , , , , , , , , , , ,3,3,1, , , , , , , , , , , , , , , , , , , , , , , , , , , , , , , , , , , , , , , , , , , , , , , , , , , , , , , , , , , , , , , , , , , , , , , , , , , , , , , , , , , , , , , , , , , , , , , , , , , , , , , , , , , , , , , , , , , , , , , , , , ,2, ,4, ,4, ,4, ,2, ,1, , ,2,2,2,2,2,2,2,2,2,1,1,2,1,1,1,1,1,1,2,2,1,1,2, , ,1,2,99, , , ,2, ,3,6,7, ,2,4,2,2,2,1,2,2,2,2,2,2,1,2,2,2,4, , , , , ,4,4,4,4, , , ,3, , , , , , , , , , ,1, , ,2,2, , , , , , , , , , , , , , , , , , , , , , , , , , , , , , , , , , , , , , , , , , , , , , , , , , , , , , , , , , , , , , , , , , , , , , , , , , , , , , , , , , , , , , , , , , , , , , , , , , , , , , , , , , , , , , , , ,1, ,80, , , , , , , , , , , , , , , , , , , , , , , , , , , , , , , , , , , , , , , ,10, , , , , , , , , , , , , , , , , , , , , , , , , , , , , , , , , ,3, , , , , , ,5, , , , , , , , , , , , , , , , , , , , , , , , , , , , , , , , , , , , , , , , , , , , , , , , , , , , , , , , , , , , , , , , , , , , ,2,2, , , , ,1, , , , , , , , , , , , , , , , , , , , , , , , , , , , , , , , , , , , , , , , , , , , , , , , , , , , , , , , , , , , , , ,3, , ,1, , , , , , , , , ,9, , , , , , , , , , , , , , , , , , , , , , , , , , , , , , , , , , , , , ,4/18/2024,4/18/2024,2
1202401,2,.783785908189012,8067905,4,2,4,1,4,1,2,2,3, , , , , , , , , , , , , , , , , , , , , , , , , , , , , , , , , ,4,2,2, , , , , , , , , , , , , , , , , , , , , , , , , , , , , , , , , , , , , , , , , , , , , , , , , , , , , , , , , , , , , , , , , , , , , , , , , , , , , , , , , , , , , , , , , , , , , , , , , , , , , , , , , , , , , , , , , , , , , , , , , , ,3, ,3, ,4, ,3, ,2, ,1, , ,3,2,3,2,4,1,2,2,3,3,2,1,1,1,2,1,3,1,2,2,2,1,2, , ,7,99,2, , , ,2, ,4,7,7, ,2,4,2,2,2,2,2,2,2,2,2,2,2,2,2,1,3, , , , , ,4,3,4,4, , , ,3, , , , , , , , , , ,3, , ,1,1, , , , , , , , , , , , , , , , , , , , , , , , , , , , , , , , , , , , , , , , , , , , , , , , , , , , , , , , , , , , , , , , , , , , , , , , , , , , , , , , , , , , , , , , , , , , , , , , , , , , , , , , , , , , , , , , ,1, ,24, , , , , , , , , , , , , , , , , , , , , , , , , , , , , , , , , , , , , , , ,10, , , , , , , , , , , , , , , , , , , , , , , , , , , , , , , , , ,3, , , , , , ,5, , , , , , , , , , , , , , , , , , , , , , , , , , , , , , , , , , , , , , , , , , , , , , , , , , , , , , , , , , , , , , , , , , , , ,2,2, , , , ,6, , , , , , , , , , , , , , , , , , , , , , , , , , , , , , , , , , , , , , , , , , , , , , , , , , , , , , , , , , , , , , ,4, , ,2, , , , , , , , , ,9, , , , , , , , , , , , , , , , , , , , , , , , , , , , , , , , , , , , , ,2/2/2024,2/2/2024,2
1202401,2,2.43256932414706,8067993,3,1,2,4,4,2,1,2,4, , , , , , , , , , , , , , , , , , , , , , , , , , , , , , , , , ,3,4,1, , , , , , , , , , , , , , , , , , , , , , , , , , , , , , , , , , , , , , , , , , , , , , , , , , , , , , , , , , , , , , , , , , , , , , , , , , , , , , , , , , , , , , , , , , , , , , , , , , , , , , , , , , , , , , , , , , , , , , , , , , ,2, ,4, ,4, ,3, ,3, ,1, , ,2,2,3,1,9,1,3,2,3,3,1,2,2,2,1,1,2,1,2,4,3,1,3, , ,7,99,2, , , ,2, ,3,7,7, ,2,1,1,1,1,2,1,1,2,2,2,2,1,2,2,2,4, , , , , ,4,4,2,4, , , ,2, , , , , , , , , , ,2, , ,1,2, , , , , , , , , , , , , , , , , , , , , , , , , , , , , , , , , , , , , , , , , , , , , , , , , , , , , , , , , , , , , , , , , , , , , , , , , , , , , , , , , , , , , , , , , , , , , , , , , , , , , , , , , , , , , , , , ,2, ,33, , , , , , , , , , , , , , , , , , , , , , , , , , , , , , , , , , , , , , , ,9, , , , , , , , , , , , , , , , , , , , , , , , , , , , , , , , , ,3, , , , , , ,9, , , , , , , , , , , , , , , , , , , , , , , , , , , , , , , , , , , , , , , , , , , , , , , , , , , , , , , , , , , , , , , , , , , , ,4,2, , , , ,3, , , , , , , , , , , , , , , , , , , , , , , , , , , , , , , , , , , , , , , , , , , , , , , , , , , , , , , , , , , , , , ,9, , ,2, , , , , , , , , ,6, , , , , , , , , , , , , , , , , , , , , , , , , , , , , , , , , , , , , ,1/25/2024,1/25/2024,2
1202401,2,.555100308092024,8068115,2,2,2,2,3,2,2,2,4, , , , , , , , , , , , , , , , , , , , , , , , , , , , , , , , , ,3,3,3, , , , , , , , , , , , , , , , , , , , , , , , , , , , , , , , , , , , , , , , , , , , , , , , , , , , , , , , , , , , , , , , , , , , , , , , , , , , , , , , , , , , , , , , , , , , , , , , , , , , , , , , , , , , , , , , , , , , , , , , , , ,3, ,4, ,4, ,4, ,2, ,2, , ,2,2,2,1,3,1,3,2,3,2,1,1,1,1,1,2,1,1,1,4,1,1,2, , ,7,99,1, , , ,1, ,4,7,7, ,2,3,2,2,2,2,2,1,2,2,2,2,2,1,1,2,4, , , , , ,4,4,3,4, , , ,3, , , , , , , , , , ,2, , ,2,1, , , , , , , , , , , , , , , , , , , , , , , , , , , , , , , , , , , , , , , , , , , , , , , , , , , , , , , , , , , , , , , , , , , , , , , , , , , , , , , , , , , , , , , , , , , , , , , , , , , , , , , , , , , , , , , , ,1, ,55, , , , , , , , , , , , , , , , , , , , , , , , , , , , , , , , , , , , , , , ,6, , , , , , , , , , , , , , , , , , , , , , , , , , , , , , , , , ,3, , , , , , ,6, , , , , , , , , , , , , , , , , , , , , , , , , , , , , , , , , , , , , , , , , , , , , , , , , , , , , , , , , , , , , , , , , , , , ,3,1, , , , ,98, , , , , , , , , , , , , , , , , , , , , , , , , , , , ,2, , , , , , , , , , , , , , , , , , , , , , , , , , , , , , , , , ,3, , ,1, , , , , , , , , ,3, , , , , , , , , , , , , , , , , , , , , , , , , , , , , , , , , , , , , ,1/29/2024,1/29/2024,2
1202401,2,.933742509138181,8068145,2,1,1,2,3,2,8,8,4, , , , , , , , , , , , , , , , , , , , , , , , , , , , , , , , , ,1,2,2, , , , , , , , , , , , , , , , , , , , , , , , , , , , , , , , , , , , , , , , , , , , , , , , , , , , , , , , , , , , , , , , , , , , , , , , , , , , , , , , , , , , , , , , , , , , , , , , , , , , , , , , , , , , , , , , , , , , , , , , , , ,2, ,2, ,4, ,4, ,2, ,2, , ,2,2,2,2,2,3,3,3,3,8,1,1,1,1,1,1,3,2,3,3,3,2,3, , ,7,99,3, , , ,1, ,3,6,6, ,2,2,2,2,8,8,2,1,2,2,2,2,1,1,1,1,4, , , , , ,4,3,1,2,2, , ,8, , , , , , , , , , ,1, , ,2,1, , , , , , , , , , , , , , , , , , , , , , , , , , , , , , , , , , , , , , , , , , , , , , , , , , , , , , , , , , , , , , , , , , , , , , , , , , , , , , , , , , , , , , , , , , , , , , , , , , , , , , , , , , , , , , , , ,2, ,59, , , , , , , , , , , , , , , , , , , , , , , , , , , , , , , , , , , , , , , ,10, , , , , , , , , , , , , , , , , , , , , , , , , , , , , , , , , ,3, , , , , , ,11, , , , , , , , , , , , , , , , , , , , , , , , , , , , , , , , , , , , , , , , , , , , , , , , , , , , , , , , , , , , , , , , , , , , ,2,2, , , , ,1, , , , , , , , , , , , , , , , , , , , , , , , , , , , , , , , , , , , , , , , , , , , , , , , , , , , , , , , , , , , , , ,8, , ,2, , , , , , , , , ,1, , , , , , , , , , , , , , , , , , , , , , , , , , , , , , , , , , , , , ,2/12/2024,2/12/2024,2
1202401,2,2.43256932414706,8068312,3,2,2,3,4,2,2,2,4, , , , , , , , , , , , , , , , , , , , , , , , , , , , , , , , , ,3,3,3, , , , , , , , , , , , , , , , , , , , , , , , , , , , , , , , , , , , , , , , , , , , , , , , , , , , , , , , , , , , , , , , , , , , , , , , , , , , , , , , , , , , , , , , , , , , , , , , , , , , , , , , , , , , , , , , , , , , , , , , , , ,2, ,4, ,4, ,4, ,2, ,2, , ,2,3,4,3,2,3,4,3,3,3,1,1,1,1,1,1,4,3,2,1,2,2,3, , ,99,99,99, , , ,2, ,2,4,3, ,1,2,2,2,1,1,1,1,2,1,1,1,1,9,1,2,4, , , , , ,4,4,2,4, , , ,3, , , , , , , , , , ,2, , ,3,2, , , , , , , , , , , , , , , , , , , , , , , , , , , , , , , , , , , , , , , , , , , , , , , , , , , , , , , , , , , , , , , , , , , , , , , , , , , , , , , , , , , , , , , , , , , , , , , , , , , , , , , , , , , , , , , , ,2, ,47, , , , , , , , , , , , , , , , , , , , , , , , , , , , , , , , , , , , , , , ,9, , , , , , , , , , , , , , , , , , , , , , , , , , , , , , , , , ,3, , , , , , ,8, , , , , , , , , , , , , , , , , , , , , , , , , , , , , , , , , , , , , , , , , , , , , , , , , , , , , , , , , , , , , , , , , , , , ,3,2, , , , ,1, , , , , , , , , , , , , , , , , , , , , , , , , , , , , , , , , , , , , , , , , , , , , , , , , , , , , , , , , , , , , , ,3, , ,2, , , , , , , , , ,9, , , , , , , , , , , , , , , , , , , , , , , , , , , , , , , , , , , , , ,1/28/2024,1/28/2024,2
1202401,2,1.88968145269621,8068502,3,2,3,2,4,3,2,2,4, , , , , , , , , , , , , , , , , , , , , , , , , , , , , , , , , ,3,3,3, , , , , , , , , , , , , , , , , , , , , , , , , , , , , , , , , , , , , , , , , , , , , , , , , , , , , , , , , , , , , , , , , , , , , , , , , , , , , , , , , , , , , , , , , , , , , , , , , , , , , , , , , , , , , , , , , , , , , , , , , , ,4, ,4, ,4, ,4, ,4, ,4, , ,4,4,4,4,4,2,2,1,3,1,1,1,1,3,3,1,1,2,2,1,1,9,1, , ,1,2,99, , , ,2, ,1,5,1, ,1,1,2,2,2,2,2,2,2,2,2,2,1,1,1,2,1, , , , , ,1,1,1,1,1, , ,1, , , , , , , , , , ,3, , ,4, , , , , , , , , , , , , , , , , , , , , , , , , , , , , , , , , , , , , , , , , , , , , , , , , , , , , , , , , , , , , , , , , , , , , , , , , , , , , , , , , , , , , , , , , , , , , , , , , , , , , , , , , , , , , , , , , ,2, ,63, , , , , , , , , , , , , , , , , , , , , , , , , , , , , , , , , , , , , , , ,4, , , , , , , , , , , , , , , , , , , , , , , , , , , , , , , , , ,1, , , , , , ,2, , , , , , , , , , , , , , , , , , , , , , , , , , , , , , , , , , , , , , , , , , , , , , , , , , , , , , , , , , , , , , , , , , , , ,2,2, , , , ,99, , , , , , , , , , , , , , , , , , , , , , , , , , , , ,9, , , , , , , , , , , , , , , , , , , , , , , , , , , , , , , , , ,4, , ,2, , , , , , , , , ,2, , , , , , , , , , , , , , , , , , , , , , , , , , , , , , , , , , , , , ,1/26/2024,1/26/2024,2